case_id,institution,laboratory,test,city,category,application_year,years_since_application,status,status_label,inference
2023LDTB0038,中國醫藥大學附設醫院,基因醫學部細胞遺傳研究室,其他染色體分析,臺中市,產前及新生兒染色體與基因變異檢測,2023,3,opportunity,機會・2023・第 3 年,目前資料未見較新相同機構／實驗室／檢測案件；待確認
2023LDTB0039,中國醫藥大學附設醫院,基因醫學部細胞遺傳研究室,絨毛染色體分析(處理培養檢查與染色體判讀檢查),臺中市,產前及新生兒染色體與基因變異檢測,2023,3,opportunity,機會・2023・第 3 年,目前資料未見較新相同機構／實驗室／檢測案件；待確認
2023LDTB0035,中國醫藥大學附設醫院,基因醫學部細胞遺傳研究室,羊水染色體分析,臺中市,產前及新生兒染色體與基因變異檢測,2023,3,opportunity,機會・2023・第 3 年,目前資料未見較新相同機構／實驗室／檢測案件；待確認
2023LDTB0036,中國醫藥大學附設醫院,基因醫學部細胞遺傳研究室,血液染色體分析,臺中市,產前及新生兒染色體與基因變異檢測,2023,3,opportunity,機會・2023・第 3 年,目前資料未見較新相同機構／實驗室／檢測案件；待確認
2023LDTB0443,佑民醫療社團法人佑民醫院,創源分生實驗室,X染色體脆折症帶因篩檢,南投縣,產前及新生兒染色體與基因變異檢測,2023,3,opportunity,機會・2023・第 3 年,目前資料未見較新相同機構／實驗室／檢測案件；待確認
2023LDTB0445,佑民醫療社團法人佑民醫院,創源分生實驗室,唐氏症次世代定序篩檢,南投縣,產前及新生兒染色體與基因變異檢測,2023,3,opportunity,機會・2023・第 3 年,目前資料未見較新相同機構／實驗室／檢測案件；待確認
2023LDTB0444,佑民醫療社團法人佑民醫院,創源分生實驗室,脊髓性肌肉萎縮症帶因篩檢,南投縣,產前及新生兒染色體與基因變異檢測,2023,3,opportunity,機會・2023・第 3 年,目前資料未見較新相同機構／實驗室／檢測案件；待確認
2023LDTB0291,佑生婦產科診所,華聯中心實驗室,CytoOneArray染色體晶片分析,臺南市,產前及新生兒染色體與基因變異檢測,2023,3,opportunity,機會・2023・第 3 年,目前資料未見較新相同機構／實驗室／檢測案件；待確認
2023LDTB0121,佩佩婦幼診所,特殊生化組實驗室,X染色體脆折症帶原檢查,臺北市,遺傳代謝與罕見疾病之基因檢測,2023,3,opportunity,機會・2023・第 3 年,目前資料未見較新相同機構／實驗室／檢測案件；待確認
2023LDTB0120,佩佩婦幼診所,特殊生化組實驗室,脊髓性肌肉萎縮症帶原檢查,臺北市,遺傳代謝與罕見疾病之基因檢測,2023,3,opportunity,機會・2023・第 3 年,目前資料未見較新相同機構／實驗室／檢測案件；待確認
2023LDTB0317,俊亨婦產科診所,創源分生實驗室,NIPT非侵入性胎兒染色體檢測Q寶,新北市,產前及新生兒染色體與基因變異檢測,2023,3,opportunity,機會・2023・第 3 年,目前資料未見較新相同機構／實驗室／檢測案件；待確認
2023LDTB0318,俊亨婦產科診所,創源分生實驗室,NIPT非侵入性胎兒染色體檢測Q寶PLUS十四合一,新北市,產前及新生兒染色體與基因變異檢測,2023,3,opportunity,機會・2023・第 3 年,目前資料未見較新相同機構／實驗室／檢測案件；待確認
2023LDTB0319,俊亨婦產科診所,創源分生實驗室,SNP晶片染色體篩檢-750K,新北市,產前及新生兒染色體與基因變異檢測,2023,3,opportunity,機會・2023・第 3 年,目前資料未見較新相同機構／實驗室／檢測案件；待確認
2023LDTB0315,俊亨婦產科診所,創源分生實驗室,X染色體脆折症帶因篩檢,新北市,產前及新生兒染色體與基因變異檢測,2023,3,opportunity,機會・2023・第 3 年,目前資料未見較新相同機構／實驗室／檢測案件；待確認
2023LDTB0316,俊亨婦產科診所,創源分生實驗室,脊髓性肌肉萎縮症帶因篩檢,新北市,產前及新生兒染色體與基因變異檢測,2023,3,opportunity,機會・2023・第 3 年,目前資料未見較新相同機構／實驗室／檢測案件；待確認
2023LDTB0689,優生醫療社團法人優生醫院,華聯中心實驗室,CytoOneArray染色體晶片分析,屏東縣,產前及新生兒染色體與基因變異檢測,2023,3,opportunity,機會・2023・第 3 年,目前資料未見較新相同機構／實驗室／檢測案件；待確認
2023LDTB0107,優生醫療社團法人優生醫院,創源分生實驗室,NIPT非侵入性胎兒染色體檢測Q寶PLUS十四合一,屏東縣,產前及新生兒染色體與基因變異檢測,2023,3,opportunity,機會・2023・第 3 年,目前資料未見較新相同機構／實驗室／檢測案件；待確認
2023LDTB0106,優生醫療社團法人優生醫院,創源分生實驗室,唐氏症次世代定序篩檢,屏東縣,產前及新生兒染色體與基因變異檢測,2023,3,opportunity,機會・2023・第 3 年,目前資料未見較新相同機構／實驗室／檢測案件；待確認
2023LDTB0067,元程婦產科診所,創源分生實驗室,NIPT非侵入性胎兒染色體檢測Q寶,新北市,產前及新生兒染色體與基因變異檢測,2023,3,opportunity,機會・2023・第 3 年,目前資料未見較新相同機構／實驗室／檢測案件；待確認
2023LDTB0068,元程婦產科診所,創源分生實驗室,NIPT非侵入性胎兒染色體檢測Q寶PLUS十四合一,新北市,產前及新生兒染色體與基因變異檢測,2023,3,opportunity,機會・2023・第 3 年,目前資料未見較新相同機構／實驗室／檢測案件；待確認
2023LDTB0064,元程婦產科診所,創源分生實驗室,X染色體脆折症帶因篩檢,新北市,產前及新生兒染色體與基因變異檢測,2023,3,opportunity,機會・2023・第 3 年,目前資料未見較新相同機構／實驗室／檢測案件；待確認
2023LDTB0066,元程婦產科診所,創源分生實驗室,唐氏症次世代定序篩檢,新北市,產前及新生兒染色體與基因變異檢測,2023,3,opportunity,機會・2023・第 3 年,目前資料未見較新相同機構／實驗室／檢測案件；待確認
2023LDTB0065,元程婦產科診所,創源分生實驗室,脊髓性肌肉萎縮症帶因篩檢,新北市,產前及新生兒染色體與基因變異檢測,2023,3,opportunity,機會・2023・第 3 年,目前資料未見較新相同機構／實驗室／檢測案件；待確認
2023LDTB0374,光田醫療社團法人光田綜合醫院,創源分生實驗室,NIPT非侵入性胎兒染色體檢測Q寶,臺中市,產前及新生兒染色體與基因變異檢測,2023,3,opportunity,機會・2023・第 3 年,目前資料未見較新相同機構／實驗室／檢測案件；待確認
2023LDTB0375,光田醫療社團法人光田綜合醫院,創源分生實驗室,NIPT非侵入性胎兒染色體檢測Q寶PLUS十四合一,臺中市,產前及新生兒染色體與基因變異檢測,2023,3,opportunity,機會・2023・第 3 年,目前資料未見較新相同機構／實驗室／檢測案件；待確認
2023LDTB0373,光田醫療社團法人光田綜合醫院,創源分生實驗室,SNP晶片染色體篩檢-750K,臺中市,產前及新生兒染色體與基因變異檢測,2023,3,opportunity,機會・2023・第 3 年,目前資料未見較新相同機構／實驗室／檢測案件；待確認
2023LDTB0376,光田醫療社團法人光田綜合醫院,慧智基因醫學實驗室,X染色體脆折症基因檢測-FMR1基因,臺中市,產前及新生兒染色體與基因變異檢測,2023,3,opportunity,機會・2023・第 3 年,目前資料未見較新相同機構／實驗室／檢測案件；待確認
2023LDTB0379,光田醫療社團法人光田綜合醫院,慧智基因醫學實驗室,先天中樞性換氣不足症候群基因檢測,臺中市,產前及新生兒染色體與基因變異檢測,2023,3,opportunity,機會・2023・第 3 年,目前資料未見較新相同機構／實驗室／檢測案件；待確認
2023LDTB0378,光田醫療社團法人光田綜合醫院,慧智基因醫學實驗室,感覺神經性聽損基因檢測,臺中市,產前及新生兒染色體與基因變異檢測,2023,3,opportunity,機會・2023・第 3 年,目前資料未見較新相同機構／實驗室／檢測案件；待確認
2023LDTB0377,光田醫療社團法人光田綜合醫院,慧智基因醫學實驗室,慧智新生兒基因篩檢v1.0,臺中市,產前及新生兒染色體與基因變異檢測,2023,3,opportunity,機會・2023・第 3 年,目前資料未見較新相同機構／實驗室／檢測案件；待確認
2023LDTB0372,光田醫療社團法人光田綜合醫院,創源分生實驗室,脊髓性肌肉萎縮症帶因篩檢,臺中市,產前及新生兒染色體與基因變異檢測,2023,3,opportunity,機會・2023・第 3 年,目前資料未見較新相同機構／實驗室／檢測案件；待確認
2023LDTB0072,劉賢平婦產科診所,創源分生實驗室,NIPT非侵入性胎兒染色體檢測Q寶,臺北市,產前及新生兒染色體與基因變異檢測,2023,3,opportunity,機會・2023・第 3 年,目前資料未見較新相同機構／實驗室／檢測案件；待確認
2023LDTB0073,劉賢平婦產科診所,創源分生實驗室,NIPT非侵入性胎兒染色體檢測Q寶PLUS十四合一,臺北市,產前及新生兒染色體與基因變異檢測,2023,3,opportunity,機會・2023・第 3 年,目前資料未見較新相同機構／實驗室／檢測案件；待確認
2023LDTB0074,劉賢平婦產科診所,創源分生實驗室,SNP晶片染色體篩檢-750K,臺北市,產前及新生兒染色體與基因變異檢測,2023,3,opportunity,機會・2023・第 3 年,目前資料未見較新相同機構／實驗室／檢測案件；待確認
2023LDTB0069,劉賢平婦產科診所,創源分生實驗室,X染色體脆折症帶因篩檢,臺北市,產前及新生兒染色體與基因變異檢測,2023,3,opportunity,機會・2023・第 3 年,目前資料未見較新相同機構／實驗室／檢測案件；待確認
2023LDTB0071,劉賢平婦產科診所,創源分生實驗室,唐氏症次世代定序篩檢,臺北市,產前及新生兒染色體與基因變異檢測,2023,3,opportunity,機會・2023・第 3 年,目前資料未見較新相同機構／實驗室／檢測案件；待確認
2023LDTB0070,劉賢平婦產科診所,創源分生實驗室,脊髓性肌肉萎縮症帶因篩檢,臺北市,產前及新生兒染色體與基因變異檢測,2023,3,opportunity,機會・2023・第 3 年,目前資料未見較新相同機構／實驗室／檢測案件；待確認
2023LDTB0177,協和婦女醫院,創源分生實驗室,NIPT非侵入性胎兒染色體檢測Q寶PLUS十四合一,臺北市,產前及新生兒染色體與基因變異檢測,2023,3,opportunity,機會・2023・第 3 年,目前資料未見較新相同機構／實驗室／檢測案件；待確認
2023LDTB0126,協和婦女醫院,創源分生實驗室,SNP 晶片染色體篩檢-750K,臺北市,產前及新生兒染色體與基因變異檢測,2023,3,opportunity,機會・2023・第 3 年,目前資料未見較新相同機構／實驗室／檢測案件；待確認
2023LDTB0127,協和婦女醫院,創源分生實驗室,SNP 晶片染色體篩檢-HD,臺北市,產前及新生兒染色體與基因變異檢測,2023,3,opportunity,機會・2023・第 3 年,目前資料未見較新相同機構／實驗室／檢測案件；待確認
2023LDTB0178,博愛蕙馨醫院,創源分生實驗室,NIPT非侵入性胎兒染色體檢測Q寶PLUS十四合一,高雄市,產前及新生兒染色體與基因變異檢測,2023,3,opportunity,機會・2023・第 3 年,目前資料未見較新相同機構／實驗室／檢測案件；待確認
2023LDTB0125,博愛蕙馨醫院,創源分生實驗室,SNP 晶片染色體篩檢-750K,高雄市,產前及新生兒染色體與基因變異檢測,2023,3,opportunity,機會・2023・第 3 年,目前資料未見較新相同機構／實驗室／檢測案件；待確認
2023LDTB0123,博愛蕙馨醫院,創源分生實驗室,X染色體脆折症帶因篩檢,高雄市,產前及新生兒染色體與基因變異檢測,2023,3,opportunity,機會・2023・第 3 年,目前資料未見較新相同機構／實驗室／檢測案件；待確認
2023LDTB0124,博愛蕙馨醫院,創源分生實驗室,脊髓性肌肉萎縮症帶因篩檢,高雄市,產前及新生兒染色體與基因變異檢測,2023,3,opportunity,機會・2023・第 3 年,目前資料未見較新相同機構／實驗室／檢測案件；待確認
2023LDTB0383,博生婦產科診所,基龍米克斯實驗室,FMR1基因分子檢測,臺中市,產前及新生兒染色體與基因變異檢測,2023,3,opportunity,機會・2023・第 3 年,目前資料未見較新相同機構／實驗室／檢測案件；待確認
2023LDTB0384,博生婦產科診所,基龍米克斯實驗室,SMN1/SMN2基因分子檢測,臺中市,產前及新生兒染色體與基因變異檢測,2023,3,opportunity,機會・2023・第 3 年,目前資料未見較新相同機構／實驗室／檢測案件；待確認
2023LDTB0260,博生婦產科診所,創源分生實驗室,SNP晶片染色體篩檢-750K,臺中市,產前及新生兒染色體與基因變異檢測,2023,3,opportunity,機會・2023・第 3 年,目前資料未見較新相同機構／實驗室／檢測案件；待確認
2023LDTB0261,博生婦產科診所,創源分生實驗室,SNP晶片染色體篩檢-HD,臺中市,產前及新生兒染色體與基因變異檢測,2023,3,opportunity,機會・2023・第 3 年,目前資料未見較新相同機構／實驗室／檢測案件；待確認
2023LDTB0258,博生婦產科診所,創源分生實驗室,X染色體脆折症帶因篩檢,臺中市,產前及新生兒染色體與基因變異檢測,2023,3,opportunity,機會・2023・第 3 年,目前資料未見較新相同機構／實驗室／檢測案件；待確認
2023LDTB0259,博生婦產科診所,創源分生實驗室,脊髓性肌肉萎縮症帶因篩檢,臺中市,產前及新生兒染色體與基因變異檢測,2023,3,opportunity,機會・2023・第 3 年,目前資料未見較新相同機構／實驗室／檢測案件；待確認
2023LDTB0381,博生婦產科診所,彰化基督教醫療財團法人彰化基督教醫院基因醫學部,非侵入性胎兒染色體檢測-升級型,臺中市,產前及新生兒染色體與基因變異檢測,2023,3,opportunity,機會・2023・第 3 年,目前資料未見較新相同機構／實驗室／檢測案件；待確認
2023LDTB0380,博生婦產科診所,彰化基督教醫療財團法人彰化基督教醫院基因醫學部,非侵入性胎兒染色體檢測-基本型,臺中市,產前及新生兒染色體與基因變異檢測,2023,3,opportunity,機會・2023・第 3 年,目前資料未見較新相同機構／實驗室／檢測案件；待確認
2023LDTB0382,博生婦產科診所,彰化基督教醫療財團法人彰化基督教醫院基因醫學部,非侵入性胎兒染色體檢測-頂級型,臺中市,產前及新生兒染色體與基因變異檢測,2023,3,opportunity,機會・2023・第 3 年,目前資料未見較新相同機構／實驗室／檢測案件；待確認
2023LDTB0174,台南市立醫院(委託秀傳醫療社團法人經營),慧智基因醫學實驗室,X染色體脆折症基因檢測-FMR1 基因,臺南市,遺傳代謝與罕見疾病之基因檢測,2023,3,opportunity,機會・2023・第 3 年,目前資料未見較新相同機構／實驗室／檢測案件；待確認
2023LDTB0167,台南市立醫院(委託秀傳醫療社團法人經營),慧智基因醫學實驗室,慧智全方位複合式晶片檢測v1.0,臺南市,產前及新生兒染色體與基因變異檢測,2023,3,opportunity,機會・2023・第 3 年,目前資料未見較新相同機構／實驗室／檢測案件；待確認
2023LDTB0168,台南市立醫院(委託秀傳醫療社團法人經營),慧智基因醫學實驗室,慧智癌監控v1.0,臺南市,癌症篩檢、診斷、治療及預後之基因檢測,2023,3,opportunity,機會・2023・第 3 年,目前資料未見較新相同機構／實驗室／檢測案件；待確認
2023LDTB0169,台南市立醫院(委託秀傳醫療社團法人經營),慧智基因醫學實驗室,慧智癌監控v2.1,臺南市,癌症篩檢、診斷、治療及預後之基因檢測,2023,3,opportunity,機會・2023・第 3 年,目前資料未見較新相同機構／實驗室／檢測案件；待確認
2023LDTB0170,台南市立醫院(委託秀傳醫療社團法人經營),慧智基因醫學實驗室,慧智癌監控v2.2,臺南市,癌症篩檢、診斷、治療及預後之基因檢測,2023,3,opportunity,機會・2023・第 3 年,目前資料未見較新相同機構／實驗室／檢測案件；待確認
2023LDTB0171,台南市立醫院(委託秀傳醫療社團法人經營),慧智基因醫學實驗室,慧智癌監控v3.0,臺南市,癌症篩檢、診斷、治療及預後之基因檢測,2023,3,opportunity,機會・2023・第 3 年,目前資料未見較新相同機構／實驗室／檢測案件；待確認
2023LDTB0172,台南市立醫院(委託秀傳醫療社團法人經營),慧智基因醫學實驗室,慧智癌風險-BRCA1 2基因檢測,臺南市,癌症篩檢、診斷、治療及預後之基因檢測,2023,3,opportunity,機會・2023・第 3 年,目前資料未見較新相同機構／實驗室／檢測案件；待確認
2023LDTB0164,台南市立醫院(委託秀傳醫療社團法人經營),慧智基因醫學實驗室,慧智非侵產前染色體篩檢v1.0,臺南市,產前及新生兒染色體與基因變異檢測,2023,3,opportunity,機會・2023・第 3 年,目前資料未見較新相同機構／實驗室／檢測案件；待確認
2023LDTB0165,台南市立醫院(委託秀傳醫療社團法人經營),慧智基因醫學實驗室,慧智非侵產前染色體篩檢v2.0,臺南市,產前及新生兒染色體與基因變異檢測,2023,3,opportunity,機會・2023・第 3 年,目前資料未見較新相同機構／實驗室／檢測案件；待確認
2023LDTB0166,台南市立醫院(委託秀傳醫療社團法人經營),慧智基因醫學實驗室,慧智非侵產前染色體篩檢v3.0,臺南市,產前及新生兒染色體與基因變異檢測,2023,3,opportunity,機會・2023・第 3 年,目前資料未見較新相同機構／實驗室／檢測案件；待確認
2023LDTB0175,台南市立醫院(委託秀傳醫療社團法人經營),和平婦產科診所 細胞遺傳實驗室,細胞染色體檢查,臺南市,產前及新生兒染色體與基因變異檢測,2023,3,opportunity,機會・2023・第 3 年,目前資料未見較新相同機構／實驗室／檢測案件；待確認
2023LDTB0173,台南市立醫院(委託秀傳醫療社團法人經營),慧智基因醫學實驗室,脊髓性肌肉萎縮症基因檢測-SMN 基因,臺南市,產前及新生兒染色體與基因變異檢測,2023,3,opportunity,機會・2023・第 3 年,目前資料未見較新相同機構／實驗室／檢測案件；待確認
2023LDTB0225,台南市立醫院(委託秀傳醫療社團法人經營),麗寶醫事檢驗所,麗寶BRCA1/2 遺傳性基因檢測,臺南市,癌症篩檢、診斷、治療及預後之基因檢測,2023,3,opportunity,機會・2023・第 3 年,目前資料未見較新相同機構／實驗室／檢測案件；待確認
2023LDTB0446,台安診所,國立成功大學基因體醫學中心,非侵入性產前染色體檢測-NIPT1.0,臺南市,產前及新生兒染色體與基因變異檢測,2023,3,opportunity,機會・2023・第 3 年,目前資料未見較新相同機構／實驗室／檢測案件；待確認
2023LDTB0447,台安診所,國立成功大學基因體醫學中心,非侵入性產前染色體檢測-NIPT2.0,臺南市,產前及新生兒染色體與基因變異檢測,2023,3,opportunity,機會・2023・第 3 年,目前資料未見較新相同機構／實驗室／檢測案件；待確認
2023LDTB0711,台灣基督長老教會馬偕醫療財團法人淡水馬偕紀念醫院,創源分生實驗室,NIPT非侵入性胎兒染色體檢測Q寶,新北市,產前及新生兒染色體與基因變異檢測,2023,3,opportunity,機會・2023・第 3 年,目前資料未見較新相同機構／實驗室／檢測案件；待確認
2023LDTB0712,台灣基督長老教會馬偕醫療財團法人淡水馬偕紀念醫院,創源分生實驗室,NIPT非侵入性胎兒染色體檢測Q寶PLUS十四合一,新北市,產前及新生兒染色體與基因變異檢測,2023,3,opportunity,機會・2023・第 3 年,目前資料未見較新相同機構／實驗室／檢測案件；待確認
2023LDTB0709,台灣基督長老教會馬偕醫療財團法人淡水馬偕紀念醫院,創源分生實驗室,X染色體脆折症帶因篩檢,新北市,產前及新生兒染色體與基因變異檢測,2023,3,opportunity,機會・2023・第 3 年,目前資料未見較新相同機構／實驗室／檢測案件；待確認
2023LDTB0718,台灣基督長老教會馬偕醫療財團法人淡水馬偕紀念醫院,慧智基因醫學實驗室,感覺神經性聽損基因檢測,新北市,產前及新生兒染色體與基因變異檢測,2023,3,opportunity,機會・2023・第 3 年,目前資料未見較新相同機構／實驗室／檢測案件；待確認
2023LDTB0717,台灣基督長老教會馬偕醫療財團法人淡水馬偕紀念醫院,慧智基因醫學實驗室,慧智非侵產前染色體篩檢v2.0,新北市,產前及新生兒染色體與基因變異檢測,2023,3,opportunity,機會・2023・第 3 年,目前資料未見較新相同機構／實驗室／檢測案件；待確認
2023LDTB0710,台灣基督長老教會馬偕醫療財團法人淡水馬偕紀念醫院,創源分生實驗室,脊髓性肌肉萎縮症帶因篩檢,新北市,產前及新生兒染色體與基因變異檢測,2023,3,opportunity,機會・2023・第 3 年,目前資料未見較新相同機構／實驗室／檢測案件；待確認
2023LDTB0342,吳峻賢婦產科診所,創源分生實驗室,SNP晶片染色體篩檢-750K,臺南市,產前及新生兒染色體與基因變異檢測,2023,3,opportunity,機會・2023・第 3 年,目前資料未見較新相同機構／實驗室／檢測案件；待確認
2023LDTB0078,呂其嘉婦產科診所,創源分生實驗室,NIPT非侵入性胎兒染色體檢測Q寶,臺中市,產前及新生兒染色體與基因變異檢測,2023,3,opportunity,機會・2023・第 3 年,目前資料未見較新相同機構／實驗室／檢測案件；待確認
2023LDTB0079,呂其嘉婦產科診所,創源分生實驗室,NIPT非侵入性胎兒染色體檢測Q寶PLUS十四合一,臺中市,產前及新生兒染色體與基因變異檢測,2023,3,opportunity,機會・2023・第 3 年,目前資料未見較新相同機構／實驗室／檢測案件；待確認
2023LDTB0075,呂其嘉婦產科診所,創源分生實驗室,X染色體脆折症帶因篩檢,臺中市,產前及新生兒染色體與基因變異檢測,2023,3,opportunity,機會・2023・第 3 年,目前資料未見較新相同機構／實驗室／檢測案件；待確認
2023LDTB0077,呂其嘉婦產科診所,創源分生實驗室,唐氏症次世代定序篩檢,臺中市,產前及新生兒染色體與基因變異檢測,2023,3,opportunity,機會・2023・第 3 年,目前資料未見較新相同機構／實驗室／檢測案件；待確認
2023LDTB0076,呂其嘉婦產科診所,創源分生實驗室,脊髓性肌肉萎縮症帶因篩檢,臺中市,產前及新生兒染色體與基因變異檢測,2023,3,opportunity,機會・2023・第 3 年,目前資料未見較新相同機構／實驗室／檢測案件；待確認
2023LDTB0108,喜月婦產科診所,創源分生實驗室,X染色體脆折症帶因篩檢,臺中市,產前及新生兒染色體與基因變異檢測,2023,3,opportunity,機會・2023・第 3 年,目前資料未見較新相同機構／實驗室／檢測案件；待確認
2023LDTB0110,喜月婦產科診所,創源分生實驗室,唐氏症次世代定序篩檢,臺中市,產前及新生兒染色體與基因變異檢測,2023,3,opportunity,機會・2023・第 3 年,目前資料未見較新相同機構／實驗室／檢測案件；待確認
2023LDTB0109,喜月婦產科診所,創源分生實驗室,脊髓性肌肉萎縮症帶因篩檢,臺中市,產前及新生兒染色體與基因變異檢測,2023,3,opportunity,機會・2023・第 3 年,目前資料未見較新相同機構／實驗室／檢測案件；待確認
2023LDTB0019,國立台灣大學醫學院附設醫院,國立台灣大學醫學院附設醫院檢驗醫學部,(蠟塊切片)B細胞免疫球蛋白基因重排檢驗,臺北市,癌症篩檢、診斷、治療及預後之基因檢測,2023,3,opportunity,機會・2023・第 3 年,目前資料未見較新相同機構／實驗室／檢測案件；待確認
2023LDTB0021,國立台灣大學醫學院附設醫院,國立台灣大學醫學院附設醫院檢驗醫學部,(蠟塊切片)T細胞受體基因重排檢驗,臺北市,癌症篩檢、診斷、治療及預後之基因檢測,2023,3,opportunity,機會・2023・第 3 年,目前資料未見較新相同機構／實驗室／檢測案件；待確認
2023LDTB0018,國立台灣大學醫學院附設醫院,國立台灣大學醫學院附設醫院檢驗醫學部,B細胞免疫球蛋白基因重排檢驗,臺北市,癌症篩檢、診斷、治療及預後之基因檢測,2023,3,opportunity,機會・2023・第 3 年,目前資料未見較新相同機構／實驗室／檢測案件；待確認
2023LDTB0020,國立台灣大學醫學院附設醫院,國立台灣大學醫學院附設醫院檢驗醫學部,T細胞受體基因重排檢驗,臺北市,癌症篩檢、診斷、治療及預後之基因檢測,2023,3,opportunity,機會・2023・第 3 年,目前資料未見較新相同機構／實驗室／檢測案件；待確認
2023LDTB0022,國立台灣大學醫學院附設醫院,國立台灣大學醫學院附設醫院檢驗醫學部,急性骨髓性白血病之CEBPA突變基因篩檢,臺北市,癌症篩檢、診斷、治療及預後之基因檢測,2023,3,opportunity,機會・2023・第 3 年,目前資料未見較新相同機構／實驗室／檢測案件；待確認
2023LDTB0010,國立台灣大學醫學院附設醫院,國立台灣大學醫學院附設醫院檢驗醫學部,急性骨髓性白血病之FLT3/ITD突變篩檢,臺北市,癌症篩檢、診斷、治療及預後之基因檢測,2023,3,opportunity,機會・2023・第 3 年,目前資料未見較新相同機構／實驗室／檢測案件；待確認
2023LDTB0013,國立台灣大學醫學院附設醫院,國立台灣大學醫學院附設醫院檢驗醫學部,急性骨髓性白血病之FLT3/TKD突變篩檢,臺北市,癌症篩檢、診斷、治療及預後之基因檢測,2023,3,opportunity,機會・2023・第 3 年,目前資料未見較新相同機構／實驗室／檢測案件；待確認
2023LDTB0011,國立台灣大學醫學院附設醫院,國立台灣大學醫學院附設醫院檢驗醫學部,急性骨髓性白血病之NPM1突變篩檢,臺北市,癌症篩檢、診斷、治療及預後之基因檢測,2023,3,opportunity,機會・2023・第 3 年,目前資料未見較新相同機構／實驗室／檢測案件；待確認
2023LDTB0023,國立台灣大學醫學院附設醫院,國立台灣大學醫學院附設醫院檢驗醫學部,急性骨髓性白血病之RUNX1突變基因篩檢,臺北市,癌症篩檢、診斷、治療及預後之基因檢測,2023,3,opportunity,機會・2023・第 3 年,目前資料未見較新相同機構／實驗室／檢測案件；待確認
2023LDTB0024,國立台灣大學醫學院附設醫院,國立台灣大學醫學院附設醫院檢驗醫學部,急性骨髓性白血病之c-KIT突變基因篩檢,臺北市,癌症篩檢、診斷、治療及預後之基因檢測,2023,3,opportunity,機會・2023・第 3 年,目前資料未見較新相同機構／實驗室／檢測案件；待確認
2023LDTB0012,國立台灣大學醫學院附設醫院,國立台灣大學醫學院附設醫院檢驗醫學部,甲型地中海型貧血基因診斷,臺北市,遺傳代謝與罕見疾病之基因檢測,2023,3,opportunity,機會・2023・第 3 年,目前資料未見較新相同機構／實驗室／檢測案件；待確認
2023LDTB0014,國立台灣大學醫學院附設醫院,國立台灣大學醫學院附設醫院檢驗醫學部,白血病BCR-ABL1融合基因定量分析(含初次篩檢),臺北市,癌症篩檢、診斷、治療及預後之基因檢測,2023,3,opportunity,機會・2023・第 3 年,目前資料未見較新相同機構／實驗室／檢測案件；待確認
2023LDTB0015,國立台灣大學醫學院附設醫院,國立台灣大學醫學院附設醫院檢驗醫學部,白血病CBFB-MYH11融合基因定量分析(含初次篩檢),臺北市,癌症篩檢、診斷、治療及預後之基因檢測,2023,3,opportunity,機會・2023・第 3 年,目前資料未見較新相同機構／實驗室／檢測案件；待確認
2023LDTB0016,國立台灣大學醫學院附設醫院,國立台灣大學醫學院附設醫院檢驗醫學部,白血病PML-RARα融合基因定量分析(含初次篩檢),臺北市,癌症篩檢、診斷、治療及預後之基因檢測,2023,3,opportunity,機會・2023・第 3 年,目前資料未見較新相同機構／實驗室／檢測案件；待確認
2023LDTB0017,國立台灣大學醫學院附設醫院,國立台灣大學醫學院附設醫院檢驗醫學部,白血病RUNX1-RUNX1T1(t(8;21))融合基因定量分析(含初次篩檢),臺北市,癌症篩檢、診斷、治療及預後之基因檢測,2023,3,opportunity,機會・2023・第 3 年,目前資料未見較新相同機構／實驗室／檢測案件；待確認
2023LDTB0256,國軍桃園總醫院新竹分院附設民眾診療服務處,特殊生化組實驗室,X染色體脆折症,新竹市,遺傳代謝與罕見疾病之基因檢測,2023,3,opportunity,機會・2023・第 3 年,目前資料未見較新相同機構／實驗室／檢測案件；待確認
2023LDTB0255,國軍桃園總醫院新竹分院附設民眾診療服務處,特殊生化組實驗室,脊髓性肌肉萎縮症,新竹市,遺傳代謝與罕見疾病之基因檢測,2023,3,opportunity,機會・2023・第 3 年,目前資料未見較新相同機構／實驗室／檢測案件；待確認
2023LDTB0257,國軍桃園總醫院新竹分院附設民眾診療服務處,特殊生化組實驗室,非侵入性染色體檢查,新竹市,產前及新生兒染色體與基因變異檢測,2023,3,opportunity,機會・2023・第 3 年,目前資料未見較新相同機構／實驗室／檢測案件；待確認
2023LDTB0030,基督復臨安息日會醫療財團法人臺安醫院,創源分生實驗室,NIPT非侵入性胎兒染色體檢測Q寶,臺北市,產前及新生兒染色體與基因變異檢測,2023,3,opportunity,機會・2023・第 3 年,目前資料未見較新相同機構／實驗室／檢測案件；待確認
2023LDTB0031,基督復臨安息日會醫療財團法人臺安醫院,創源分生實驗室,NIPT非侵入性胎兒染色體檢測Q寶PLUS十四合一,臺北市,產前及新生兒染色體與基因變異檢測,2023,3,opportunity,機會・2023・第 3 年,目前資料未見較新相同機構／實驗室／檢測案件；待確認
2023LDTB0034,基督復臨安息日會醫療財團法人臺安醫院,創源分生實驗室,SNP晶片染色體篩檢-750K,臺北市,產前及新生兒染色體與基因變異檢測,2023,3,opportunity,機會・2023・第 3 年,目前資料未見較新相同機構／實驗室／檢測案件；待確認
2023LDTB0033,基督復臨安息日會醫療財團法人臺安醫院,創源分生實驗室,X染色體脆折症帶因篩檢,臺北市,產前及新生兒染色體與基因變異檢測,2023,3,opportunity,機會・2023・第 3 年,目前資料未見較新相同機構／實驗室／檢測案件；待確認
2023LDTB0032,基督復臨安息日會醫療財團法人臺安醫院,創源分生實驗室,脊髓性肌肉萎縮症帶因篩檢,臺北市,產前及新生兒染色體與基因變異檢測,2023,3,opportunity,機會・2023・第 3 年,目前資料未見較新相同機構／實驗室／檢測案件；待確認
2023LDTB2410,大安婦幼醫院,國立成功大學基因體醫學中心,FMR1基因分子檢測,臺南市,產前及新生兒染色體與基因變異檢測,2023,3,opportunity,機會・2023・第 3 年,目前資料未見較新相同機構／實驗室／檢測案件；待確認
2023LDTB2411,大安婦幼醫院,國立成功大學基因體醫學中心,PHOX2B基因分子檢測,臺南市,產前及新生兒染色體與基因變異檢測,2023,3,opportunity,機會・2023・第 3 年,目前資料未見較新相同機構／實驗室／檢測案件；待確認
2023LDTB2412,大安婦幼醫院,國立成功大學基因體醫學中心,SMN1／SMN2基因分子檢測,臺南市,產前及新生兒染色體與基因變異檢測,2023,3,opportunity,機會・2023・第 3 年,目前資料未見較新相同機構／實驗室／檢測案件；待確認
2023LDTB2413,大安婦幼醫院,國立成功大學基因體醫學中心,感覺神經性聽損基因檢測,臺南市,產前及新生兒染色體與基因變異檢測,2023,3,opportunity,機會・2023・第 3 年,目前資料未見較新相同機構／實驗室／檢測案件；待確認
2023LDTB2414,大安婦幼醫院,國立成功大學基因體醫學中心,胚胎著床前篩檢,臺南市,產前及新生兒染色體與基因變異檢測,2023,3,opportunity,機會・2023・第 3 年,目前資料未見較新相同機構／實驗室／檢測案件；待確認
2023LDTB2415,大安婦幼醫院,國立成功大學基因體醫學中心,非侵入性產前染色體檢測-NIPT1.0,臺南市,產前及新生兒染色體與基因變異檢測,2023,3,opportunity,機會・2023・第 3 年,目前資料未見較新相同機構／實驗室／檢測案件；待確認
2023LDTB0388,大新婦產科診所,基龍米克斯實驗室,FMR1基因分子檢測,臺中市,產前及新生兒染色體與基因變異檢測,2023,3,opportunity,機會・2023・第 3 年,目前資料未見較新相同機構／實驗室／檢測案件；待確認
2023LDTB0389,大新婦產科診所,基龍米克斯實驗室,SMN1/SMN2基因分子檢測,臺中市,產前及新生兒染色體與基因變異檢測,2023,3,opportunity,機會・2023・第 3 年,目前資料未見較新相同機構／實驗室／檢測案件；待確認
2023LDTB0386,大新婦產科診所,彰化基督教醫療財團法人彰化基督教醫院基因醫學部,非侵入性胎兒染色體檢測-升級型,臺中市,產前及新生兒染色體與基因變異檢測,2023,3,opportunity,機會・2023・第 3 年,目前資料未見較新相同機構／實驗室／檢測案件；待確認
2023LDTB0385,大新婦產科診所,彰化基督教醫療財團法人彰化基督教醫院基因醫學部,非侵入性胎兒染色體檢測-基本型,臺中市,產前及新生兒染色體與基因變異檢測,2023,3,opportunity,機會・2023・第 3 年,目前資料未見較新相同機構／實驗室／檢測案件；待確認
2023LDTB0387,大新婦產科診所,彰化基督教醫療財團法人彰化基督教醫院基因醫學部,非侵入性胎兒染色體檢測-頂級型,臺中市,產前及新生兒染色體與基因變異檢測,2023,3,opportunity,機會・2023・第 3 年,目前資料未見較新相同機構／實驗室／檢測案件；待確認
2023LDTB0650,天主教耕莘醫療財團法人永和耕莘醫院,創源分生實驗室,NIPT非侵入性胎兒染色體檢測Q寶,新北市,產前及新生兒染色體與基因變異檢測,2023,3,opportunity,機會・2023・第 3 年,目前資料未見較新相同機構／實驗室／檢測案件；待確認
2023LDTB0651,天主教耕莘醫療財團法人永和耕莘醫院,創源分生實驗室,NIPT非侵入性胎兒染色體檢測Q寶PLUS十四合一,新北市,產前及新生兒染色體與基因變異檢測,2023,3,opportunity,機會・2023・第 3 年,目前資料未見較新相同機構／實驗室／檢測案件；待確認
2023LDTB0703,天主教靈醫會醫療財團法人羅東聖母醫院,創源分生實驗室,NIPT非侵入性胎兒染色體檢測Q寶,宜蘭縣,產前及新生兒染色體與基因變異檢測,2023,3,opportunity,機會・2023・第 3 年,目前資料未見較新相同機構／實驗室／檢測案件；待確認
2023LDTB0704,天主教靈醫會醫療財團法人羅東聖母醫院,創源分生實驗室,NIPT非侵入性胎兒染色體檢測Q寶PLUS十四合一,宜蘭縣,產前及新生兒染色體與基因變異檢測,2023,3,opportunity,機會・2023・第 3 年,目前資料未見較新相同機構／實驗室／檢測案件；待確認
2023LDTB0705,天主教靈醫會醫療財團法人羅東聖母醫院,創源分生實驗室,SNP晶片染色體篩檢-750K,宜蘭縣,產前及新生兒染色體與基因變異檢測,2023,3,opportunity,機會・2023・第 3 年,目前資料未見較新相同機構／實驗室／檢測案件；待確認
2023LDTB0700,天主教靈醫會醫療財團法人羅東聖母醫院,創源分生實驗室,X染色體脆折症帶因篩檢,宜蘭縣,產前及新生兒染色體與基因變異檢測,2023,3,opportunity,機會・2023・第 3 年,目前資料未見較新相同機構／實驗室／檢測案件；待確認
2023LDTB0702,天主教靈醫會醫療財團法人羅東聖母醫院,創源分生實驗室,唐氏症次世代定序篩檢,宜蘭縣,產前及新生兒染色體與基因變異檢測,2023,3,opportunity,機會・2023・第 3 年,目前資料未見較新相同機構／實驗室／檢測案件；待確認
2023LDTB0701,天主教靈醫會醫療財團法人羅東聖母醫院,創源分生實驗室,脊髓性肌肉萎縮症帶因篩檢,宜蘭縣,產前及新生兒染色體與基因變異檢測,2023,3,opportunity,機會・2023・第 3 年,目前資料未見較新相同機構／實驗室／檢測案件；待確認
2023LDTB0122,天給婦產科診所,創源分生實驗室,脊髓性肌肉萎縮症帶因篩檢,新北市,產前及新生兒染色體與基因變異檢測,2023,3,opportunity,機會・2023・第 3 年,目前資料未見較新相同機構／實驗室／檢測案件；待確認
2023LDTB0028,奇美醫療財團法人奇美醫院,精準醫學核心實驗室,JAK2 V617F 基因突變檢測,臺南市,癌症篩檢、診斷、治療及預後之基因檢測,2023,3,opportunity,機會・2023・第 3 年,目前資料未見較新相同機構／實驗室／檢測案件；待確認
2023LDTB0029,奇美醫療財團法人奇美醫院,精準醫學核心實驗室,NPM1 基因突變檢測,臺南市,癌症篩檢、診斷、治療及預後之基因檢測,2023,3,opportunity,機會・2023・第 3 年,目前資料未見較新相同機構／實驗室／檢測案件；待確認
2023LDTB0027,奇美醫療財團法人奇美醫院,精準醫學核心實驗室,"c-KIT exon9, 11, 13, 17 基因突變檢測",臺南市,癌症篩檢、診斷、治療及預後之基因檢測,2023,3,opportunity,機會・2023・第 3 年,目前資料未見較新相同機構／實驗室／檢測案件；待確認
2023LDTB0273,婦茂婦幼診所,創源分生實驗室,SNP晶片染色體篩檢-750K,桃園市,產前及新生兒染色體與基因變異檢測,2023,3,opportunity,機會・2023・第 3 年,目前資料未見較新相同機構／實驗室／檢測案件；待確認
2023LDTB0274,婦茂婦幼診所,創源分生實驗室,SNP晶片染色體篩檢-HD,桃園市,產前及新生兒染色體與基因變異檢測,2023,3,opportunity,機會・2023・第 3 年,目前資料未見較新相同機構／實驗室／檢測案件；待確認
2023LDTB0271,婦茂婦幼診所,創源分生實驗室,X染色體脆折症帶因篩檢,桃園市,產前及新生兒染色體與基因變異檢測,2023,3,opportunity,機會・2023・第 3 年,目前資料未見較新相同機構／實驗室／檢測案件；待確認
2023LDTB0272,婦茂婦幼診所,創源分生實驗室,脊髓性肌肉萎縮症帶因篩檢,桃園市,產前及新生兒染色體與基因變異檢測,2023,3,opportunity,機會・2023・第 3 年,目前資料未見較新相同機構／實驗室／檢測案件；待確認
2023LDTB0192,媽媽咪亞診所,創源分生實驗室,NIPT非侵入性胎兒染色體檢測Q寶,臺中市,產前及新生兒染色體與基因變異檢測,2023,3,opportunity,機會・2023・第 3 年,目前資料未見較新相同機構／實驗室／檢測案件；待確認
2023LDTB0193,媽媽咪亞診所,創源分生實驗室,NIPT非侵入性胎兒染色體檢測Q寶PLUS十四合一,臺中市,產前及新生兒染色體與基因變異檢測,2023,3,opportunity,機會・2023・第 3 年,目前資料未見較新相同機構／實驗室／檢測案件；待確認
2023LDTB0189,媽媽咪亞診所,創源分生實驗室,X染色體脆折症帶因篩檢,臺中市,產前及新生兒染色體與基因變異檢測,2023,3,opportunity,機會・2023・第 3 年,目前資料未見較新相同機構／實驗室／檢測案件；待確認
2023LDTB0191,媽媽咪亞診所,創源分生實驗室,唐氏症次世代定序篩檢,臺中市,產前及新生兒染色體與基因變異檢測,2023,3,opportunity,機會・2023・第 3 年,目前資料未見較新相同機構／實驗室／檢測案件；待確認
2023LDTB0190,媽媽咪亞診所,創源分生實驗室,脊髓性肌肉萎縮症帶因篩檢,臺中市,產前及新生兒染色體與基因變異檢測,2023,3,opportunity,機會・2023・第 3 年,目前資料未見較新相同機構／實驗室／檢測案件；待確認
2023LDTB0300,安安婦兒聯合診所,創源分生實驗室,SNP晶片染色體篩檢-750K,雲林縣,產前及新生兒染色體與基因變異檢測,2023,3,opportunity,機會・2023・第 3 年,目前資料未見較新相同機構／實驗室／檢測案件；待確認
2023LDTB0301,安安婦兒聯合診所,創源分生實驗室,SNP晶片染色體篩檢-HD,雲林縣,產前及新生兒染色體與基因變異檢測,2023,3,opportunity,機會・2023・第 3 年,目前資料未見較新相同機構／實驗室／檢測案件；待確認
2023LDTB0830,安安婦兒聯合診所,慧智基因醫學實驗室,X染色體脆折症基因檢測-FMR1基因,雲林縣,遺傳代謝與罕見疾病之基因檢測,2023,3,opportunity,機會・2023・第 3 年,目前資料未見較新相同機構／實驗室／檢測案件；待確認
2023LDTB0834,安安婦兒聯合診所,慧智基因醫學實驗室,先天中樞性換氣不足症候群基因檢測,雲林縣,產前及新生兒染色體與基因變異檢測,2023,3,opportunity,機會・2023・第 3 年,目前資料未見較新相同機構／實驗室／檢測案件；待確認
2023LDTB0299,安安婦兒聯合診所,創源分生實驗室,唐氏症次世代定序篩檢,雲林縣,產前及新生兒染色體與基因變異檢測,2023,3,opportunity,機會・2023・第 3 年,目前資料未見較新相同機構／實驗室／檢測案件；待確認
2023LDTB0833,安安婦兒聯合診所,慧智基因醫學實驗室,感覺神經性聽損基因檢測,雲林縣,產前及新生兒染色體與基因變異檢測,2023,3,opportunity,機會・2023・第 3 年,目前資料未見較新相同機構／實驗室／檢測案件；待確認
2023LDTB0836,安安婦兒聯合診所,慧智基因醫學實驗室,慧智新生兒基因篩檢v1.0,雲林縣,產前及新生兒染色體與基因變異檢測,2023,3,opportunity,機會・2023・第 3 年,目前資料未見較新相同機構／實驗室／檢測案件；待確認
2023LDTB0831,安安婦兒聯合診所,慧智基因醫學實驗室,海洋性貧血基因檢測-HBA、HBB基因,雲林縣,遺傳代謝與罕見疾病之基因檢測,2023,3,opportunity,機會・2023・第 3 年,目前資料未見較新相同機構／實驗室／檢測案件；待確認
2023LDTB0832,安安婦兒聯合診所,慧智基因醫學實驗室,異位性皮膚炎過敏基因檢測-FLG基因,雲林縣,產前及新生兒染色體與基因變異檢測,2023,3,opportunity,機會・2023・第 3 年,目前資料未見較新相同機構／實驗室／檢測案件；待確認
2023LDTB0829,安安婦兒聯合診所,慧智基因醫學實驗室,脊髓性肌肉萎縮症基因檢測-SMN基因,雲林縣,產前及新生兒染色體與基因變異檢測,2023,3,opportunity,機會・2023・第 3 年,目前資料未見較新相同機構／實驗室／檢測案件；待確認
2023LDTB0101,安安婦幼診所,華聯中心實驗室,CytoOneArray 染色體晶片分析,臺南市,產前及新生兒染色體與基因變異檢測,2023,3,opportunity,機會・2023・第 3 年,目前資料未見較新相同機構／實驗室／檢測案件；待確認
2023LDTB0090,安安婦幼診所,國立成功大學基因體醫學中心,FMR1 基因分子檢測,臺南市,產前及新生兒染色體與基因變異檢測,2023,3,opportunity,機會・2023・第 3 年,目前資料未見較新相同機構／實驗室／檢測案件；待確認
2023LDTB0091,安安婦幼診所,國立成功大學基因體醫學中心,PHOX2B 基因分子檢測,臺南市,產前及新生兒染色體與基因變異檢測,2023,3,opportunity,機會・2023・第 3 年,目前資料未見較新相同機構／實驗室／檢測案件；待確認
2023LDTB0092,安安婦幼診所,國立成功大學基因體醫學中心,SMN1/SMN2基因分子檢測,臺南市,產前及新生兒染色體與基因變異檢測,2023,3,opportunity,機會・2023・第 3 年,目前資料未見較新相同機構／實驗室／檢測案件；待確認
2023LDTB0100,安安婦幼診所,國立成功大學基因體醫學中心,外顯子定序應用於致病位點檢測,臺南市,產前及新生兒染色體與基因變異檢測,2023,3,opportunity,機會・2023・第 3 年,目前資料未見較新相同機構／實驗室／檢測案件；待確認
2023LDTB0093,安安婦幼診所,國立成功大學基因體醫學中心,感覺神經性聽損基因檢測,臺南市,產前及新生兒染色體與基因變異檢測,2023,3,opportunity,機會・2023・第 3 年,目前資料未見較新相同機構／實驗室／檢測案件；待確認
2023LDTB0094,安安婦幼診所,國立成功大學基因體醫學中心,胚胎著床前篩檢,臺南市,產前及新生兒染色體與基因變異檢測,2023,3,opportunity,機會・2023・第 3 年,目前資料未見較新相同機構／實驗室／檢測案件；待確認
2023LDTB0095,安安婦幼診所,國立成功大學基因體醫學中心,非侵入性產前染色體檢測-NIPT1.0,臺南市,產前及新生兒染色體與基因變異檢測,2023,3,opportunity,機會・2023・第 3 年,目前資料未見較新相同機構／實驗室／檢測案件；待確認
2023LDTB0096,安安婦幼診所,國立成功大學基因體醫學中心,非侵入性產前染色體檢測-NIPT2.0,臺南市,產前及新生兒染色體與基因變異檢測,2023,3,opportunity,機會・2023・第 3 年,目前資料未見較新相同機構／實驗室／檢測案件；待確認
2023LDTB0097,安安婦幼診所,國立成功大學基因體醫學中心,非侵入性產前染色體檢測-NIPT3.0,臺南市,產前及新生兒染色體與基因變異檢測,2023,3,opportunity,機會・2023・第 3 年,目前資料未見較新相同機構／實驗室／檢測案件；待確認
2023LDTB0267,宋俊宏婦幼醫院,創源分生實驗室,NIPT非侵入性胎兒染色體檢測Q寶,桃園市,產前及新生兒染色體與基因變異檢測,2023,3,opportunity,機會・2023・第 3 年,目前資料未見較新相同機構／實驗室／檢測案件；待確認
2023LDTB0270,宋俊宏婦幼醫院,創源分生實驗室,SNP晶片染色體篩檢-750K,桃園市,產前及新生兒染色體與基因變異檢測,2023,3,opportunity,機會・2023・第 3 年,目前資料未見較新相同機構／實驗室／檢測案件；待確認
2023LDTB0268,宋俊宏婦幼醫院,創源分生實驗室,X染色體脆折症帶因篩檢,桃園市,產前及新生兒染色體與基因變異檢測,2023,3,opportunity,機會・2023・第 3 年,目前資料未見較新相同機構／實驗室／檢測案件；待確認
2023LDTB0269,宋俊宏婦幼醫院,創源分生實驗室,脊髓性肌肉萎縮症帶因篩檢,桃園市,產前及新生兒染色體與基因變異檢測,2023,3,opportunity,機會・2023・第 3 年,目前資料未見較新相同機構／實驗室／檢測案件；待確認
2023LDTB0187,家珊診所,創源分生實驗室,NIPT非侵入性胎兒染色體檢測Q寶,臺中市,產前及新生兒染色體與基因變異檢測,2023,3,opportunity,機會・2023・第 3 年,目前資料未見較新相同機構／實驗室／檢測案件；待確認
2023LDTB0188,家珊診所,創源分生實驗室,NIPT非侵入性胎兒染色體檢測Q寶PLUS十四合一,臺中市,產前及新生兒染色體與基因變異檢測,2023,3,opportunity,機會・2023・第 3 年,目前資料未見較新相同機構／實驗室／檢測案件；待確認
2023LDTB0184,家珊診所,創源分生實驗室,X染色體脆折症帶因篩檢,臺中市,產前及新生兒染色體與基因變異檢測,2023,3,opportunity,機會・2023・第 3 年,目前資料未見較新相同機構／實驗室／檢測案件；待確認
2023LDTB0186,家珊診所,創源分生實驗室,唐氏症次世代定序篩檢,臺中市,產前及新生兒染色體與基因變異檢測,2023,3,opportunity,機會・2023・第 3 年,目前資料未見較新相同機構／實驗室／檢測案件；待確認
2023LDTB0185,家珊診所,創源分生實驗室,脊髓性肌肉萎縮症帶因篩檢,臺中市,產前及新生兒染色體與基因變異檢測,2023,3,opportunity,機會・2023・第 3 年,目前資料未見較新相同機構／實驗室／檢測案件；待確認
2023LDTB0331,小港安生婦產科診所,創源分生實驗室,NIPT非侵入性胎兒染色體檢測Q寶,高雄市,產前及新生兒染色體與基因變異檢測,2023,3,opportunity,機會・2023・第 3 年,目前資料未見較新相同機構／實驗室／檢測案件；待確認
2023LDTB0332,小港安生婦產科診所,創源分生實驗室,NIPT非侵入性胎兒染色體檢測Q寶PLUS十四合一,高雄市,產前及新生兒染色體與基因變異檢測,2023,3,opportunity,機會・2023・第 3 年,目前資料未見較新相同機構／實驗室／檢測案件；待確認
2023LDTB0334,小港安生婦產科診所,創源分生實驗室,X染色體脆折症帶因篩檢,高雄市,產前及新生兒染色體與基因變異檢測,2023,3,opportunity,機會・2023・第 3 年,目前資料未見較新相同機構／實驗室／檢測案件；待確認
2023LDTB0330,小港安生婦產科診所,創源分生實驗室,唐氏症次世代定序篩檢,高雄市,產前及新生兒染色體與基因變異檢測,2023,3,opportunity,機會・2023・第 3 年,目前資料未見較新相同機構／實驗室／檢測案件；待確認
2023LDTB0333,小港安生婦產科診所,創源分生實驗室,脊髓性肌肉萎縮症帶因篩檢,高雄市,產前及新生兒染色體與基因變異檢測,2023,3,opportunity,機會・2023・第 3 年,目前資料未見較新相同機構／實驗室／檢測案件；待確認
2023LDTB0119,張婦產科診所,創源分生實驗室,唐氏症次世代定序篩檢,新北市,產前及新生兒染色體與基因變異檢測,2023,3,opportunity,機會・2023・第 3 年,目前資料未見較新相同機構／實驗室／檢測案件；待確認
2023LDTB0118,張婦產科診所,創源分生實驗室,脊髓性肌肉萎縮症帶因篩檢,新北市,產前及新生兒染色體與基因變異檢測,2023,3,opportunity,機會・2023・第 3 年,目前資料未見較新相同機構／實驗室／檢測案件；待確認
2023LDTB0359,張榮州婦產科診所,創源分生實驗室,X染色體脆折症帶因篩檢,高雄市,產前及新生兒染色體與基因變異檢測,2023,3,opportunity,機會・2023・第 3 年,目前資料未見較新相同機構／實驗室／檢測案件；待確認
2023LDTB0362,張榮州婦產科診所,創源分生實驗室,唐氏症次世代定序篩檢,高雄市,產前及新生兒染色體與基因變異檢測,2023,3,opportunity,機會・2023・第 3 年,目前資料未見較新相同機構／實驗室／檢測案件；待確認
2023LDTB0361,張榮州婦產科診所,創源分生實驗室,胚胎著床前染色體篩檢Preimplantation Genetic Testing for Aneuploidies (PGT-A),高雄市,產前及新生兒染色體與基因變異檢測,2023,3,opportunity,機會・2023・第 3 年,目前資料未見較新相同機構／實驗室／檢測案件；待確認
2023LDTB0360,張榮州婦產科診所,創源分生實驗室,脊髓性肌肉萎縮症帶因篩檢,高雄市,產前及新生兒染色體與基因變異檢測,2023,3,opportunity,機會・2023・第 3 年,目前資料未見較新相同機構／實驗室／檢測案件；待確認
2023LDTB0297,彰化基督教醫療財團法人彰化基督教醫院,行動基因臨床分子醫學實驗室,ACT Drug 40個癌症基因檢測,彰化縣,癌症篩檢、診斷、治療及預後之基因檢測,2023,3,opportunity,機會・2023・第 3 年,目前資料未見較新相同機構／實驗室／檢測案件；待確認
2023LDTB0298,彰化基督教醫療財團法人彰化基督教醫院,行動基因臨床分子醫學實驗室,BRCA1/2 癌症基因檢測,彰化縣,癌症篩檢、診斷、治療及預後之基因檢測,2023,3,opportunity,機會・2023・第 3 年,目前資料未見較新相同機構／實驗室／檢測案件；待確認
2023LDTB0293,徐文良婦產科診所,創源分生實驗室,NIPT非侵入性胎兒染色體檢測Q寶,桃園市,產前及新生兒染色體與基因變異檢測,2023,3,opportunity,機會・2023・第 3 年,目前資料未見較新相同機構／實驗室／檢測案件；待確認
2023LDTB0536,徐文良婦產科診所,慧智基因醫學實驗室,X染色體脆折症基因檢測-FMR1基因,桃園市,產前及新生兒染色體與基因變異檢測,2023,3,opportunity,機會・2023・第 3 年,目前資料未見較新相同機構／實驗室／檢測案件；待確認
2023LDTB0537,徐文良婦產科診所,慧智基因醫學實驗室,慧智全方位複合式晶片檢測v1.0,桃園市,產前及新生兒染色體與基因變異檢測,2023,3,opportunity,機會・2023・第 3 年,目前資料未見較新相同機構／實驗室／檢測案件；待確認
2023LDTB0538,徐文良婦產科診所,慧智基因醫學實驗室,慧智全方位複合式晶片檢測v2.0,桃園市,產前及新生兒染色體與基因變異檢測,2023,3,opportunity,機會・2023・第 3 年,目前資料未見較新相同機構／實驗室／檢測案件；待確認
2023LDTB0533,徐文良婦產科診所,慧智基因醫學實驗室,慧智非侵產前染色體篩檢v2.0,桃園市,產前及新生兒染色體與基因變異檢測,2023,3,opportunity,機會・2023・第 3 年,目前資料未見較新相同機構／實驗室／檢測案件；待確認
2023LDTB0534,徐文良婦產科診所,慧智基因醫學實驗室,慧智非侵產前染色體篩檢v3.0,桃園市,產前及新生兒染色體與基因變異檢測,2023,3,opportunity,機會・2023・第 3 年,目前資料未見較新相同機構／實驗室／檢測案件；待確認
2023LDTB0535,徐文良婦產科診所,慧智基因醫學實驗室,脊髓性肌肉萎縮症基因檢測-SMN基因,桃園市,產前及新生兒染色體與基因變異檢測,2023,3,opportunity,機會・2023・第 3 年,目前資料未見較新相同機構／實驗室／檢測案件；待確認
2023LDTB0138,惠生保安婦幼診所,創源分生實驗室,NIPT非侵入性胎兒染色體檢測Q寶,新北市,產前及新生兒染色體與基因變異檢測,2023,3,opportunity,機會・2023・第 3 年,目前資料未見較新相同機構／實驗室／檢測案件；待確認
2023LDTB0136,惠生保安婦幼診所,創源分生實驗室,NIPT非侵入性胎兒染色體檢測Q寶,桃園市,產前及新生兒染色體與基因變異檢測,2023,3,opportunity,機會・2023・第 3 年,目前資料未見較新相同機構／實驗室／檢測案件；待確認
2023LDTB0139,惠生保安婦幼診所,創源分生實驗室,NIPT非侵入性胎兒染色體檢測Q寶PLUS十四合一,新北市,產前及新生兒染色體與基因變異檢測,2023,3,opportunity,機會・2023・第 3 年,目前資料未見較新相同機構／實驗室／檢測案件；待確認
2023LDTB0137,惠生保安婦幼診所,創源分生實驗室,NIPT非侵入性胎兒染色體檢測Q寶PLUS十四合一,桃園市,產前及新生兒染色體與基因變異檢測,2023,3,opportunity,機會・2023・第 3 年,目前資料未見較新相同機構／實驗室／檢測案件；待確認
2023LDTB0140,惠生保安婦幼診所,創源分生實驗室,SNP 晶片染色體-750K,新北市,產前及新生兒染色體與基因變異檢測,2023,3,opportunity,機會・2023・第 3 年,目前資料未見較新相同機構／實驗室／檢測案件；待確認
2023LDTB0141,惠生保安婦幼診所,創源分生實驗室,SNP 晶片染色體-HD,新北市,產前及新生兒染色體與基因變異檢測,2023,3,opportunity,機會・2023・第 3 年,目前資料未見較新相同機構／實驗室／檢測案件；待確認
2023LDTB0312,愛麗生婦產科診所,創源分生實驗室,NIPT非侵入性胎兒染色體檢測Q寶,新北市,產前及新生兒染色體與基因變異檢測,2023,3,opportunity,機會・2023・第 3 年,目前資料未見較新相同機構／實驗室／檢測案件；待確認
2023LDTB0313,愛麗生婦產科診所,創源分生實驗室,NIPT非侵入性胎兒染色體檢測Q寶PLUS十四合一,新北市,產前及新生兒染色體與基因變異檢測,2023,3,opportunity,機會・2023・第 3 年,目前資料未見較新相同機構／實驗室／檢測案件；待確認
2023LDTB0314,愛麗生婦產科診所,創源分生實驗室,SNP晶片染色體篩檢-750K,新北市,產前及新生兒染色體與基因變異檢測,2023,3,opportunity,機會・2023・第 3 年,目前資料未見較新相同機構／實驗室／檢測案件；待確認
2023LDTB0310,愛麗生婦產科診所,創源分生實驗室,X染色體脆折症帶因篩檢,新北市,產前及新生兒染色體與基因變異檢測,2023,3,opportunity,機會・2023・第 3 年,目前資料未見較新相同機構／實驗室／檢測案件；待確認
2023LDTB0311,愛麗生婦產科診所,創源分生實驗室,脊髓性肌肉萎縮症帶因篩檢,新北市,產前及新生兒染色體與基因變異檢測,2023,3,opportunity,機會・2023・第 3 年,目前資料未見較新相同機構／實驗室／檢測案件；待確認
2023LDTB0088,慈銘婦產科診所,創源分生實驗室,NIPT非侵入性胎兒染色體檢測Q寶,臺中市,產前及新生兒染色體與基因變異檢測,2023,3,opportunity,機會・2023・第 3 年,目前資料未見較新相同機構／實驗室／檢測案件；待確認
2023LDTB0086,慈銘婦產科診所,創源分生實驗室,X染色體脆折症帶因篩檢,臺中市,產前及新生兒染色體與基因變異檢測,2023,3,opportunity,機會・2023・第 3 年,目前資料未見較新相同機構／實驗室／檢測案件；待確認
2023LDTB0087,慈銘婦產科診所,創源分生實驗室,脊髓性肌肉萎縮症帶因篩檢,臺中市,產前及新生兒染色體與基因變異檢測,2023,3,opportunity,機會・2023・第 3 年,目前資料未見較新相同機構／實驗室／檢測案件；待確認
2023LDTB0197,新亞東婦產科醫院,創源分生實驗室,NIPT非侵入性胎兒染色體檢測Q寶,臺中市,產前及新生兒染色體與基因變異檢測,2023,3,opportunity,機會・2023・第 3 年,目前資料未見較新相同機構／實驗室／檢測案件；待確認
2023LDTB0198,新亞東婦產科醫院,創源分生實驗室,NIPT非侵入性胎兒染色體檢測Q寶PLUS十四合一,臺中市,產前及新生兒染色體與基因變異檢測,2023,3,opportunity,機會・2023・第 3 年,目前資料未見較新相同機構／實驗室／檢測案件；待確認
2023LDTB0199,新亞東婦產科醫院,創源分生實驗室,SNP 晶片染色體篩檢-750K,臺中市,產前及新生兒染色體與基因變異檢測,2023,3,opportunity,機會・2023・第 3 年,目前資料未見較新相同機構／實驗室／檢測案件；待確認
2023LDTB0200,新亞東婦產科醫院,創源分生實驗室,SNP 晶片染色體篩檢-HD,臺中市,產前及新生兒染色體與基因變異檢測,2023,3,opportunity,機會・2023・第 3 年,目前資料未見較新相同機構／實驗室／檢測案件；待確認
2023LDTB0194,新亞東婦產科醫院,創源分生實驗室,X染色體脆折症帶因篩檢,臺中市,產前及新生兒染色體與基因變異檢測,2023,3,opportunity,機會・2023・第 3 年,目前資料未見較新相同機構／實驗室／檢測案件；待確認
2023LDTB0196,新亞東婦產科醫院,創源分生實驗室,唐氏症次世代定序篩檢,臺中市,產前及新生兒染色體與基因變異檢測,2023,3,opportunity,機會・2023・第 3 年,目前資料未見較新相同機構／實驗室／檢測案件；待確認
2023LDTB0195,新亞東婦產科醫院,創源分生實驗室,脊髓性肌肉萎縮症代因篩檢,臺中市,產前及新生兒染色體與基因變異檢測,2023,3,opportunity,機會・2023・第 3 年,目前資料未見較新相同機構／實驗室／檢測案件；待確認
2023LDTB0145,新彗婦產科診所,創源分生實驗室,NIPT非侵入性胎兒染色體檢測Q寶,臺中市,產前及新生兒染色體與基因變異檢測,2023,3,opportunity,機會・2023・第 3 年,目前資料未見較新相同機構／實驗室／檢測案件；待確認
2023LDTB0142,新彗婦產科診所,創源分生實驗室,X染色體脆折症帶因篩檢,臺中市,產前及新生兒染色體與基因變異檢測,2023,3,opportunity,機會・2023・第 3 年,目前資料未見較新相同機構／實驗室／檢測案件；待確認
2023LDTB0144,新彗婦產科診所,創源分生實驗室,唐氏症次世代定序篩檢,臺中市,產前及新生兒染色體與基因變異檢測,2023,3,opportunity,機會・2023・第 3 年,目前資料未見較新相同機構／實驗室／檢測案件；待確認
2023LDTB0143,新彗婦產科診所,創源分生實驗室,脊髓性肌肉萎縮症帶因篩檢,臺中市,產前及新生兒染色體與基因變異檢測,2023,3,opportunity,機會・2023・第 3 年,目前資料未見較新相同機構／實驗室／檢測案件；待確認
2023LDTB0056,新惠生醫院,創源分生實驗室,NIPT非侵入性胎兒染色體檢測Q寶,臺中市,產前及新生兒染色體與基因變異檢測,2023,3,opportunity,機會・2023・第 3 年,目前資料未見較新相同機構／實驗室／檢測案件；待確認
2023LDTB0057,新惠生醫院,創源分生實驗室,NIPT非侵入性胎兒染色體檢測Q寶PLUS十四合一,臺中市,產前及新生兒染色體與基因變異檢測,2023,3,opportunity,機會・2023・第 3 年,目前資料未見較新相同機構／實驗室／檢測案件；待確認
2023LDTB0058,新惠生醫院,創源分生實驗室,SNP晶片染色體篩檢-750K,臺中市,產前及新生兒染色體與基因變異檢測,2023,3,opportunity,機會・2023・第 3 年,目前資料未見較新相同機構／實驗室／檢測案件；待確認
2023LDTB0054,新惠生醫院,創源分生實驗室,X染色體脆折症帶因篩檢,臺中市,產前及新生兒染色體與基因變異檢測,2023,3,opportunity,機會・2023・第 3 年,目前資料未見較新相同機構／實驗室／檢測案件；待確認
2023LDTB0055,新惠生醫院,創源分生實驗室,脊髓性肌肉萎縮症帶因篩檢,臺中市,產前及新生兒染色體與基因變異檢測,2023,3,opportunity,機會・2023・第 3 年,目前資料未見較新相同機構／實驗室／檢測案件；待確認
2023LDTB0283,新正薪醫院,創源分生實驗室,NIPT非侵入性胎兒染色體檢測Q寶,高雄市,產前及新生兒染色體與基因變異檢測,2023,3,opportunity,機會・2023・第 3 年,目前資料未見較新相同機構／實驗室／檢測案件；待確認
2023LDTB0284,新正薪醫院,創源分生實驗室,NIPT非侵入性胎兒染色體檢測Q寶PLUS十四合一,高雄市,產前及新生兒染色體與基因變異檢測,2023,3,opportunity,機會・2023・第 3 年,目前資料未見較新相同機構／實驗室／檢測案件；待確認
2023LDTB0285,新正薪醫院,創源分生實驗室,SNP晶片染色體篩檢-750K,高雄市,產前及新生兒染色體與基因變異檢測,2023,3,opportunity,機會・2023・第 3 年,目前資料未見較新相同機構／實驗室／檢測案件；待確認
2023LDTB0396,方世錝婦產科診所,慧智基因醫學實驗室,X染色體脆折症基因檢測-FMR1基因,臺南市,遺傳代謝與罕見疾病之基因檢測,2023,3,opportunity,機會・2023・第 3 年,目前資料未見較新相同機構／實驗室／檢測案件；待確認
2023LDTB0397,方世錝婦產科診所,慧智基因醫學實驗室,慧智全方位複合式晶片檢測v1.0,臺南市,產前及新生兒染色體與基因變異檢測,2023,3,opportunity,機會・2023・第 3 年,目前資料未見較新相同機構／實驗室／檢測案件；待確認
2023LDTB0398,方世錝婦產科診所,慧智基因醫學實驗室,慧智全方位複合式晶片檢測v2.0,臺南市,產前及新生兒染色體與基因變異檢測,2023,3,opportunity,機會・2023・第 3 年,目前資料未見較新相同機構／實驗室／檢測案件；待確認
2023LDTB0399,方世錝婦產科診所,慧智基因醫學實驗室,慧智全方位複合式晶片檢測v3.0,臺南市,產前及新生兒染色體與基因變異檢測,2023,3,opportunity,機會・2023・第 3 年,目前資料未見較新相同機構／實驗室／檢測案件；待確認
2023LDTB0400,方世錝婦產科診所,和平婦產科診所 細胞遺傳實驗室,細胞染色體檢查,臺南市,產前及新生兒染色體與基因變異檢測,2023,3,opportunity,機會・2023・第 3 年,目前資料未見較新相同機構／實驗室／檢測案件；待確認
2023LDTB0395,方世錝婦產科診所,慧智基因醫學實驗室,脊髓性肌肉萎縮症基因檢測-SMN基因,臺南市,產前及新生兒染色體與基因變異檢測,2023,3,opportunity,機會・2023・第 3 年,目前資料未見較新相同機構／實驗室／檢測案件；待確認
2023LDTB0229,易世富婦產科診所,創源分生實驗室,NIPT非侵入性胎兒染色體檢測Q寶PLUS十四合一,桃園市,產前及新生兒染色體與基因變異檢測,2023,3,opportunity,機會・2023・第 3 年,目前資料未見較新相同機構／實驗室／檢測案件；待確認
2023LDTB0226,易世富婦產科診所,創源分生實驗室,X染色體脆折症帶因篩檢,桃園市,產前及新生兒染色體與基因變異檢測,2023,3,opportunity,機會・2023・第 3 年,目前資料未見較新相同機構／實驗室／檢測案件；待確認
2023LDTB0228,易世富婦產科診所,創源分生實驗室,唐氏症次世代定序篩檢,桃園市,產前及新生兒染色體與基因變異檢測,2023,3,opportunity,機會・2023・第 3 年,目前資料未見較新相同機構／實驗室／檢測案件；待確認
2023LDTB0227,易世富婦產科診所,創源分生實驗室,脊髓性肌肉萎縮症帶因篩檢,桃園市,產前及新生兒染色體與基因變異檢測,2023,3,opportunity,機會・2023・第 3 年,目前資料未見較新相同機構／實驗室／檢測案件；待確認
2023LDTB2046,晨芳婦產科診所,創源分生實驗室,唐氏症次世代定序篩檢,桃園市,產前及新生兒染色體與基因變異檢測,2023,3,opportunity,機會・2023・第 3 年,目前資料未見較新相同機構／實驗室／檢測案件；待確認
2023LDTB0112,李義男婦產科診所,創源分生實驗室,NIPT非侵入性胎兒染色體檢測Q寶PLUS十四合一,臺北市,產前及新生兒染色體與基因變異檢測,2023,3,opportunity,機會・2023・第 3 年,目前資料未見較新相同機構／實驗室／檢測案件；待確認
2023LDTB0009,李義男婦產科診所,特殊生化組實驗室,X染色體脆折症基因檢測,臺北市,遺傳代謝與罕見疾病之基因檢測,2023,3,opportunity,機會・2023・第 3 年,目前資料未見較新相同機構／實驗室／檢測案件；待確認
2023LDTB0111,李義男婦產科診所,創源分生實驗室,唐氏症次世代定序篩檢,臺北市,產前及新生兒染色體與基因變異檢測,2023,3,opportunity,機會・2023・第 3 年,目前資料未見較新相同機構／實驗室／檢測案件；待確認
2023LDTB0008,李義男婦產科診所,特殊生化組實驗室,脊髓性肌肉萎縮症基因檢測,臺北市,遺傳代謝與罕見疾病之基因檢測,2023,3,opportunity,機會・2023・第 3 年,目前資料未見較新相同機構／實驗室／檢測案件；待確認
2023LDTB0007,李義男婦產科診所,特殊生化組實驗室,非侵入性產前胎兒染色體檢測_UCL,臺北市,產前及新生兒染色體與基因變異檢測,2023,3,opportunity,機會・2023・第 3 年,目前資料未見較新相同機構／實驗室／檢測案件；待確認
2023LDTB0338,東基醫療財團法人台東基督教醫院,創源分生實驗室,NIPT非侵入性胎兒染色體檢測Q寶PLUS十四合一,臺東縣,產前及新生兒染色體與基因變異檢測,2023,3,opportunity,機會・2023・第 3 年,目前資料未見較新相同機構／實驗室／檢測案件；待確認
2023LDTB0341,東基醫療財團法人台東基督教醫院,創源分生實驗室,SNP晶片染色體篩檢-750K,臺東縣,產前及新生兒染色體與基因變異檢測,2023,3,opportunity,機會・2023・第 3 年,目前資料未見較新相同機構／實驗室／檢測案件；待確認
2023LDTB0339,東基醫療財團法人台東基督教醫院,創源分生實驗室,X染色體脆折症帶因篩檢,臺東縣,產前及新生兒染色體與基因變異檢測,2023,3,opportunity,機會・2023・第 3 年,目前資料未見較新相同機構／實驗室／檢測案件；待確認
2023LDTB0340,東基醫療財團法人台東基督教醫院,創源分生實驗室,脊髓性肌肉萎縮症帶因篩檢,臺東縣,產前及新生兒染色體與基因變異檢測,2023,3,opportunity,機會・2023・第 3 年,目前資料未見較新相同機構／實驗室／檢測案件；待確認
2023LDTB0062,林慧雯婦產科診所,創源分生實驗室,NIPT非侵入性胎兒染色體檢測Q寶,臺北市,產前及新生兒染色體與基因變異檢測,2023,3,opportunity,機會・2023・第 3 年,目前資料未見較新相同機構／實驗室／檢測案件；待確認
2023LDTB0063,林慧雯婦產科診所,創源分生實驗室,SNP晶片染色體篩檢-750K,臺北市,產前及新生兒染色體與基因變異檢測,2023,3,opportunity,機會・2023・第 3 年,目前資料未見較新相同機構／實驗室／檢測案件；待確認
2023LDTB0059,林慧雯婦產科診所,創源分生實驗室,X染色體脆折症帶因篩檢,臺北市,產前及新生兒染色體與基因變異檢測,2023,3,opportunity,機會・2023・第 3 年,目前資料未見較新相同機構／實驗室／檢測案件；待確認
2023LDTB0061,林慧雯婦產科診所,創源分生實驗室,唐氏症次世代定序篩檢,臺北市,產前及新生兒染色體與基因變異檢測,2023,3,opportunity,機會・2023・第 3 年,目前資料未見較新相同機構／實驗室／檢測案件；待確認
2023LDTB0060,林慧雯婦產科診所,創源分生實驗室,脊髓性肌肉萎縮症帶因篩檢,臺北市,產前及新生兒染色體與基因變異檢測,2023,3,opportunity,機會・2023・第 3 年,目前資料未見較新相同機構／實驗室／檢測案件；待確認
2023LDTB0103,林正凱好孕診所,特殊生化組實驗室,NIPT v1.0,新竹市,產前及新生兒染色體與基因變異檢測,2023,3,opportunity,機會・2023・第 3 年,目前資料未見較新相同機構／實驗室／檢測案件；待確認
2023LDTB0511,林正凱好孕診所,Igenomix Taiwan Ltd,PGT-A胚胎著床前染色體篩檢,新竹市,產前及新生兒染色體與基因變異檢測,2023,3,opportunity,機會・2023・第 3 年,目前資料未見較新相同機構／實驗室／檢測案件；待確認
2023LDTB0104,林正凱好孕診所,特殊生化組實驗室,SMA肌肉萎縮症檢測,新竹市,遺傳代謝與罕見疾病之基因檢測,2023,3,opportunity,機會・2023・第 3 年,目前資料未見較新相同機構／實驗室／檢測案件；待確認
2023LDTB0232,林正凱好孕診所,創源分生實驗室,SNP晶片染色體篩檢-750K,新竹市,產前及新生兒染色體與基因變異檢測,2023,3,opportunity,機會・2023・第 3 年,目前資料未見較新相同機構／實驗室／檢測案件；待確認
2023LDTB0233,林正凱好孕診所,創源分生實驗室,SNP晶片染色體篩檢-HD,新竹市,產前及新生兒染色體與基因變異檢測,2023,3,opportunity,機會・2023・第 3 年,目前資料未見較新相同機構／實驗室／檢測案件；待確認
2023LDTB0105,林正凱好孕診所,特殊生化組實驗室,X染色體脆折症基因檢測,新竹市,遺傳代謝與罕見疾病之基因檢測,2023,3,opportunity,機會・2023・第 3 年,目前資料未見較新相同機構／實驗室／檢測案件；待確認
2023LDTB0231,林正凱好孕診所,創源分生實驗室,胚胎著床前染色體篩檢Preimplantation Genetic Testing for Aneuploidies (PGT-A),新竹市,產前及新生兒染色體與基因變異檢測,2023,3,opportunity,機會・2023・第 3 年,目前資料未見較新相同機構／實驗室／檢測案件；待確認
2023LDTB0230,林正凱好孕診所,創源分生實驗室,脊髓性肌肉萎縮症帶因篩檢,新竹市,產前及新生兒染色體與基因變異檢測,2023,3,opportunity,機會・2023・第 3 年,目前資料未見較新相同機構／實驗室／檢測案件；待確認
2023LDTB0992,柏仁醫院,華聯中心實驗室,CytoOneArray染色體晶片分析,高雄市,產前及新生兒染色體與基因變異檢測,2023,3,opportunity,機會・2023・第 3 年,目前資料未見較新相同機構／實驗室／檢測案件；待確認
2023LDTB0004,柯滄銘婦產科診所,基因飛躍生命科學實驗室,SMA基因檢驗,臺北市,遺傳代謝與罕見疾病之基因檢測,2023,3,opportunity,機會・2023・第 3 年,目前資料未見較新相同機構／實驗室／檢測案件；待確認
2023LDTB0003,柯滄銘婦產科診所,基因飛躍生命科學實驗室,X染色體脆折症基因檢驗,臺北市,遺傳代謝與罕見疾病之基因檢測,2023,3,opportunity,機會・2023・第 3 年,目前資料未見較新相同機構／實驗室／檢測案件；待確認
2023LDTB0006,柯滄銘婦產科診所,基因飛躍生命科學實驗室,染色體檢驗,臺北市,產前及新生兒染色體與基因變異檢測,2023,3,opportunity,機會・2023・第 3 年,目前資料未見較新相同機構／實驗室／檢測案件；待確認
2023LDTB0005,柯滄銘婦產科診所,基因飛躍生命科學實驗室,海洋性貧血基因檢驗,臺北市,遺傳代謝與罕見疾病之基因檢測,2023,3,opportunity,機會・2023・第 3 年,目前資料未見較新相同機構／實驗室／檢測案件；待確認
2023LDTB0002,柯滄銘婦產科診所,基因飛躍生命科學實驗室,非侵入性胎兒染色體檢驗,臺北市,產前及新生兒染色體與基因變異檢測,2023,3,opportunity,機會・2023・第 3 年,目前資料未見較新相同機構／實驗室／檢測案件；待確認
2023LDTB0322,梁志豪婦產科診所,創源分生實驗室,NIPT非侵入性胎兒染色體檢測Q寶,桃園市,產前及新生兒染色體與基因變異檢測,2023,3,opportunity,機會・2023・第 3 年,目前資料未見較新相同機構／實驗室／檢測案件；待確認
2023LDTB0323,梁志豪婦產科診所,創源分生實驗室,NIPT非侵入性胎兒染色體檢測Q寶PLUS十四合一,桃園市,產前及新生兒染色體與基因變異檢測,2023,3,opportunity,機會・2023・第 3 年,目前資料未見較新相同機構／實驗室／檢測案件；待確認
2023LDTB0324,梁志豪婦產科診所,創源分生實驗室,SNP晶片染色體篩檢-750K,桃園市,產前及新生兒染色體與基因變異檢測,2023,3,opportunity,機會・2023・第 3 年,目前資料未見較新相同機構／實驗室／檢測案件；待確認
2023LDTB0320,梁志豪婦產科診所,創源分生實驗室,X染色體脆折症帶因篩檢,桃園市,產前及新生兒染色體與基因變異檢測,2023,3,opportunity,機會・2023・第 3 年,目前資料未見較新相同機構／實驗室／檢測案件；待確認
2023LDTB0321,梁志豪婦產科診所,創源分生實驗室,脊髓性肌肉萎縮症帶因篩檢,桃園市,產前及新生兒染色體與基因變異檢測,2023,3,opportunity,機會・2023・第 3 年,目前資料未見較新相同機構／實驗室／檢測案件；待確認
2023LDTB0247,樂生婦幼醫院,創源分生實驗室,NIPT非侵入性胎兒染色體檢測Q寶,高雄市,產前及新生兒染色體與基因變異檢測,2023,3,opportunity,機會・2023・第 3 年,目前資料未見較新相同機構／實驗室／檢測案件；待確認
2023LDTB0248,樂生婦幼醫院,創源分生實驗室,NIPT非侵入性胎兒染色體檢測Q寶PLUS十四合一,高雄市,產前及新生兒染色體與基因變異檢測,2023,3,opportunity,機會・2023・第 3 年,目前資料未見較新相同機構／實驗室／檢測案件；待確認
2023LDTB0249,樂生婦幼醫院,創源分生實驗室,SNP晶片染色體篩檢-750K,高雄市,產前及新生兒染色體與基因變異檢測,2023,3,opportunity,機會・2023・第 3 年,目前資料未見較新相同機構／實驗室／檢測案件；待確認
2023LDTB0246,樂生婦幼醫院,創源分生實驗室,唐氏症次世代定序篩檢,高雄市,產前及新生兒染色體與基因變異檢測,2023,3,opportunity,機會・2023・第 3 年,目前資料未見較新相同機構／實驗室／檢測案件；待確認
2023LDTB0740,正大聯合診所,創源分生實驗室,X染色體脆折症帶因篩檢,屏東縣,產前及新生兒染色體與基因變異檢測,2023,3,opportunity,機會・2023・第 3 年,目前資料未見較新相同機構／實驗室／檢測案件；待確認
2023LDTB0741,正大聯合診所,創源分生實驗室,脊髓性肌肉萎縮症帶因篩檢,屏東縣,產前及新生兒染色體與基因變異檢測,2023,3,opportunity,機會・2023・第 3 年,目前資料未見較新相同機構／實驗室／檢測案件；待確認
2023LDTB0337,正馨婦產科診所,創源分生實驗室,SNP晶片染色體篩檢-750K,臺中市,產前及新生兒染色體與基因變異檢測,2023,3,opportunity,機會・2023・第 3 年,目前資料未見較新相同機構／實驗室／檢測案件；待確認
2023LDTB0335,正馨婦產科診所,創源分生實驗室,X染色體脆折症帶因篩檢,臺中市,產前及新生兒染色體與基因變異檢測,2023,3,opportunity,機會・2023・第 3 年,目前資料未見較新相同機構／實驗室／檢測案件；待確認
2023LDTB0336,正馨婦產科診所,創源分生實驗室,脊髓性肌肉萎縮症帶因篩檢,臺中市,產前及新生兒染色體與基因變異檢測,2023,3,opportunity,機會・2023・第 3 年,目前資料未見較新相同機構／實驗室／檢測案件；待確認
2023LDTB0162,沙爾德聖保祿修女會醫療財團法人聖保祿醫院,創源分生實驗室,X染色體脆折症帶因篩檢,桃園市,產前及新生兒染色體與基因變異檢測,2023,3,opportunity,機會・2023・第 3 年,目前資料未見較新相同機構／實驗室／檢測案件；待確認
2023LDTB0163,沙爾德聖保祿修女會醫療財團法人聖保祿醫院,創源分生實驗室,脊髓性肌肉萎縮症帶因篩檢,桃園市,產前及新生兒染色體與基因變異檢測,2023,3,opportunity,機會・2023・第 3 年,目前資料未見較新相同機構／實驗室／檢測案件；待確認
2023LDTB1138,泰生婦產科診所,創源分生實驗室,NIPT非侵入性胎兒染色體檢測Q寶,新竹縣,產前及新生兒染色體與基因變異檢測,2023,3,opportunity,機會・2023・第 3 年,目前資料未見較新相同機構／實驗室／檢測案件；待確認
2023LDTB1137,泰生婦產科診所,創源分生實驗室,唐氏症次世代定序篩檢,新竹縣,產前及新生兒染色體與基因變異檢測,2023,3,opportunity,機會・2023・第 3 年,目前資料未見較新相同機構／實驗室／檢測案件；待確認
2023LDTB0449,澄清綜合醫院中港分院,創源分生實驗室,NIPT非侵入性胎兒染色體檢測Q寶,臺中市,產前及新生兒染色體與基因變異檢測,2023,3,opportunity,機會・2023・第 3 年,目前資料未見較新相同機構／實驗室／檢測案件；待確認
2023LDTB0450,澄清綜合醫院中港分院,創源分生實驗室,NIPT非侵入性胎兒染色體檢測Q寶PLUS十四合一,臺中市,產前及新生兒染色體與基因變異檢測,2023,3,opportunity,機會・2023・第 3 年,目前資料未見較新相同機構／實驗室／檢測案件；待確認
2023LDTB0453,澄清綜合醫院中港分院,創源分生實驗室,SNP晶片染色體篩檢-750K,臺中市,產前及新生兒染色體與基因變異檢測,2023,3,opportunity,機會・2023・第 3 年,目前資料未見較新相同機構／實驗室／檢測案件；待確認
2023LDTB0454,澄清綜合醫院中港分院,創源分生實驗室,SNP晶片染色體篩檢-HD,臺中市,產前及新生兒染色體與基因變異檢測,2023,3,opportunity,機會・2023・第 3 年,目前資料未見較新相同機構／實驗室／檢測案件；待確認
2023LDTB0451,澄清綜合醫院中港分院,創源分生實驗室,X染色體脆折症帶因篩檢,臺中市,產前及新生兒染色體與基因變異檢測,2023,3,opportunity,機會・2023・第 3 年,目前資料未見較新相同機構／實驗室／檢測案件；待確認
2023LDTB0448,澄清綜合醫院中港分院,創源分生實驗室,唐氏症次世代定序篩檢,臺中市,產前及新生兒染色體與基因變異檢測,2023,3,opportunity,機會・2023・第 3 年,目前資料未見較新相同機構／實驗室／檢測案件；待確認
2023LDTB0452,澄清綜合醫院中港分院,創源分生實驗室,脊髓性肌肉萎縮症帶因篩檢,臺中市,產前及新生兒染色體與基因變異檢測,2023,3,opportunity,機會・2023・第 3 年,目前資料未見較新相同機構／實驗室／檢測案件；待確認
2023LDTB0133,為恭醫療財團法人為恭紀念醫院,特殊生化組實驗室,NIFTY-非侵入性母血產前胎兒染色體檢測,苗栗縣,產前及新生兒染色體與基因變異檢測,2023,3,opportunity,機會・2023・第 3 年,目前資料未見較新相同機構／實驗室／檢測案件；待確認
2023LDTB0134,為恭醫療財團法人為恭紀念醫院,特殊生化組實驗室,SMA-脊髓性肌肉萎縮症基因檢測,苗栗縣,遺傳代謝與罕見疾病之基因檢測,2023,3,opportunity,機會・2023・第 3 年,目前資料未見較新相同機構／實驗室／檢測案件；待確認
2023LDTB0135,為恭醫療財團法人為恭紀念醫院,特殊生化組實驗室,X染色體脆折症(Fragile X)檢測,苗栗縣,遺傳代謝與罕見疾病之基因檢測,2023,3,opportunity,機會・2023・第 3 年,目前資料未見較新相同機構／實驗室／檢測案件；待確認
2023LDTB0042,王家瑋婦產科診所,創源分生實驗室,X染色體脆折症帶因篩檢,臺北市,產前及新生兒染色體與基因變異檢測,2023,3,opportunity,機會・2023・第 3 年,目前資料未見較新相同機構／實驗室／檢測案件；待確認
2023LDTB0040,王家瑋婦產科診所,創源分生實驗室,"胚胎著床前染色體篩檢（Preimplantation Genetic Testing for Aneuploidies ,PGT-A）",臺北市,產前及新生兒染色體與基因變異檢測,2023,3,opportunity,機會・2023・第 3 年,目前資料未見較新相同機構／實驗室／檢測案件；待確認
2023LDTB0041,王家瑋婦產科診所,創源分生實驗室,脊髓性肌肉萎縮症帶因篩檢,臺北市,產前及新生兒染色體與基因變異檢測,2023,3,opportunity,機會・2023・第 3 年,目前資料未見較新相同機構／實驗室／檢測案件；待確認
2023LDTB0158,現代婦產科診所,創源分生實驗室,NIPT非侵入性胎兒染色體檢測Q寶,屏東縣,產前及新生兒染色體與基因變異檢測,2023,3,opportunity,機會・2023・第 3 年,目前資料未見較新相同機構／實驗室／檢測案件；待確認
2023LDTB0159,現代婦產科診所,創源分生實驗室,NIPT非侵入性胎兒染色體檢測Q寶PLUS十四合一,屏東縣,產前及新生兒染色體與基因變異檢測,2023,3,opportunity,機會・2023・第 3 年,目前資料未見較新相同機構／實驗室／檢測案件；待確認
2023LDTB0160,現代婦產科診所,創源分生實驗室,SNP晶片染色體篩檢-750K,屏東縣,產前及新生兒染色體與基因變異檢測,2023,3,opportunity,機會・2023・第 3 年,目前資料未見較新相同機構／實驗室／檢測案件；待確認
2023LDTB0161,現代婦產科診所,創源分生實驗室,SNP晶片染色體篩檢-HD,屏東縣,產前及新生兒染色體與基因變異檢測,2023,3,opportunity,機會・2023・第 3 年,目前資料未見較新相同機構／實驗室／檢測案件；待確認
2023LDTB0156,現代婦產科診所,創源分生實驗室,X染色體脆折症帶因篩檢,屏東縣,產前及新生兒染色體與基因變異檢測,2023,3,opportunity,機會・2023・第 3 年,目前資料未見較新相同機構／實驗室／檢測案件；待確認
2023LDTB0157,現代婦產科診所,創源分生實驗室,脊髓性肌肉萎縮症帶因篩檢,屏東縣,產前及新生兒染色體與基因變異檢測,2023,3,opportunity,機會・2023・第 3 年,目前資料未見較新相同機構／實驗室／檢測案件；待確認
2023LDTB0363,璟馨婦幼醫院,華聯中心實驗室,CytoOneArray染色體晶片分析,臺南市,產前及新生兒染色體與基因變異檢測,2023,3,opportunity,機會・2023・第 3 年,目前資料未見較新相同機構／實驗室／檢測案件；待確認
2023LDTB2040,璟馨婦幼醫院,Igenomix Taiwan Ltd,PGT-A胚胎著床前染色體篩檢,臺南市,產前及新生兒染色體與基因變異檢測,2023,3,opportunity,機會・2023・第 3 年,目前資料未見較新相同機構／實驗室／檢測案件；待確認
2023LDTB0691,禾宜婦幼診所,彰化基督教醫療財團法人彰化基督教醫院基因醫學部,非侵入性胎兒染色體檢測-升級型,嘉義市,產前及新生兒染色體與基因變異檢測,2023,3,opportunity,機會・2023・第 3 年,目前資料未見較新相同機構／實驗室／檢測案件；待確認
2023LDTB0690,禾宜婦幼診所,彰化基督教醫療財團法人彰化基督教醫院基因醫學部,非侵入性胎兒染色體檢測-基本型,嘉義市,產前及新生兒染色體與基因變異檢測,2023,3,opportunity,機會・2023・第 3 年,目前資料未見較新相同機構／實驗室／檢測案件；待確認
2023LDTB0692,禾宜婦幼診所,彰化基督教醫療財團法人彰化基督教醫院基因醫學部,非侵入性胎兒染色體檢測-頂級型,嘉義市,產前及新生兒染色體與基因變異檢測,2023,3,opportunity,機會・2023・第 3 年,目前資料未見較新相同機構／實驗室／檢測案件；待確認
2023LDTB0206,禾馨民權婦幼診所,慧智基因醫學實驗室,X染色體脆折症基因檢測-FMR1基因,臺北市,遺傳代謝與罕見疾病之基因檢測,2023,3,opportunity,機會・2023・第 3 年,目前資料未見較新相同機構／實驗室／檢測案件；待確認
2023LDTB0207,禾馨民權婦幼診所,慧智基因醫學實驗室,慧智全方位複合式晶片檢測v1.0,臺北市,產前及新生兒染色體與基因變異檢測,2023,3,opportunity,機會・2023・第 3 年,目前資料未見較新相同機構／實驗室／檢測案件；待確認
2023LDTB0201,禾馨民權婦幼診所,慧智基因醫學實驗室,慧智非侵產前染色體篩檢v1.0,臺北市,產前及新生兒染色體與基因變異檢測,2023,3,opportunity,機會・2023・第 3 年,目前資料未見較新相同機構／實驗室／檢測案件；待確認
2023LDTB0202,禾馨民權婦幼診所,慧智基因醫學實驗室,慧智非侵產前染色體篩檢v2.0,臺北市,產前及新生兒染色體與基因變異檢測,2023,3,opportunity,機會・2023・第 3 年,目前資料未見較新相同機構／實驗室／檢測案件；待確認
2023LDTB0203,禾馨民權婦幼診所,慧智基因醫學實驗室,慧智非侵產前染色體篩檢v3.0,臺北市,產前及新生兒染色體與基因變異檢測,2023,3,opportunity,機會・2023・第 3 年,目前資料未見較新相同機構／實驗室／檢測案件；待確認
2023LDTB0204,禾馨民權婦幼診所,慧智基因醫學實驗室,脊髓性肌肉萎縮症基因檢測-SMN基因,臺北市,產前及新生兒染色體與基因變異檢測,2023,3,opportunity,機會・2023・第 3 年,目前資料未見較新相同機構／實驗室／檢測案件；待確認
2023LDTB0205,禾馨民權婦幼診所,慧智基因醫學實驗室,葉酸代謝基因檢測-MTHFR基因,臺北市,產前及新生兒染色體與基因變異檢測,2023,3,opportunity,機會・2023・第 3 年,目前資料未見較新相同機構／實驗室／檢測案件；待確認
2023LDTB0671,秀傳醫療社團法人秀傳紀念醫院,慧智基因醫學實驗室,X染色體脆折症基因檢測-FMR1基因,彰化縣,遺傳代謝與罕見疾病之基因檢測,2023,3,opportunity,機會・2023・第 3 年,目前資料未見較新相同機構／實驗室／檢測案件；待確認
2023LDTB0672,秀傳醫療社團法人秀傳紀念醫院,慧智基因醫學實驗室,慧智全方位複合式晶片檢測v1.0,彰化縣,產前及新生兒染色體與基因變異檢測,2023,3,opportunity,機會・2023・第 3 年,目前資料未見較新相同機構／實驗室／檢測案件；待確認
2023LDTB0667,秀傳醫療社團法人秀傳紀念醫院,慧智基因醫學實驗室,慧智非侵產前染色體篩檢v1.0,彰化縣,產前及新生兒染色體與基因變異檢測,2023,3,opportunity,機會・2023・第 3 年,目前資料未見較新相同機構／實驗室／檢測案件；待確認
2023LDTB0668,秀傳醫療社團法人秀傳紀念醫院,慧智基因醫學實驗室,慧智非侵產前染色體篩檢v2.0,彰化縣,產前及新生兒染色體與基因變異檢測,2023,3,opportunity,機會・2023・第 3 年,目前資料未見較新相同機構／實驗室／檢測案件；待確認
2023LDTB0669,秀傳醫療社團法人秀傳紀念醫院,慧智基因醫學實驗室,慧智非侵產前染色體篩檢v3.0,彰化縣,產前及新生兒染色體與基因變異檢測,2023,3,opportunity,機會・2023・第 3 年,目前資料未見較新相同機構／實驗室／檢測案件；待確認
2023LDTB0670,秀傳醫療社團法人秀傳紀念醫院,慧智基因醫學實驗室,脊髓性肌肉萎縮症基因檢測-SMN基因,彰化縣,產前及新生兒染色體與基因變異檢測,2023,3,opportunity,機會・2023・第 3 年,目前資料未見較新相同機構／實驗室／檢測案件；待確認
2023LDTB0282,秀傳醫療財團法人彰濱秀傳紀念醫院,慧智基因醫學實驗室,X染色體脆折症基因檢測-FMR1基因,彰化縣,遺傳代謝與罕見疾病之基因檢測,2023,3,opportunity,機會・2023・第 3 年,目前資料未見較新相同機構／實驗室／檢測案件；待確認
2023LDTB0280,秀傳醫療財團法人彰濱秀傳紀念醫院,慧智基因醫學實驗室,慧智全方位複合式晶片檢測v1.0,彰化縣,產前及新生兒染色體與基因變異檢測,2023,3,opportunity,機會・2023・第 3 年,目前資料未見較新相同機構／實驗室／檢測案件；待確認
2023LDTB0279,秀傳醫療財團法人彰濱秀傳紀念醫院,慧智基因醫學實驗室,慧智非侵產前染色體篩檢v3.0,彰化縣,產前及新生兒染色體與基因變異檢測,2023,3,opportunity,機會・2023・第 3 年,目前資料未見較新相同機構／實驗室／檢測案件；待確認
2023LDTB0281,秀傳醫療財團法人彰濱秀傳紀念醫院,慧智基因醫學實驗室,脊髓性肌肉萎縮症基因檢測-SMN基因,彰化縣,產前及新生兒染色體與基因變異檢測,2023,3,opportunity,機會・2023・第 3 年,目前資料未見較新相同機構／實驗室／檢測案件；待確認
2023LDTB0089,秀傳醫療財團法人彰濱秀傳紀念醫院,創源分生實驗室,脊髓性肌肉萎縮症帶因篩檢,彰化縣,產前及新生兒染色體與基因變異檢測,2023,3,opportunity,機會・2023・第 3 年,目前資料未見較新相同機構／實驗室／檢測案件；待確認
2023LDTB0353,童綜合醫療社團法人童綜合醫院,創源分生實驗室,NIPT非侵入性胎兒染色體檢測Q寶,臺中市,產前及新生兒染色體與基因變異檢測,2023,3,opportunity,機會・2023・第 3 年,目前資料未見較新相同機構／實驗室／檢測案件；待確認
2023LDTB0354,童綜合醫療社團法人童綜合醫院,創源分生實驗室,SNP晶片染色體篩檢-750K,臺中市,產前及新生兒染色體與基因變異檢測,2023,3,opportunity,機會・2023・第 3 年,目前資料未見較新相同機構／實驗室／檢測案件；待確認
2023LDTB0355,童綜合醫療社團法人童綜合醫院,創源分生實驗室,SNP晶片染色體篩檢-HD,臺中市,產前及新生兒染色體與基因變異檢測,2023,3,opportunity,機會・2023・第 3 年,目前資料未見較新相同機構／實驗室／檢測案件；待確認
2023LDTB0351,童綜合醫療社團法人童綜合醫院,創源分生實驗室,X染色體脆折症帶因篩檢,臺中市,產前及新生兒染色體與基因變異檢測,2023,3,opportunity,機會・2023・第 3 年,目前資料未見較新相同機構／實驗室／檢測案件；待確認
2023LDTB0347,童綜合醫療社團法人童綜合醫院,慧智基因醫學實驗室,先天中樞性換氣不足症候群基因檢測,臺中市,產前及新生兒染色體與基因變異檢測,2023,3,opportunity,機會・2023・第 3 年,目前資料未見較新相同機構／實驗室／檢測案件；待確認
2023LDTB0343,童綜合醫療社團法人童綜合醫院,慧智基因醫學實驗室,全方位複合式晶片檢測v1.0,臺中市,產前及新生兒染色體與基因變異檢測,2023,3,opportunity,機會・2023・第 3 年,目前資料未見較新相同機構／實驗室／檢測案件；待確認
2023LDTB0344,童綜合醫療社團法人童綜合醫院,慧智基因醫學實驗室,全方位複合式晶片檢測v2.0,臺中市,產前及新生兒染色體與基因變異檢測,2023,3,opportunity,機會・2023・第 3 年,目前資料未見較新相同機構／實驗室／檢測案件；待確認
2023LDTB0345,童綜合醫療社團法人童綜合醫院,慧智基因醫學實驗室,全方位複合式晶片檢測v3.0,臺中市,產前及新生兒染色體與基因變異檢測,2023,3,opportunity,機會・2023・第 3 年,目前資料未見較新相同機構／實驗室／檢測案件；待確認
2023LDTB0348,童綜合醫療社團法人童綜合醫院,慧智基因醫學實驗室,感覺神經性聽損基因檢測,臺中市,產前及新生兒染色體與基因變異檢測,2023,3,opportunity,機會・2023・第 3 年,目前資料未見較新相同機構／實驗室／檢測案件；待確認
2023LDTB0346,童綜合醫療社團法人童綜合醫院,慧智基因醫學實驗室,新生兒基因篩檢v1.0,臺中市,產前及新生兒染色體與基因變異檢測,2023,3,opportunity,機會・2023・第 3 年,目前資料未見較新相同機構／實驗室／檢測案件；待確認
2023LDTB0350,童綜合醫療社團法人童綜合醫院,慧智基因醫學實驗室,海洋性貧血基因檢測-HBA、HBB基因,臺中市,遺傳代謝與罕見疾病之基因檢測,2023,3,opportunity,機會・2023・第 3 年,目前資料未見較新相同機構／實驗室／檢測案件；待確認
2023LDTB0349,童綜合醫療社團法人童綜合醫院,慧智基因醫學實驗室,異位性皮膚炎過敏基因檢測-FLG基因,臺中市,產前及新生兒染色體與基因變異檢測,2023,3,opportunity,機會・2023・第 3 年,目前資料未見較新相同機構／實驗室／檢測案件；待確認
2023LDTB0352,童綜合醫療社團法人童綜合醫院,創源分生實驗室,脊髓性肌肉萎縮症帶因篩檢,臺中市,產前及新生兒染色體與基因變異檢測,2023,3,opportunity,機會・2023・第 3 年,目前資料未見較新相同機構／實驗室／檢測案件；待確認
2023LDTB0357,童綜合醫療社團法人童綜合醫院,彰化基督教醫療財團法人彰化基督教醫院基因醫學部,非侵入性胎兒染色體檢測-升級型,臺中市,產前及新生兒染色體與基因變異檢測,2023,3,opportunity,機會・2023・第 3 年,目前資料未見較新相同機構／實驗室／檢測案件；待確認
2023LDTB0356,童綜合醫療社團法人童綜合醫院,彰化基督教醫療財團法人彰化基督教醫院基因醫學部,非侵入性胎兒染色體檢測-基本型,臺中市,產前及新生兒染色體與基因變異檢測,2023,3,opportunity,機會・2023・第 3 年,目前資料未見較新相同機構／實驗室／檢測案件；待確認
2023LDTB0358,童綜合醫療社團法人童綜合醫院,彰化基督教醫療財團法人彰化基督教醫院基因醫學部,非侵入性胎兒染色體檢測-頂級型,臺中市,產前及新生兒染色體與基因變異檢測,2023,3,opportunity,機會・2023・第 3 年,目前資料未見較新相同機構／實驗室／檢測案件；待確認
2023LDTB0244,竹仁婦幼診所,創源分生實驗室,NIPT非侵入性胎兒染色體檢測Q寶,新竹縣,產前及新生兒染色體與基因變異檢測,2023,3,opportunity,機會・2023・第 3 年,目前資料未見較新相同機構／實驗室／檢測案件；待確認
2023LDTB0245,竹仁婦幼診所,創源分生實驗室,NIPT非侵入性胎兒染色體檢測Q寶PLUS十四合一,新竹縣,產前及新生兒染色體與基因變異檢測,2023,3,opportunity,機會・2023・第 3 年,目前資料未見較新相同機構／實驗室／檢測案件；待確認
2023LDTB0243,竹仁婦幼診所,創源分生實驗室,唐氏症次世代定序篩檢,新竹縣,產前及新生兒染色體與基因變異檢測,2023,3,opportunity,機會・2023・第 3 年,目前資料未見較新相同機構／實驗室／檢測案件；待確認
2023LDTB0412,練穎霜婦產科診所,慧智基因醫學實驗室,X染色體脆折症基因檢測-FMR1基因,嘉義市,遺傳代謝與罕見疾病之基因檢測,2023,3,opportunity,機會・2023・第 3 年,目前資料未見較新相同機構／實驗室／檢測案件；待確認
2023LDTB0407,練穎霜婦產科診所,慧智基因醫學實驗室,慧智非侵產前染色體篩檢v1.0,嘉義市,產前及新生兒染色體與基因變異檢測,2023,3,opportunity,機會・2023・第 3 年,目前資料未見較新相同機構／實驗室／檢測案件；待確認
2023LDTB0408,練穎霜婦產科診所,慧智基因醫學實驗室,慧智非侵產前染色體篩檢v2.0,嘉義市,產前及新生兒染色體與基因變異檢測,2023,3,opportunity,機會・2023・第 3 年,目前資料未見較新相同機構／實驗室／檢測案件；待確認
2023LDTB0409,練穎霜婦產科診所,慧智基因醫學實驗室,慧智非侵產前染色體篩檢v3.0,嘉義市,產前及新生兒染色體與基因變異檢測,2023,3,opportunity,機會・2023・第 3 年,目前資料未見較新相同機構／實驗室／檢測案件；待確認
2023LDTB0413,練穎霜婦產科診所,慧智基因醫學實驗室,海洋性貧血基因檢測-HBA、HBB基因,嘉義市,遺傳代謝與罕見疾病之基因檢測,2023,3,opportunity,機會・2023・第 3 年,目前資料未見較新相同機構／實驗室／檢測案件；待確認
2023LDTB0410,練穎霜婦產科診所,慧智基因醫學實驗室,脊髓性肌肉萎縮症基因檢測-SMN基因,嘉義市,產前及新生兒染色體與基因變異檢測,2023,3,opportunity,機會・2023・第 3 年,目前資料未見較新相同機構／實驗室／檢測案件；待確認
2023LDTB0411,練穎霜婦產科診所,慧智基因醫學實驗室,葉酸代謝基因檢測-MTHFR基因,嘉義市,產前及新生兒染色體與基因變異檢測,2023,3,opportunity,機會・2023・第 3 年,目前資料未見較新相同機構／實驗室／檢測案件；待確認
2023LDTB0393,臺安醫院,基龍米克斯實驗室,FMR1基因分子檢測,臺中市,產前及新生兒染色體與基因變異檢測,2023,3,opportunity,機會・2023・第 3 年,目前資料未見較新相同機構／實驗室／檢測案件；待確認
2023LDTB0044,臺安醫院,創源分生實驗室,NIPT非侵入性胎兒染色體檢測Q寶,臺中市,產前及新生兒染色體與基因變異檢測,2023,3,opportunity,機會・2023・第 3 年,目前資料未見較新相同機構／實驗室／檢測案件；待確認
2023LDTB0045,臺安醫院,創源分生實驗室,NIPT非侵入性胎兒染色體檢測Q寶PLUS十四合一,臺中市,產前及新生兒染色體與基因變異檢測,2023,3,opportunity,機會・2023・第 3 年,目前資料未見較新相同機構／實驗室／檢測案件；待確認
2023LDTB0394,臺安醫院,基龍米克斯實驗室,SMN1/SMN2基因分子檢測,臺中市,產前及新生兒染色體與基因變異檢測,2023,3,opportunity,機會・2023・第 3 年,目前資料未見較新相同機構／實驗室／檢測案件；待確認
2023LDTB0117,臺安醫院,創源分生實驗室,SNP 晶片染色體檢-HD,臺中市,產前及新生兒染色體與基因變異檢測,2023,3,opportunity,機會・2023・第 3 年,目前資料未見較新相同機構／實驗室／檢測案件；待確認
2023LDTB0116,臺安醫院,創源分生實驗室,SNP 晶片染色體篩檢-750K,臺中市,產前及新生兒染色體與基因變異檢測,2023,3,opportunity,機會・2023・第 3 年,目前資料未見較新相同機構／實驗室／檢測案件；待確認
2023LDTB0114,臺安醫院,創源分生實驗室,X染色體脆折症帶因篩檢,臺中市,產前及新生兒染色體與基因變異檢測,2023,3,opportunity,機會・2023・第 3 年,目前資料未見較新相同機構／實驗室／檢測案件；待確認
2023LDTB0043,臺安醫院,創源分生實驗室,唐氏症次世代定序篩檢,臺中市,產前及新生兒染色體與基因變異檢測,2023,3,opportunity,機會・2023・第 3 年,目前資料未見較新相同機構／實驗室／檢測案件；待確認
2023LDTB0115,臺安醫院,創源分生實驗室,脊髓性肌肉萎縮症帶因篩檢,臺中市,產前及新生兒染色體與基因變異檢測,2023,3,opportunity,機會・2023・第 3 年,目前資料未見較新相同機構／實驗室／檢測案件；待確認
2023LDTB0391,臺安醫院,彰化基督教醫療財團法人彰化基督教醫院基因醫學部,非侵入性胎兒染色體檢測-升級型,臺中市,產前及新生兒染色體與基因變異檢測,2023,3,opportunity,機會・2023・第 3 年,目前資料未見較新相同機構／實驗室／檢測案件；待確認
2023LDTB0390,臺安醫院,彰化基督教醫療財團法人彰化基督教醫院基因醫學部,非侵入性胎兒染色體檢測-基本型,臺中市,產前及新生兒染色體與基因變異檢測,2023,3,opportunity,機會・2023・第 3 年,目前資料未見較新相同機構／實驗室／檢測案件；待確認
2023LDTB0392,臺安醫院,彰化基督教醫療財團法人彰化基督教醫院基因醫學部,非侵入性胎兒染色體檢測-頂級型,臺中市,產前及新生兒染色體與基因變異檢測,2023,3,opportunity,機會・2023・第 3 年,目前資料未見較新相同機構／實驗室／檢測案件；待確認
2023LDTB0652,臻嬡婦產科診所,創源分生實驗室,X染色體脆折症帶因篩檢,臺中市,產前及新生兒染色體與基因變異檢測,2023,3,opportunity,機會・2023・第 3 年,目前資料未見較新相同機構／實驗室／檢測案件；待確認
2023LDTB0653,臻嬡婦產科診所,創源分生實驗室,脊髓性肌肉萎縮症帶因篩檢,臺中市,產前及新生兒染色體與基因變異檢測,2023,3,opportunity,機會・2023・第 3 年,目前資料未見較新相同機構／實驗室／檢測案件；待確認
2023LDTB0001,茂盛醫院,基因遺傳診斷實驗室,次世代定序胚胎植入前染色體篩檢,臺中市,產前及新生兒染色體與基因變異檢測,2023,3,opportunity,機會・2023・第 3 年,目前資料未見較新相同機構／實驗室／檢測案件；待確認
2023LDTB0292,葉能貴婦產科診所,華聯中心實驗室,CytoOneArray染色體晶片分析,臺南市,產前及新生兒染色體與基因變異檢測,2023,3,opportunity,機會・2023・第 3 年,目前資料未見較新相同機構／實驗室／檢測案件；待確認
2023LDTB0542,葉能貴婦產科診所,國立成功大學基因體醫學中心,FMR1基因分子檢測,臺南市,產前及新生兒染色體與基因變異檢測,2023,3,opportunity,機會・2023・第 3 年,目前資料未見較新相同機構／實驗室／檢測案件；待確認
2023LDTB0543,葉能貴婦產科診所,國立成功大學基因體醫學中心,SMN1／SMN2基因分子檢測,臺南市,產前及新生兒染色體與基因變異檢測,2023,3,opportunity,機會・2023・第 3 年,目前資料未見較新相同機構／實驗室／檢測案件；待確認
2023LDTB0544,葉能貴婦產科診所,國立成功大學基因體醫學中心,非侵入性產前染色體檢測-NIPT1.0,臺南市,產前及新生兒染色體與基因變異檢測,2023,3,opportunity,機會・2023・第 3 年,目前資料未見較新相同機構／實驗室／檢測案件；待確認
2023LDTB0545,葉能貴婦產科診所,國立成功大學基因體醫學中心,非侵入性產前染色體檢測-NIPT2.0,臺南市,產前及新生兒染色體與基因變異檢測,2023,3,opportunity,機會・2023・第 3 年,目前資料未見較新相同機構／實驗室／檢測案件；待確認
2023LDTB0546,葉能貴婦產科診所,國立成功大學基因體醫學中心,非侵入性產前染色體檢測-NIPT3.0,臺南市,產前及新生兒染色體與基因變異檢測,2023,3,opportunity,機會・2023・第 3 年,目前資料未見較新相同機構／實驗室／檢測案件；待確認
2023LDTB0048,衛生福利部豐原醫院,行動基因臨床分子醫學實驗室,癌症基因檢測-核心型,臺中市,癌症篩檢、診斷、治療及預後之基因檢測,2023,3,opportunity,機會・2023・第 3 年,目前資料未見較新相同機構／實驗室／檢測案件；待確認
2023LDTB0052,衛生福利部豐原醫院,行動基因臨床分子醫學實驗室,癌症監控基因檢測-乳癌,臺中市,癌症篩檢、診斷、治療及預後之基因檢測,2023,3,opportunity,機會・2023・第 3 年,目前資料未見較新相同機構／實驗室／檢測案件；待確認
2023LDTB0051,衛生福利部豐原醫院,行動基因臨床分子醫學實驗室,癌症監控基因檢測-肺癌,臺中市,癌症篩檢、診斷、治療及預後之基因檢測,2023,3,opportunity,機會・2023・第 3 年,目前資料未見較新相同機構／實驗室／檢測案件；待確認
2023LDTB0053,衛生福利部豐原醫院,行動基因臨床分子醫學實驗室,癌症監控基因檢測-腸癌,臺中市,癌症篩檢、診斷、治療及預後之基因檢測,2023,3,opportunity,機會・2023・第 3 年,目前資料未見較新相同機構／實驗室／檢測案件；待確認
2023LDTB0049,衛生福利部豐原醫院,行動基因臨床分子醫學實驗室,癌症組織BRCA1/2基因檢測,臺中市,癌症篩檢、診斷、治療及預後之基因檢測,2023,3,opportunity,機會・2023・第 3 年,目前資料未見較新相同機構／實驗室／檢測案件；待確認
2023LDTB0050,衛生福利部豐原醫院,行動基因臨床分子醫學實驗室,遺傳性BRCA1/2癌症基因檢測,臺中市,癌症篩檢、診斷、治療及預後之基因檢測,2023,3,opportunity,機會・2023・第 3 年,目前資料未見較新相同機構／實驗室／檢測案件；待確認
2023LDTB0148,許世賓婦產科診所,創源分生實驗室,NIPT非侵入性胎兒染色體檢測Q寶,臺北市,產前及新生兒染色體與基因變異檢測,2023,3,opportunity,機會・2023・第 3 年,目前資料未見較新相同機構／實驗室／檢測案件；待確認
2023LDTB0149,許世賓婦產科診所,創源分生實驗室,SNP 晶片染色體篩檢-750K,臺北市,產前及新生兒染色體與基因變異檢測,2023,3,opportunity,機會・2023・第 3 年,目前資料未見較新相同機構／實驗室／檢測案件；待確認
2023LDTB0146,許世賓婦產科診所,創源分生實驗室,X染色體脆折症帶因篩檢,臺北市,產前及新生兒染色體與基因變異檢測,2023,3,opportunity,機會・2023・第 3 年,目前資料未見較新相同機構／實驗室／檢測案件；待確認
2023LDTB0147,許世賓婦產科診所,創源分生實驗室,脊髓性肌肉萎縮症帶因篩檢,臺北市,產前及新生兒染色體與基因變異檢測,2023,3,opportunity,機會・2023・第 3 年,目前資料未見較新相同機構／實驗室／檢測案件；待確認
2023LDTB0309,許煥澤婦產科診所,創源分生實驗室,NIPT非侵入性胎兒染色體檢測Q寶,臺中市,產前及新生兒染色體與基因變異檢測,2023,3,opportunity,機會・2023・第 3 年,目前資料未見較新相同機構／實驗室／檢測案件；待確認
2023LDTB0308,許煥澤婦產科診所,創源分生實驗室,唐氏症次世代定序篩檢,臺中市,產前及新生兒染色體與基因變異檢測,2023,3,opportunity,機會・2023・第 3 年,目前資料未見較新相同機構／實驗室／檢測案件；待確認
2023LDTB0307,許煥澤婦產科診所,創源分生實驗室,脊髓性肌肉萎縮症帶因篩檢,臺中市,產前及新生兒染色體與基因變異檢測,2023,3,opportunity,機會・2023・第 3 年,目前資料未見較新相同機構／實驗室／檢測案件；待確認
2023LDTB0364,詠馨婦產科診所,華聯中心實驗室,CytoOneArray染色體晶片分析,臺南市,產前及新生兒染色體與基因變異檢測,2023,3,opportunity,機會・2023・第 3 年,目前資料未見較新相同機構／實驗室／檢測案件；待確認
2023LDTB0176,謝俊雄婦兒科診所,創源分生實驗室,NIPT非侵入性胎兒染色體檢測Q寶PLUS十四合一,嘉義市,產前及新生兒染色體與基因變異檢測,2023,3,opportunity,機會・2023・第 3 年,目前資料未見較新相同機構／實驗室／檢測案件；待確認
2023LDTB0152,謝俊雄婦兒科診所,創源分生實驗室,SNP 晶片染色體篩檢-750K,嘉義市,產前及新生兒染色體與基因變異檢測,2023,3,opportunity,機會・2023・第 3 年,目前資料未見較新相同機構／實驗室／檢測案件；待確認
2023LDTB0150,謝俊雄婦兒科診所,創源分生實驗室,X染色體脆折症帶因篩檢,嘉義市,產前及新生兒染色體與基因變異檢測,2023,3,opportunity,機會・2023・第 3 年,目前資料未見較新相同機構／實驗室／檢測案件；待確認
2023LDTB0151,謝俊雄婦兒科診所,創源分生實驗室,脊髓性肌肉萎縮症帶因篩檢,嘉義市,產前及新生兒染色體與基因變異檢測,2023,3,opportunity,機會・2023・第 3 年,目前資料未見較新相同機構／實驗室／檢測案件；待確認
2023LDTB0131,謝元杰婦產科診所,基龍米克斯實驗室,FMR1 基因分子檢測,彰化縣,產前及新生兒染色體與基因變異檢測,2023,3,opportunity,機會・2023・第 3 年,目前資料未見較新相同機構／實驗室／檢測案件；待確認
2023LDTB0132,謝元杰婦產科診所,基龍米克斯實驗室,SMN1/SMN2基因分子檢測,彰化縣,產前及新生兒染色體與基因變異檢測,2023,3,opportunity,機會・2023・第 3 年,目前資料未見較新相同機構／實驗室／檢測案件；待確認
2023LDTB0810,謝元杰婦產科診所,創源分生實驗室,X染色體脆折症帶因篩檢,彰化縣,產前及新生兒染色體與基因變異檢測,2023,3,opportunity,機會・2023・第 3 年,目前資料未見較新相同機構／實驗室／檢測案件；待確認
2023LDTB0811,謝元杰婦產科診所,創源分生實驗室,脊髓性肌肉萎縮症帶因篩檢,彰化縣,產前及新生兒染色體與基因變異檢測,2023,3,opportunity,機會・2023・第 3 年,目前資料未見較新相同機構／實驗室／檢測案件；待確認
2023LDTB0129,謝元杰婦產科診所,彰化基督教醫療財團法人彰化基督教醫院基因醫學部,非侵入性胎兒染色體檢測-升級型,彰化縣,產前及新生兒染色體與基因變異檢測,2023,3,opportunity,機會・2023・第 3 年,目前資料未見較新相同機構／實驗室／檢測案件；待確認
2023LDTB0128,謝元杰婦產科診所,彰化基督教醫療財團法人彰化基督教醫院基因醫學部,非侵入性胎兒染色體檢測-基本型,彰化縣,產前及新生兒染色體與基因變異檢測,2023,3,opportunity,機會・2023・第 3 年,目前資料未見較新相同機構／實驗室／檢測案件；待確認
2023LDTB0130,謝元杰婦產科診所,彰化基督教醫療財團法人彰化基督教醫院基因醫學部,非侵入性胎兒染色體檢測-頂級型,彰化縣,產前及新生兒染色體與基因變異檢測,2023,3,opportunity,機會・2023・第 3 年,目前資料未見較新相同機構／實驗室／檢測案件；待確認
2023LDTB0266,譚國勇婦產科診所,創源分生實驗室,X染色體脆折症帶因篩檢,宜蘭縣,產前及新生兒染色體與基因變異檢測,2023,3,opportunity,機會・2023・第 3 年,目前資料未見較新相同機構／實驗室／檢測案件；待確認
2023LDTB0265,譚國勇婦產科診所,創源分生實驗室,脊髓性肌肉萎縮症帶因篩檢,宜蘭縣,產前及新生兒染色體與基因變異檢測,2023,3,opportunity,機會・2023・第 3 年,目前資料未見較新相同機構／實驗室／檢測案件；待確認
2023LDTB0252,財團法人私立高雄醫學大學附設中和紀念醫院,行動基因臨床分子醫學實驗室,BRCA1/2癌症基因檢測,高雄市,癌症篩檢、診斷、治療及預後之基因檢測,2023,3,opportunity,機會・2023・第 3 年,目前資料未見較新相同機構／實驗室／檢測案件；待確認
2023LDTB0250,財團法人私立高雄醫學大學附設中和紀念醫院,行動基因臨床分子醫學實驗室,廣泛型癌症基因檢測,高雄市,癌症篩檢、診斷、治療及預後之基因檢測,2023,3,opportunity,機會・2023・第 3 年,目前資料未見較新相同機構／實驗室／檢測案件；待確認
2023LDTB0251,財團法人私立高雄醫學大學附設中和紀念醫院,行動基因臨床分子醫學實驗室,核心型癌症基因檢測,高雄市,癌症篩檢、診斷、治療及預後之基因檢測,2023,3,opportunity,機會・2023・第 3 年,目前資料未見較新相同機構／實驗室／檢測案件；待確認
2023LDTB0254,財團法人私立高雄醫學大學附設中和紀念醫院,行動基因臨床分子醫學實驗室,監控型癌症基因檢測(肺癌),高雄市,癌症篩檢、診斷、治療及預後之基因檢測,2023,3,opportunity,機會・2023・第 3 年,目前資料未見較新相同機構／實驗室／檢測案件；待確認
2023LDTB0253,財團法人私立高雄醫學大學附設中和紀念醫院,行動基因臨床分子醫學實驗室,遺傳性BRCA1/2癌症基因檢測,高雄市,癌症篩檢、診斷、治療及預後之基因檢測,2023,3,opportunity,機會・2023・第 3 年,目前資料未見較新相同機構／實驗室／檢測案件；待確認
2023LDTB0326,趙德明婦產科診所,創源分生實驗室,NIPT非侵入性胎兒染色體檢測Q寶,桃園市,產前及新生兒染色體與基因變異檢測,2023,3,opportunity,機會・2023・第 3 年,目前資料未見較新相同機構／實驗室／檢測案件；待確認
2023LDTB0325,趙德明婦產科診所,創源分生實驗室,脊髓性肌肉萎縮症帶因篩檢,桃園市,產前及新生兒染色體與基因變異檢測,2023,3,opportunity,機會・2023・第 3 年,目前資料未見較新相同機構／實驗室／檢測案件；待確認
2023LDTB0287,輔英科技大學附設醫院,創源分生實驗室,NIPT非侵入性胎兒染色體檢測Q寶,屏東縣,產前及新生兒染色體與基因變異檢測,2023,3,opportunity,機會・2023・第 3 年,目前資料未見較新相同機構／實驗室／檢測案件；待確認
2023LDTB0290,輔英科技大學附設醫院,創源分生實驗室,SNP晶片染色體篩檢-750K,屏東縣,產前及新生兒染色體與基因變異檢測,2023,3,opportunity,機會・2023・第 3 年,目前資料未見較新相同機構／實驗室／檢測案件；待確認
2023LDTB0289,輔英科技大學附設醫院,創源分生實驗室,X染色體脆折症帶因篩檢,屏東縣,產前及新生兒染色體與基因變異檢測,2023,3,opportunity,機會・2023・第 3 年,目前資料未見較新相同機構／實驗室／檢測案件；待確認
2023LDTB0286,輔英科技大學附設醫院,創源分生實驗室,唐氏症次世代定序篩檢,屏東縣,產前及新生兒染色體與基因變異檢測,2023,3,opportunity,機會・2023・第 3 年,目前資料未見較新相同機構／實驗室／檢測案件；待確認
2023LDTB0288,輔英科技大學附設醫院,創源分生實驗室,脊髓性肌肉萎縮症帶因篩檢,屏東縣,產前及新生兒染色體與基因變異檢測,2023,3,opportunity,機會・2023・第 3 年,目前資料未見較新相同機構／實驗室／檢測案件；待確認
2023LDTB0464,郭綜合醫院,行動基因臨床分子醫學實驗室,BRCA1/2癌症基因檢測 ACT BRCA1/2 (B),臺南市,癌症篩檢、診斷、治療及預後之基因檢測,2023,3,opportunity,機會・2023・第 3 年,目前資料未見較新相同機構／實驗室／檢測案件；待確認
2023LDTB0463,郭綜合醫院,行動基因臨床分子醫學實驗室,BRCA1/2癌症基因檢測 ACT BRCA1/2 (T),臺南市,癌症篩檢、診斷、治療及預後之基因檢測,2023,3,opportunity,機會・2023・第 3 年,目前資料未見較新相同機構／實驗室／檢測案件；待確認
2023LDTB0461,郭綜合醫院,行動基因臨床分子醫學實驗室,廣泛型癌症基因檢測ACT Onco,臺南市,癌症篩檢、診斷、治療及預後之基因檢測,2023,3,opportunity,機會・2023・第 3 年,目前資料未見較新相同機構／實驗室／檢測案件；待確認
2023LDTB0462,郭綜合醫院,行動基因臨床分子醫學實驗室,核心型癌症基因檢測ACT Drug,臺南市,癌症篩檢、診斷、治療及預後之基因檢測,2023,3,opportunity,機會・2023・第 3 年,目前資料未見較新相同機構／實驗室／檢測案件；待確認
2023LDTB0442,郭綜合醫院,郭綜合醫院細胞遺傳實驗室,流產組織染色體檢查,臺南市,產前及新生兒染色體與基因變異檢測,2023,3,opportunity,機會・2023・第 3 年,目前資料未見較新相同機構／實驗室／檢測案件；待確認
2023LDTB0465,郭綜合醫院,行動基因臨床分子醫學實驗室,癌監控基因檢測ACTM-Lung,臺南市,癌症篩檢、診斷、治療及預後之基因檢測,2023,3,opportunity,機會・2023・第 3 年,目前資料未見較新相同機構／實驗室／檢測案件；待確認
2023LDTB0440,郭綜合醫院,郭綜合醫院細胞遺傳實驗室,羊水染色體檢查,臺南市,產前及新生兒染色體與基因變異檢測,2023,3,opportunity,機會・2023・第 3 年,目前資料未見較新相同機構／實驗室／檢測案件；待確認
2023LDTB0441,郭綜合醫院,郭綜合醫院細胞遺傳實驗室,血液染色體檢查,臺南市,產前及新生兒染色體與基因變異檢測,2023,3,opportunity,機會・2023・第 3 年,目前資料未見較新相同機構／實驗室／檢測案件；待確認
2023LDTB0673,鄭婦產科診所,創源分生實驗室,X染色體脆折症帶因篩檢,臺南市,產前及新生兒染色體與基因變異檢測,2023,3,opportunity,機會・2023・第 3 年,目前資料未見較新相同機構／實驗室／檢測案件；待確認
2023LDTB0674,鄭婦產科診所,創源分生實驗室,脊髓性肌肉萎縮症帶因篩檢,臺南市,產前及新生兒染色體與基因變異檢測,2023,3,opportunity,機會・2023・第 3 年,目前資料未見較新相同機構／實驗室／檢測案件；待確認
2023LDTB0458,鈞安婦幼聯合醫院,創源分生實驗室,NIPT非侵入性胎兒染色體檢測Q寶,高雄市,產前及新生兒染色體與基因變異檢測,2023,3,opportunity,機會・2023・第 3 年,目前資料未見較新相同機構／實驗室／檢測案件；待確認
2023LDTB0459,鈞安婦幼聯合醫院,創源分生實驗室,NIPT非侵入性胎兒染色體檢測Q寶PLUS十四合一,高雄市,產前及新生兒染色體與基因變異檢測,2023,3,opportunity,機會・2023・第 3 年,目前資料未見較新相同機構／實驗室／檢測案件；待確認
2023LDTB0502,鈞安婦幼聯合醫院,創源分生實驗室,SNP晶片染色體篩檢-750K,高雄市,產前及新生兒染色體與基因變異檢測,2023,3,opportunity,機會・2023・第 3 年,目前資料未見較新相同機構／實驗室／檢測案件；待確認
2023LDTB0503,鈞安婦幼聯合醫院,創源分生實驗室,SNP晶片染色體篩檢-HD,高雄市,產前及新生兒染色體與基因變異檢測,2023,3,opportunity,機會・2023・第 3 年,目前資料未見較新相同機構／實驗室／檢測案件；待確認
2023LDTB0460,鈞安婦幼聯合醫院,創源分生實驗室,X染色體脆折症帶因篩檢,高雄市,產前及新生兒染色體與基因變異檢測,2023,3,opportunity,機會・2023・第 3 年,目前資料未見較新相同機構／實驗室／檢測案件；待確認
2023LDTB0183,鍾尚霖婦產科診所,創源分生實驗室,SNP晶片染色體篩檢-750K,彰化縣,產前及新生兒染色體與基因變異檢測,2023,3,opportunity,機會・2023・第 3 年,目前資料未見較新相同機構／實驗室／檢測案件；待確認
2023LDTB0182,鍾尚霖婦產科診所,創源分生實驗室,唐氏症次世代定序篩檢,彰化縣,產前及新生兒染色體與基因變異檢測,2023,3,opportunity,機會・2023・第 3 年,目前資料未見較新相同機構／實驗室／檢測案件；待確認
2023LDTB0181,鍾尚霖婦產科診所,創源分生實驗室,脊隨性肌肉萎縮症帶因篩檢,彰化縣,產前及新生兒染色體與基因變異檢測,2023,3,opportunity,機會・2023・第 3 年,目前資料未見較新相同機構／實驗室／檢測案件；待確認
2023LDTB0113,長欣婦產科診所,創源分生實驗室,NIPT非侵入性胎兒染色體檢測Q寶,臺北市,產前及新生兒染色體與基因變異檢測,2023,3,opportunity,機會・2023・第 3 年,目前資料未見較新相同機構／實驗室／檢測案件；待確認
2023LDTB0369,阮綜合醫療社團法人阮綜合醫院,創源分生實驗室,NIPT非侵入性胎兒染色體檢測Q寶,高雄市,產前及新生兒染色體與基因變異檢測,2023,3,opportunity,機會・2023・第 3 年,目前資料未見較新相同機構／實驗室／檢測案件；待確認
2023LDTB0370,阮綜合醫療社團法人阮綜合醫院,創源分生實驗室,SNP晶片染色體篩檢-750K,高雄市,產前及新生兒染色體與基因變異檢測,2023,3,opportunity,機會・2023・第 3 年,目前資料未見較新相同機構／實驗室／檢測案件；待確認
2023LDTB0371,阮綜合醫療社團法人阮綜合醫院,創源分生實驗室,SNP晶片染色體篩檢-HD,高雄市,產前及新生兒染色體與基因變異檢測,2023,3,opportunity,機會・2023・第 3 年,目前資料未見較新相同機構／實驗室／檢測案件；待確認
2023LDTB0365,阮綜合醫療社團法人阮綜合醫院,創源分生實驗室,X染色體脆折症帶因篩檢,高雄市,產前及新生兒染色體與基因變異檢測,2023,3,opportunity,機會・2023・第 3 年,目前資料未見較新相同機構／實驗室／檢測案件；待確認
2023LDTB0368,阮綜合醫療社團法人阮綜合醫院,創源分生實驗室,唐氏症次世代定序篩檢,高雄市,產前及新生兒染色體與基因變異檢測,2023,3,opportunity,機會・2023・第 3 年,目前資料未見較新相同機構／實驗室／檢測案件；待確認
2023LDTB0367,阮綜合醫療社團法人阮綜合醫院,創源分生實驗室,胚胎著床前染色體篩檢Preimplantation Genetic Testing for Aneuploidies (PGT-A),高雄市,產前及新生兒染色體與基因變異檢測,2023,3,opportunity,機會・2023・第 3 年,目前資料未見較新相同機構／實驗室／檢測案件；待確認
2023LDTB0366,阮綜合醫療社團法人阮綜合醫院,創源分生實驗室,脊髓性肌肉萎縮症帶因篩檢,高雄市,產前及新生兒染色體與基因變異檢測,2023,3,opportunity,機會・2023・第 3 年,目前資料未見較新相同機構／實驗室／檢測案件；待確認
2023LDTB0180,順安醫院,創源分生實驗室,NIPT非侵入性胎兒染色體檢測Q寶PLUS十四合一,彰化縣,產前及新生兒染色體與基因變異檢測,2023,3,opportunity,機會・2023・第 3 年,目前資料未見較新相同機構／實驗室／檢測案件；待確認
2023LDTB0179,順安醫院,創源分生實驗室,唐氏症次世代定序篩檢,彰化縣,產前及新生兒染色體與基因變異檢測,2023,3,opportunity,機會・2023・第 3 年,目前資料未見較新相同機構／實驗室／檢測案件；待確認
2023LDTB0414,馬博榮婦產專科診所,慧智基因醫學實驗室,慧智全方位複合式晶片檢測v1.0,臺南市,產前及新生兒染色體與基因變異檢測,2023,3,opportunity,機會・2023・第 3 年,目前資料未見較新相同機構／實驗室／檢測案件；待確認
2023LDTB0415,馬博榮婦產專科診所,和平婦產科診所 細胞遺傳實驗室,細胞染色體檢查,臺南市,產前及新生兒染色體與基因變異檢測,2023,3,opportunity,機會・2023・第 3 年,目前資料未見較新相同機構／實驗室／檢測案件；待確認
2023LDTB0277,黃昭彰婦產科診所,華聯中心實驗室,CytoOneArray染色體晶片分析,臺南市,產前及新生兒染色體與基因變異檢測,2023,3,opportunity,機會・2023・第 3 年,目前資料未見較新相同機構／實驗室／檢測案件；待確認
2023LDTB0402,黃昭彰婦產科診所,慧智基因醫學實驗室,X染色體脆折症基因檢測-FMR1基因,臺南市,遺傳代謝與罕見疾病之基因檢測,2023,3,opportunity,機會・2023・第 3 年,目前資料未見較新相同機構／實驗室／檢測案件；待確認
2023LDTB0405,黃昭彰婦產科診所,慧智基因醫學實驗室,先天中樞性換氣不足症候群基因檢測,臺南市,產前及新生兒染色體與基因變異檢測,2023,3,opportunity,機會・2023・第 3 年,目前資料未見較新相同機構／實驗室／檢測案件；待確認
2023LDTB0404,黃昭彰婦產科診所,慧智基因醫學實驗室,感覺神經性聽損基因檢測,臺南市,產前及新生兒染色體與基因變異檢測,2023,3,opportunity,機會・2023・第 3 年,目前資料未見較新相同機構／實驗室／檢測案件；待確認
2023LDTB0403,黃昭彰婦產科診所,慧智基因醫學實驗室,慧智全方位複合式晶片檢測v1.0,臺南市,產前及新生兒染色體與基因變異檢測,2023,3,opportunity,機會・2023・第 3 年,目前資料未見較新相同機構／實驗室／檢測案件；待確認
2023LDTB0406,黃昭彰婦產科診所,慧智基因醫學實驗室,慧智新生兒基因篩檢v1.0,臺南市,產前及新生兒染色體與基因變異檢測,2023,3,opportunity,機會・2023・第 3 年,目前資料未見較新相同機構／實驗室／檢測案件；待確認
2023LDTB0401,黃昭彰婦產科診所,慧智基因醫學實驗室,脊髓性肌肉萎縮症基因檢測-SMN基因,臺南市,產前及新生兒染色體與基因變異檢測,2023,3,opportunity,機會・2023・第 3 年,目前資料未見較新相同機構／實驗室／檢測案件；待確認
2023LDTB0083,黃迎凱婦產科診所,創源分生實驗室,NIPT非侵入性胎兒染色體檢測Q寶,臺中市,產前及新生兒染色體與基因變異檢測,2023,3,opportunity,機會・2023・第 3 年,目前資料未見較新相同機構／實驗室／檢測案件；待確認
2023LDTB0084,黃迎凱婦產科診所,創源分生實驗室,SNP晶片染色體篩檢-750K,臺中市,產前及新生兒染色體與基因變異檢測,2023,3,opportunity,機會・2023・第 3 年,目前資料未見較新相同機構／實驗室／檢測案件；待確認
2023LDTB0085,黃迎凱婦產科診所,創源分生實驗室,SNP晶片染色體篩檢-HD,臺中市,產前及新生兒染色體與基因變異檢測,2023,3,opportunity,機會・2023・第 3 年,目前資料未見較新相同機構／實驗室／檢測案件；待確認
2023LDTB0080,黃迎凱婦產科診所,創源分生實驗室,X染色體脆折症帶因篩檢,臺中市,產前及新生兒染色體與基因變異檢測,2023,3,opportunity,機會・2023・第 3 年,目前資料未見較新相同機構／實驗室／檢測案件；待確認
2023LDTB0082,黃迎凱婦產科診所,創源分生實驗室,唐氏症次世代定序篩檢,臺中市,產前及新生兒染色體與基因變異檢測,2023,3,opportunity,機會・2023・第 3 年,目前資料未見較新相同機構／實驗室／檢測案件；待確認
2023LDTB0081,黃迎凱婦產科診所,創源分生實驗室,脊髓性肌肉萎縮症帶因篩檢,臺中市,產前及新生兒染色體與基因變異檢測,2023,3,opportunity,機會・2023・第 3 年,目前資料未見較新相同機構／實驗室／檢測案件；待確認
2023LDTB0665,黃迎凱婦產科診所,彰化基督教醫療財團法人彰化基督教醫院基因醫學部,非侵入性胎兒染色體檢測-升級型,臺中市,產前及新生兒染色體與基因變異檢測,2023,3,opportunity,機會・2023・第 3 年,目前資料未見較新相同機構／實驗室／檢測案件；待確認
2023LDTB0664,黃迎凱婦產科診所,彰化基督教醫療財團法人彰化基督教醫院基因醫學部,非侵入性胎兒染色體檢測-基本型,臺中市,產前及新生兒染色體與基因變異檢測,2023,3,opportunity,機會・2023・第 3 年,目前資料未見較新相同機構／實驗室／檢測案件；待確認
2023LDTB0666,黃迎凱婦產科診所,彰化基督教醫療財團法人彰化基督教醫院基因醫學部,非侵入性胎兒染色體檢測-頂級型,臺中市,產前及新生兒染色體與基因變異檢測,2023,3,opportunity,機會・2023・第 3 年,目前資料未見較新相同機構／實驗室／檢測案件；待確認
2024LDTS00008,中國醫藥大學新竹附設醫院,國立成功大學基因體醫學中心,胚胎著床前篩檢,臺南市,產前及新生兒染色體與基因變異檢測,2024,2,observe,觀察・2024・第 2 年,持續追蹤
2024LDTS00150,佑昇診所,慧智基因醫學實驗室,胚胎著床前單基因檢測（PGT-M）,臺北市,產前及新生兒染色體與基因變異檢測,2024,2,observe,觀察・2024・第 2 年,持續追蹤
2024LDTS00135,佑昇診所,慧智基因醫學實驗室,胚胎著床前染色體篩檢Preimplantation Genetic Testing for Aneuploidies（PGT-A）,臺北市,產前及新生兒染色體與基因變異檢測,2024,2,observe,觀察・2024・第 2 年,持續追蹤
2024LDTS00006,佑民醫療社團法人佑民醫院,柯滄銘婦產科診所 基因飛躍生命科學實驗室,先天中樞換氣不足症候群基因檢驗,臺北市,遺傳代謝與罕見疾病之基因檢測,2024,2,observe,觀察・2024・第 2 年,持續追蹤
2024LDTS00007,佑民醫療社團法人佑民醫院,柯滄銘婦產科診所 基因飛躍生命科學實驗室,常見遺傳性聽損基因檢驗,臺北市,產前及新生兒染色體與基因變異檢測,2024,2,observe,觀察・2024・第 2 年,持續追蹤
2024LDTS00125,佛教慈濟醫療財團法人台中慈濟醫院,佛教慈濟醫療財團法人台中慈濟醫院檢驗醫學科,FLT3 ITD基因檢驗,臺中市,癌症篩檢、診斷、治療及預後之基因檢測,2024,2,observe,觀察・2024・第 2 年,持續追蹤
2024LDTS00099,台北協育診所,英緹檢測服務實驗室,Embryo46胚胎著床前染色體非整倍體檢測,新竹縣,產前及新生兒染色體與基因變異檢測,2024,2,observe,觀察・2024・第 2 年,持續追蹤
2024LDTS00234,台北協育診所,欣奕醫事檢驗所,X染色體脆折症基因檢測,新北市,遺傳代謝與罕見疾病之基因檢測,2024,2,observe,觀察・2024・第 2 年,持續追蹤
2024LDTS00236,台北協育診所,欣奕醫事檢驗所,亨丁頓舞蹈症基因檢測,新北市,遺傳代謝與罕見疾病之基因檢測,2024,2,observe,觀察・2024・第 2 年,持續追蹤
2024LDTS00235,台北協育診所,欣奕醫事檢驗所,脊髓性肌肉萎縮症基因檢測,新北市,遺傳代謝與罕見疾病之基因檢測,2024,2,observe,觀察・2024・第 2 年,持續追蹤
2024LDTS00237,台北協育診所,欣奕醫事檢驗所,葉酸代謝基因檢測,新北市,遺傳代謝與罕見疾病之基因檢測,2024,2,observe,觀察・2024・第 2 年,持續追蹤
2024LDTS00206,台灣基督長老教會新樓醫療財團法人麻豆新樓醫院,創源分生實驗室,SNP 晶片染色體篩檢 HD,臺北市,產前及新生兒染色體與基因變異檢測,2024,2,observe,觀察・2024・第 2 年,持續追蹤
2024LDTS00039,台灣基督長老教會馬偕醫療財團法人淡水馬偕紀念醫院,賽亞基因科技股份有限公司分子實驗室,家族性高膽固醇血症FH基因次世代定序,新北市,遺傳代謝與罕見疾病之基因檢測,2024,2,observe,觀察・2024・第 2 年,持續追蹤
2024LDTS00038,台灣基督長老教會馬偕醫療財團法人馬偕紀念醫院,賽亞基因科技股份有限公司分子實驗室,家族性高膽固醇血症FH基因次世代定序,新北市,遺傳代謝與罕見疾病之基因檢測,2024,2,observe,觀察・2024・第 2 年,持續追蹤
2024LDTS00054,國立台灣大學醫學院附設醫院,國立台灣大學醫學院附設醫院病理部,PDGFRα基因之螢光原位雜交檢測,臺北市,癌症篩檢、診斷、治療及預後之基因檢測,2024,2,observe,觀察・2024・第 2 年,持續追蹤
2024LDTS00110,國立台灣大學醫學院附設醫院,國立台灣大學醫學院附設醫院病理部,多發性骨髓瘤之螢光原位雜交檢測,臺北市,癌症篩檢、診斷、治療及預後之基因檢測,2024,2,observe,觀察・2024・第 2 年,持續追蹤
2024LDTS00102,國立台灣大學醫學院附設醫院,行動基因臨床分子醫學實驗室,"次世代定序廣泛癌症基因檢測(含TMB,MSI)",臺北市,癌症篩檢、診斷、治療及預後之基因檢測,2024,2,observe,觀察・2024・第 2 年,持續追蹤
2024LDTS00100,國立臺灣大學醫學院附設醫院癌醫中心分院,國立臺灣大學醫學院附設醫院癌醫中心分院分子病理實驗室,Her-2螢光原位雜交FISH,臺北市,癌症篩檢、診斷、治療及預後之基因檢測,2024,2,observe,觀察・2024・第 2 年,持續追蹤
2024LDTS00229,基生婦產科診所,台灣生醫醫事檢驗所,X染色體脆折症FMR1基因分析,臺北市,產前及新生兒染色體與基因變異檢測,2024,2,observe,觀察・2024・第 2 年,持續追蹤
2024LDTS00230,基生婦產科診所,台灣生醫醫事檢驗所,脊髓性肌肉萎縮症SMN基因分析,臺北市,產前及新生兒染色體與基因變異檢測,2024,2,observe,觀察・2024・第 2 年,持續追蹤
2024LDTS00079,基督復臨安息日會醫療財團法人臺安醫院,華聯中心實驗室,CytoOneArray 染色體晶片分析,新竹縣,產前及新生兒染色體與基因變異檢測,2024,2,observe,觀察・2024・第 2 年,持續追蹤
2024LDTS00101,好韻診所,英緹檢測服務實驗室,Embryo46胚胎著床前染色體非整倍體檢測,新竹縣,產前及新生兒染色體與基因變異檢測,2024,2,observe,觀察・2024・第 2 年,持續追蹤
2024LDTS00097,婦茂婦幼診所,英緹檢測服務實驗室,Embryo46胚胎著床前染色體非整倍體檢測,新竹縣,產前及新生兒染色體與基因變異檢測,2024,2,observe,觀察・2024・第 2 年,持續追蹤
2024LDTS00063,家瑋生育診所,英緹檢測服務實驗室,Embryo46胚胎著床前染色體非整倍體檢測,新竹縣,產前及新生兒染色體與基因變異檢測,2024,2,observe,觀察・2024・第 2 年,持續追蹤
2024LDTS00182,寶建醫療社團法人寶建醫院,行動基因臨床分子醫學實驗室,ACT Monitor Lung肺易蹤癌症基因檢測,臺北市,癌症篩檢、診斷、治療及預後之基因檢測,2024,2,observe,觀察・2024・第 2 年,持續追蹤
2024LDTS00181,寶建醫療社團法人寶建醫院,行動基因臨床分子醫學實驗室,ACTBRCA貝癌檢癌症基因檢測（血液）,臺北市,癌症篩檢、診斷、治療及預後之基因檢測,2024,2,observe,觀察・2024・第 2 年,持續追蹤
2024LDTS00178,寶建醫療社團法人寶建醫院,精準醫學核心實驗室,次世代定序白血病基因檢測,臺南市,癌症篩檢、診斷、治療及預後之基因檢測,2024,2,observe,觀察・2024・第 2 年,持續追蹤
2024LDTS00180,寶建醫療社團法人寶建醫院,精準醫學核心實驗室,次世代定序骨髓型血液腫瘤基因檢測,臺南市,癌症篩檢、診斷、治療及預後之基因檢測,2024,2,observe,觀察・2024・第 2 年,持續追蹤
2024LDTS00207,張帆婦產科診所,英緹檢測服務實驗室,Embryo46胚胎著床前染色體非整倍體檢測,新竹縣,產前及新生兒染色體與基因變異檢測,2024,2,observe,觀察・2024・第 2 年,持續追蹤
2024LDTS00197,愛麗生婦產科診所,創源分生實驗室,脊髓性肌肉萎縮症帶因篩檢 （含空間排列錯置風險評估）,臺北市,產前及新生兒染色體與基因變異檢測,2024,2,observe,觀察・2024・第 2 年,持續追蹤
2024LDTS00183,愛麗生婦產科診所,創源分生實驗室,腎小管發育不全基因檢測,臺北市,產前及新生兒染色體與基因變異檢測,2024,2,observe,觀察・2024・第 2 年,持續追蹤
2024LDTS00191,愛麗生婦產科診所,創源分生實驗室,葉酸代謝基因檢測,臺北市,產前及新生兒染色體與基因變異檢測,2024,2,observe,觀察・2024・第 2 年,持續追蹤
2024LDTS00108,未來診所,大安聯合醫事檢驗所,粒線體基因組次世代定序,臺北市,遺傳代謝與罕見疾病之基因檢測,2024,2,observe,觀察・2024・第 2 年,持續追蹤
2024LDTS00176,東元醫療社團法人東元綜合醫院,華聯中心實驗室,CytoOneArray染色體晶片分析,新竹縣,產前及新生兒染色體與基因變異檢測,2024,2,observe,觀察・2024・第 2 年,持續追蹤
2024LDTS00020,東元醫療社團法人東元綜合醫院,國立成功大學基因體醫學中心,FMR1基因分子檢測,臺南市,產前及新生兒染色體與基因變異檢測,2024,2,observe,觀察・2024・第 2 年,持續追蹤
2024LDTS00021,東元醫療社團法人東元綜合醫院,國立成功大學基因體醫學中心,PHOX2B基因分子檢測,臺南市,產前及新生兒染色體與基因變異檢測,2024,2,observe,觀察・2024・第 2 年,持續追蹤
2024LDTS00022,東元醫療社團法人東元綜合醫院,國立成功大學基因體醫學中心,SMN1/SMN2基因分子檢測,臺南市,產前及新生兒染色體與基因變異檢測,2024,2,observe,觀察・2024・第 2 年,持續追蹤
2024LDTS00023,東元醫療社團法人東元綜合醫院,國立成功大學基因體醫學中心,感覺神經性聽損基因檢測,臺南市,產前及新生兒染色體與基因變異檢測,2024,2,observe,觀察・2024・第 2 年,持續追蹤
2024LDTS00024,東元醫療社團法人東元綜合醫院,國立成功大學基因體醫學中心,胚胎著床前篩檢,臺南市,產前及新生兒染色體與基因變異檢測,2024,2,observe,觀察・2024・第 2 年,持續追蹤
2024LDTS00028,東元醫療社團法人東元綜合醫院,國立成功大學基因體醫學中心,註生(助生)基因檢測,臺南市,產前及新生兒染色體與基因變異檢測,2024,2,observe,觀察・2024・第 2 年,持續追蹤
2024LDTS00029,東元醫療社團法人東元綜合醫院,國立成功大學基因體醫學中心,隱性遺傳疾病帶因檢測,臺南市,產前及新生兒染色體與基因變異檢測,2024,2,observe,觀察・2024・第 2 年,持續追蹤
2024LDTS00025,東元醫療社團法人東元綜合醫院,國立成功大學基因體醫學中心,非侵入性產前染色體檢測-NIPT1.0,臺南市,產前及新生兒染色體與基因變異檢測,2024,2,observe,觀察・2024・第 2 年,持續追蹤
2024LDTS00026,東元醫療社團法人東元綜合醫院,國立成功大學基因體醫學中心,非侵入性產前染色體檢測-NIPT2.0,臺南市,產前及新生兒染色體與基因變異檢測,2024,2,observe,觀察・2024・第 2 年,持續追蹤
2024LDTS00027,東元醫療社團法人東元綜合醫院,國立成功大學基因體醫學中心,非侵入性產前染色體檢測-NIPT3.0,臺南市,產前及新生兒染色體與基因變異檢測,2024,2,observe,觀察・2024・第 2 年,持續追蹤
2024LDTS00030,東元醫療社團法人東元綜合醫院,國立成功大學基因體醫學中心,骨發育不全症基因檢測,臺南市,產前及新生兒染色體與基因變異檢測,2024,2,observe,觀察・2024・第 2 年,持續追蹤
2024LDTS00064,東元醫療社團法人艾微芙診所,英緹檢測服務實驗室,Embryo46 胚胎著床前染色體非整倍體檢測,新竹縣,產前及新生兒染色體與基因變異檢測,2024,2,observe,觀察・2024・第 2 年,持續追蹤
2024LDTS00136,東元醫療社團法人艾微芙診所,國立成功大學基因體醫學中心,FMR1基因分子檢測,臺南市,產前及新生兒染色體與基因變異檢測,2024,2,observe,觀察・2024・第 2 年,持續追蹤
2024LDTS00137,東元醫療社團法人艾微芙診所,國立成功大學基因體醫學中心,PHOX2B基因分子檢測,臺南市,產前及新生兒染色體與基因變異檢測,2024,2,observe,觀察・2024・第 2 年,持續追蹤
2024LDTS00138,東元醫療社團法人艾微芙診所,國立成功大學基因體醫學中心,SMN1／SMN2基因分子檢測,臺南市,產前及新生兒染色體與基因變異檢測,2024,2,observe,觀察・2024・第 2 年,持續追蹤
2024LDTS00139,東元醫療社團法人艾微芙診所,國立成功大學基因體醫學中心,感覺神經性聽損基因檢測,臺南市,產前及新生兒染色體與基因變異檢測,2024,2,observe,觀察・2024・第 2 年,持續追蹤
2024LDTS00140,東元醫療社團法人艾微芙診所,國立成功大學基因體醫學中心,胚胎著床前篩檢,臺南市,產前及新生兒染色體與基因變異檢測,2024,2,observe,觀察・2024・第 2 年,持續追蹤
2024LDTS00144,東元醫療社團法人艾微芙診所,國立成功大學基因體醫學中心,註生(助生)基因檢測,臺南市,產前及新生兒染色體與基因變異檢測,2024,2,observe,觀察・2024・第 2 年,持續追蹤
2024LDTS00145,東元醫療社團法人艾微芙診所,國立成功大學基因體醫學中心,隱性遺傳疾病帶因檢測,臺南市,產前及新生兒染色體與基因變異檢測,2024,2,observe,觀察・2024・第 2 年,持續追蹤
2024LDTS00141,東元醫療社團法人艾微芙診所,國立成功大學基因體醫學中心,非侵入性產前染色體檢測-NIPT1.0,臺南市,產前及新生兒染色體與基因變異檢測,2024,2,observe,觀察・2024・第 2 年,持續追蹤
2024LDTS00142,東元醫療社團法人艾微芙診所,國立成功大學基因體醫學中心,非侵入性產前染色體檢測-NIPT2.0,臺南市,產前及新生兒染色體與基因變異檢測,2024,2,observe,觀察・2024・第 2 年,持續追蹤
2024LDTS00143,東元醫療社團法人艾微芙診所,國立成功大學基因體醫學中心,非侵入性產前染色體檢測-NIPT3.0,臺南市,產前及新生兒染色體與基因變異檢測,2024,2,observe,觀察・2024・第 2 年,持續追蹤
2024LDTS00146,東元醫療社團法人艾微芙診所,國立成功大學基因體醫學中心,骨發育不全症基因檢測,臺南市,產前及新生兒染色體與基因變異檢測,2024,2,observe,觀察・2024・第 2 年,持續追蹤
2024LDTS00103,沙爾德聖保祿修女會醫療財團法人聖保祿醫院,和平婦產科診所細胞遺傳實驗室,細胞染色體檢查,臺北市,產前及新生兒染色體與基因變異檢測,2024,2,observe,觀察・2024・第 2 年,持續追蹤
2024LDTS00062,王家瑋婦產科診所,英緹檢測服務實驗室,Embyro46 胚胎著床前染色體非整倍體檢測,新竹縣,產前及新生兒染色體與基因變異檢測,2024,2,observe,觀察・2024・第 2 年,持續追蹤
2024LDTS00227,生基婦產科診所,台灣生醫醫事檢驗所,X染色體脆折症FMR1基因分析,臺北市,產前及新生兒染色體與基因變異檢測,2024,2,observe,觀察・2024・第 2 年,持續追蹤
2024LDTS00228,生基婦產科診所,台灣生醫醫事檢驗所,脊髓性肌肉萎縮症SMN基因分析,臺北市,產前及新生兒染色體與基因變異檢測,2024,2,observe,觀察・2024・第 2 年,持續追蹤
2024LDTS00212,生基婦產科診所,國立成功大學基因體醫學中心,非侵入性產前染色體檢測-NIPT3.0,臺南市,產前及新生兒染色體與基因變異檢測,2024,2,observe,觀察・2024・第 2 年,持續追蹤
2024LDTS00131,美村婦產科診所,創源分生實驗室,腎小管發育不全基因檢測,臺北市,產前及新生兒染色體與基因變異檢測,2024,2,observe,觀察・2024・第 2 年,持續追蹤
2024LDTS00133,美村婦產科診所,創源分生實驗室,葉酸代謝基因檢測,臺北市,產前及新生兒染色體與基因變異檢測,2024,2,observe,觀察・2024・第 2 年,持續追蹤
2024LDTS00076,義大醫療財團法人義大大昌醫院,行動基因臨床分子醫學實驗室,ACTHRD帕癌檢癌症基因檢測,臺北市,癌症篩檢、診斷、治療及預後之基因檢測,2024,2,observe,觀察・2024・第 2 年,持續追蹤
2024LDTS00075,義大醫療財團法人義大大昌醫院,行動基因臨床分子醫學實驗室,ACTOnco+癌安克癌症基因檢測,臺北市,癌症篩檢、診斷、治療及預後之基因檢測,2024,2,observe,觀察・2024・第 2 年,持續追蹤
2024LDTS00010,義大醫療財團法人義大大昌醫院,Guardant Health Clinical Laboratory,Guardant360液態活檢癌症基因檢測,高雄市,癌症篩檢、診斷、治療及預後之基因檢測,2024,2,observe,觀察・2024・第 2 年,持續追蹤
2024LDTS00078,義大醫療財團法人義大癌治療醫院,行動基因臨床分子醫學實驗室,ACTHRD帕癌檢癌症基因檢測,臺北市,癌症篩檢、診斷、治療及預後之基因檢測,2024,2,observe,觀察・2024・第 2 年,持續追蹤
2024LDTS00077,義大醫療財團法人義大癌治療醫院,行動基因臨床分子醫學實驗室,ACTOnco+癌安克癌症基因檢測,臺北市,癌症篩檢、診斷、治療及預後之基因檢測,2024,2,observe,觀察・2024・第 2 年,持續追蹤
2024LDTS00011,義大醫療財團法人義大癌治療醫院,Guardant Health Clinical Laboratory,Guardant360液態活檢癌症基因檢測,高雄市,癌症篩檢、診斷、治療及預後之基因檢測,2024,2,observe,觀察・2024・第 2 年,持續追蹤
2024LDTS00055,義大醫療財團法人義大醫院,行動基因臨床分子醫學實驗室,ACTHRD帕癌檢癌症基因檢測,臺北市,癌症篩檢、診斷、治療及預後之基因檢測,2024,2,observe,觀察・2024・第 2 年,持續追蹤
2024LDTS00056,義大醫療財團法人義大醫院,行動基因臨床分子醫學實驗室,ACTOnco+癌安克癌症基因檢測,臺北市,癌症篩檢、診斷、治療及預後之基因檢測,2024,2,observe,觀察・2024・第 2 年,持續追蹤
2024LDTS00012,義大醫療財團法人義大醫院,Guardant Health Clinical Laboratory,Guardant360液態活檢癌症基因檢測,高雄市,癌症篩檢、診斷、治療及預後之基因檢測,2024,2,observe,觀察・2024・第 2 年,持續追蹤
2024LDTS00087,聯準診所,大安聯合醫事檢驗所,NIPS非侵入性染色體篩檢,臺北市,產前及新生兒染色體與基因變異檢測,2024,2,observe,觀察・2024・第 2 年,持續追蹤
2024LDTS00095,聯準診所,大安聯合醫事檢驗所,X染色體脆折症基因檢測,臺北市,產前及新生兒染色體與基因變異檢測,2024,2,observe,觀察・2024・第 2 年,持續追蹤
2024LDTS00084,聯準診所,大安聯合醫事檢驗所,粒線體基因組次世代定序,臺北市,遺傳代謝與罕見疾病之基因檢測,2024,2,observe,觀察・2024・第 2 年,持續追蹤
2024LDTS00082,聯準診所,大安聯合醫事檢驗所,聽損基因檢測及分析,臺北市,遺傳代謝與罕見疾病之基因檢測,2024,2,observe,觀察・2024・第 2 年,持續追蹤
2024LDTS00096,聯準診所,大安聯合醫事檢驗所,脊髓肌肉萎縮症SMA,臺北市,產前及新生兒染色體與基因變異檢測,2024,2,observe,觀察・2024・第 2 年,持續追蹤
2024LDTS00094,聯準診所,大安聯合醫事檢驗所,葉酸代謝基因檢測,臺北市,遺傳代謝與罕見疾病之基因檢測,2024,2,observe,觀察・2024・第 2 年,持續追蹤
2024LDTS00208,育禾婦幼診所,創源分生實驗室,腎小管發育不全基因檢測,臺北市,產前及新生兒染色體與基因變異檢測,2024,2,observe,觀察・2024・第 2 年,持續追蹤
2024LDTS00245,臺中榮民總醫院,行動基因臨床分子醫學實驗室,ACTHRD帕癌檢癌症基因檢測,臺北市,癌症篩檢、診斷、治療及預後之基因檢測,2024,2,observe,觀察・2024・第 2 年,持續追蹤
2024LDTS00117,臺中榮民總醫院,奇美醫療財團法人奇美醫院精準醫學核心實驗室,"c-KIT exon9, 11, 13, 17 基因突變檢測",臺南市,癌症篩檢、診斷、治療及預後之基因檢測,2024,2,observe,觀察・2024・第 2 年,持續追蹤
2024LDTS00148,臺北市立聯合醫院,慧智基因醫學實驗室,慧智帶因篩檢v1.0,臺北市,遺傳代謝與罕見疾病之基因檢測,2024,2,observe,觀察・2024・第 2 年,持續追蹤
2024LDTS00169,臺北市立聯合醫院,慧智基因醫學實驗室,慧智帶因篩檢v2.0,臺北市,遺傳代謝與罕見疾病之基因檢測,2024,2,observe,觀察・2024・第 2 年,持續追蹤
2024LDTS00170,臺北市立聯合醫院,慧智基因醫學實驗室,慧智帶因篩檢v3.0,臺北市,遺傳代謝與罕見疾病之基因檢測,2024,2,observe,觀察・2024・第 2 年,持續追蹤
2024LDTS00058,臺北醫學大學附設醫院,精準醫學實驗室,"BRCA1, BRCA2 基因檢測",臺北市,癌症篩檢、診斷、治療及預後之基因檢測,2024,2,observe,觀察・2024・第 2 年,持續追蹤
2024LDTS00184,臺北醫學大學附設醫院,精準醫學核心實驗室,C-kit/PDGFRA基因突變檢測,臺南市,癌症篩檢、診斷、治療及預後之基因檢測,2024,2,observe,觀察・2024・第 2 年,持續追蹤
2024LDTS00201,臺北醫學大學附設醫院,精準醫學核心實驗室,IDH1、IDH2基因突變檢測,臺南市,癌症篩檢、診斷、治療及預後之基因檢測,2024,2,observe,觀察・2024・第 2 年,持續追蹤
2024LDTS00185,臺北醫學大學附設醫院,精準醫學核心實驗室,MET基因突變檢測,臺南市,癌症篩檢、診斷、治療及預後之基因檢測,2024,2,observe,觀察・2024・第 2 年,持續追蹤
2024LDTS00186,臺北醫學大學附設醫院,精準醫學核心實驗室,NTRK1基因突變檢測,臺南市,癌症篩檢、診斷、治療及預後之基因檢測,2024,2,observe,觀察・2024・第 2 年,持續追蹤
2024LDTS00187,臺北醫學大學附設醫院,精準醫學核心實驗室,NTRK2基因突變檢測,臺南市,癌症篩檢、診斷、治療及預後之基因檢測,2024,2,observe,觀察・2024・第 2 年,持續追蹤
2024LDTS00188,臺北醫學大學附設醫院,精準醫學核心實驗室,NTRK3基因突變檢測,臺南市,癌症篩檢、診斷、治療及預後之基因檢測,2024,2,observe,觀察・2024・第 2 年,持續追蹤
2024LDTS00189,臺北醫學大學附設醫院,精準醫學核心實驗室,RET基因突變檢測,臺南市,癌症篩檢、診斷、治療及預後之基因檢測,2024,2,observe,觀察・2024・第 2 年,持續追蹤
2024LDTS00203,臺北醫學大學附設醫院,精準醫學核心實驗室,TERT promoter基因突變檢測,臺南市,癌症篩檢、診斷、治療及預後之基因檢測,2024,2,observe,觀察・2024・第 2 年,持續追蹤
2024LDTS00060,臺北醫學大學附設醫院,精準醫學實驗室,適藥型癌症基因變異檢測(次世代定序),臺北市,癌症篩檢、診斷、治療及預後之基因檢測,2024,2,observe,觀察・2024・第 2 年,持續追蹤
2024LDTS00059,臺北醫學大學附設醫院,精準醫學實驗室,骨髓性血液腫瘤基因檢測,臺北市,癌症篩檢、診斷、治療及預後之基因檢測,2024,2,observe,觀察・2024・第 2 年,持續追蹤
2024LDTS00128,臺南市立安南醫院-委託中國醫藥大學興建經營,精準醫學核心實驗室,同源重組修復缺失基因檢測,臺南市,癌症篩檢、診斷、治療及預後之基因檢測,2024,2,observe,觀察・2024・第 2 年,持續追蹤
2024LDTS00113,臺南市立安南醫院-委託中國醫藥大學興建經營,慧智基因醫學實驗室,慧智CGP癌症基因檢測(全方位癌症基因檢測),臺北市,癌症篩檢、診斷、治療及預後之基因檢測,2024,2,observe,觀察・2024・第 2 年,持續追蹤
2024LDTS00115,臺南市立安南醫院-委託中國醫藥大學興建經營,慧智基因醫學實驗室,慧智癌監控基因檢測-乳癌,臺北市,癌症篩檢、診斷、治療及預後之基因檢測,2024,2,observe,觀察・2024・第 2 年,持續追蹤
2024LDTS00119,臺南市立安南醫院-委託中國醫藥大學興建經營,慧智基因醫學實驗室,慧智癌監控基因檢測-大腸癌,臺北市,癌症篩檢、診斷、治療及預後之基因檢測,2024,2,observe,觀察・2024・第 2 年,持續追蹤
2024LDTS00120,臺南市立安南醫院-委託中國醫藥大學興建經營,慧智基因醫學實驗室,慧智癌監控基因檢測-泌尿道上皮癌,臺北市,癌症篩檢、診斷、治療及預後之基因檢測,2024,2,observe,觀察・2024・第 2 年,持續追蹤
2024LDTS00114,臺南市立安南醫院-委託中國醫藥大學興建經營,慧智基因醫學實驗室,慧智癌監控基因檢測-肺癌,臺北市,癌症篩檢、診斷、治療及預後之基因檢測,2024,2,observe,觀察・2024・第 2 年,持續追蹤
2024LDTS00121,臺南市立安南醫院-委託中國醫藥大學興建經營,慧智基因醫學實驗室,慧智癌監控基因檢測-膽管癌,臺北市,癌症篩檢、診斷、治療及預後之基因檢測,2024,2,observe,觀察・2024・第 2 年,持續追蹤
2024LDTS00174,臺南市立安南醫院-委託中國醫藥大學興建經營,精準醫學核心實驗室,次世代定序 BRCA1、BRCA2 基因突變檢測,臺南市,癌症篩檢、診斷、治療及預後之基因檢測,2024,2,observe,觀察・2024・第 2 年,持續追蹤
2024LDTS00179,臺南市立安南醫院-委託中國醫藥大學興建經營,精準醫學核心實驗室,次世代定序廣泛型癌症基因檢測,臺南市,癌症篩檢、診斷、治療及預後之基因檢測,2024,2,observe,觀察・2024・第 2 年,持續追蹤
2024LDTS00173,臺南市立安南醫院-委託中國醫藥大學興建經營,精準醫學核心實驗室,次世代定序廣泛性癌症融合基因檢測,臺南市,癌症篩檢、診斷、治療及預後之基因檢測,2024,2,observe,觀察・2024・第 2 年,持續追蹤
2024LDTS00130,臺南市立安南醫院-委託中國醫藥大學興建經營,精準醫學核心實驗室,次世代定序癌症用藥基因檢測,臺南市,癌症篩檢、診斷、治療及預後之基因檢測,2024,2,observe,觀察・2024・第 2 年,持續追蹤
2024LDTS00175,臺南市立安南醫院-委託中國醫藥大學興建經營,精準醫學核心實驗室,次世代定序癌症用藥融合基因檢測,臺南市,癌症篩檢、診斷、治療及預後之基因檢測,2024,2,observe,觀察・2024・第 2 年,持續追蹤
2024LDTS00048,臺南市立安南醫院-委託中國醫藥大學興建經營,精準醫學核心實驗室,次世代定序白血病基因檢測,臺南市,癌症篩檢、診斷、治療及預後之基因檢測,2024,2,observe,觀察・2024・第 2 年,持續追蹤
2024LDTS00049,臺南市立安南醫院-委託中國醫藥大學興建經營,精準醫學核心實驗室,次世代定序骨髓型血液腫瘤基因檢測,臺南市,癌症篩檢、診斷、治療及預後之基因檢測,2024,2,observe,觀察・2024・第 2 年,持續追蹤
2024LDTS00192,茂盛板橋生殖診所,欣奕醫事檢驗所,X染色體脆折症基因檢測,新北市,遺傳代謝與罕見疾病之基因檢測,2024,2,observe,觀察・2024・第 2 年,持續追蹤
2024LDTS00195,茂盛板橋生殖診所,欣奕醫事檢驗所,亨丁頓舞蹈症基因檢測,新北市,遺傳代謝與罕見疾病之基因檢測,2024,2,observe,觀察・2024・第 2 年,持續追蹤
2024LDTS00194,茂盛板橋生殖診所,欣奕醫事檢驗所,脊髓性肌肉萎縮症基因檢測,新北市,遺傳代謝與罕見疾病之基因檢測,2024,2,observe,觀察・2024・第 2 年,持續追蹤
2024LDTS00196,茂盛板橋生殖診所,欣奕醫事檢驗所,葉酸代謝基因檢測,新北市,遺傳代謝與罕見疾病之基因檢測,2024,2,observe,觀察・2024・第 2 年,持續追蹤
2024LDTS00065,華育婦產科診所,英緹檢測服務實驗室,Embryo46胚胎著床前染色體非整倍體檢測,新竹縣,產前及新生兒染色體與基因變異檢測,2024,2,observe,觀察・2024・第 2 年,持續追蹤
2024LDTS00205,行天宮醫療志業醫療財團法人恩主公醫院,慧智基因醫學實驗室,慧智CGP癌症基因檢測,臺北市,癌症篩檢、診斷、治療及預後之基因檢測,2024,2,observe,觀察・2024・第 2 年,持續追蹤
2024LDTS00204,行天宮醫療志業醫療財團法人恩主公醫院,慧智基因醫學實驗室,慧智癌風險-BRCA1/2基因檢測,臺北市,癌症篩檢、診斷、治療及預後之基因檢測,2024,2,observe,觀察・2024・第 2 年,持續追蹤
2024LDTS00177,衛生福利部南投醫院,慧智基因醫學實驗室,慧智癌監控基因檢測-BRCA 1/2,臺北市,癌症篩檢、診斷、治療及預後之基因檢測,2024,2,observe,觀察・2024・第 2 年,持續追蹤
2024LDTS00190,衛生福利部南投醫院,慧智基因醫學實驗室,慧智癌風險-BRCA 1/2基因檢測,臺北市,癌症篩檢、診斷、治療及預後之基因檢測,2024,2,observe,觀察・2024・第 2 年,持續追蹤
2024LDTS00069,衛生福利部屏東醫院,行動基因臨床分子醫學實驗室,ACTBRCA貝癌檢癌症基因檢測（組織）,臺北市,癌症篩檢、診斷、治療及預後之基因檢測,2024,2,observe,觀察・2024・第 2 年,持續追蹤
2024LDTS00067,衛生福利部屏東醫院,行動基因臨床分子醫學實驗室,ACTDrug+癌核克癌症基因檢測,臺北市,癌症篩檢、診斷、治療及預後之基因檢測,2024,2,observe,觀察・2024・第 2 年,持續追蹤
2024LDTS00068,衛生福利部屏東醫院,行動基因臨床分子醫學實驗室,ACTFusion癌融克癌症基因檢測,臺北市,癌症篩檢、診斷、治療及預後之基因檢測,2024,2,observe,觀察・2024・第 2 年,持續追蹤
2024LDTS00071,衛生福利部屏東醫院,行動基因臨床分子醫學實驗室,ACTMonitor Breast乳易蹤癌症基因檢測,臺北市,癌症篩檢、診斷、治療及預後之基因檢測,2024,2,observe,觀察・2024・第 2 年,持續追蹤
2024LDTS00072,衛生福利部屏東醫院,行動基因臨床分子醫學實驗室,ACTMonitor Colon腸易蹤癌症基因檢測,臺北市,癌症篩檢、診斷、治療及預後之基因檢測,2024,2,observe,觀察・2024・第 2 年,持續追蹤
2024LDTS00070,衛生福利部屏東醫院,行動基因臨床分子醫學實驗室,ACTMonitor Lung肺易蹤癌症基因檢測,臺北市,癌症篩檢、診斷、治療及預後之基因檢測,2024,2,observe,觀察・2024・第 2 年,持續追蹤
2024LDTS00066,衛生福利部屏東醫院,行動基因臨床分子醫學實驗室,ACTOnco+癌安克癌症基因檢測,臺北市,癌症篩檢、診斷、治療及預後之基因檢測,2024,2,observe,觀察・2024・第 2 年,持續追蹤
2024LDTS00106,醫療財團法人辜公亮基金會和信治癌中心醫院,金萬林實驗室,血液腫瘤用藥檢測,新北市,癌症篩檢、診斷、治療及預後之基因檢測,2024,2,observe,觀察・2024・第 2 年,持續追蹤
2024LDTS00154,鈞安婦幼聯合醫院,華聯中心實驗室,CytoOneArray 染色體晶片分析,新竹縣,產前及新生兒染色體與基因變異檢測,2024,2,observe,觀察・2024・第 2 年,持續追蹤
2024LDTS00164,鈞安婦幼聯合醫院,國立成功大學基因體醫學中心,FMR1 基因分子檢測,臺南市,產前及新生兒染色體與基因變異檢測,2024,2,observe,觀察・2024・第 2 年,持續追蹤
2024LDTS00163,鈞安婦幼聯合醫院,國立成功大學基因體醫學中心,SMN1／SMN2基因分子檢測,臺南市,產前及新生兒染色體與基因變異檢測,2024,2,observe,觀察・2024・第 2 年,持續追蹤
2024LDTS00167,鈞安婦幼聯合醫院,柯滄銘婦產科診所 基因飛躍生命科學實驗室,先天中樞換氣不足症候群基因檢驗,臺北市,產前及新生兒染色體與基因變異檢測,2024,2,observe,觀察・2024・第 2 年,持續追蹤
2024LDTS00168,鈞安婦幼聯合醫院,柯滄銘婦產科診所 基因飛躍生命科學實驗室,常見遺傳性聽損基因檢驗,臺北市,產前及新生兒染色體與基因變異檢測,2024,2,observe,觀察・2024・第 2 年,持續追蹤
2024LDTS00165,鈞安婦幼聯合醫院,國立成功大學基因體醫學中心,感覺神經性聽損基因檢測,臺南市,產前及新生兒染色體與基因變異檢測,2024,2,observe,觀察・2024・第 2 年,持續追蹤
2024LDTS00155,鈞安婦幼聯合醫院,國立成功大學基因體醫學中心,非侵入性產前染色體檢測-NIPT1.0,臺南市,產前及新生兒染色體與基因變異檢測,2024,2,observe,觀察・2024・第 2 年,持續追蹤
2024LDTS00156,鈞安婦幼聯合醫院,國立成功大學基因體醫學中心,非侵入性產前染色體檢測-NIPT2.0,臺南市,產前及新生兒染色體與基因變異檢測,2024,2,observe,觀察・2024・第 2 年,持續追蹤
2024LDTS00157,鈞安婦幼聯合醫院,國立成功大學基因體醫學中心,非侵入性產前染色體檢測-NIPT3.0,臺南市,產前及新生兒染色體與基因變異檢測,2024,2,observe,觀察・2024・第 2 年,持續追蹤
2024LDTS00233,長庚醫療財團法人高雄長庚紀念醫院,行動基因臨床分子醫學實驗室,ACTHRD帕癌檢癌症基因檢測,臺北市,癌症篩檢、診斷、治療及預後之基因檢測,2024,2,observe,觀察・2024・第 2 年,持續追蹤
2024LDTS00009,高雄榮民總醫院,Guardant Health Clinical laboratory,癌症基因液態切片檢測,高雄市,癌症篩檢、診斷、治療及預後之基因檢測,2024,2,observe,觀察・2024・第 2 年,持續追蹤
2024LDTS00217,黃彥華婦產科診所,欣奕醫事檢驗所,X染色體脆折症基因檢測,新北市,遺傳代謝與罕見疾病之基因檢測,2024,2,observe,觀察・2024・第 2 年,持續追蹤
2024LDTS00219,黃彥華婦產科診所,欣奕醫事檢驗所,亨丁頓舞蹈症基因檢測,新北市,遺傳代謝與罕見疾病之基因檢測,2024,2,observe,觀察・2024・第 2 年,持續追蹤
2024LDTS00218,黃彥華婦產科診所,欣奕醫事檢驗所,脊髓性肌肉萎縮症基因檢測,新北市,遺傳代謝與罕見疾病之基因檢測,2024,2,observe,觀察・2024・第 2 年,持續追蹤
2024LDTS00220,黃彥華婦產科診所,欣奕醫事檢驗所,葉酸代謝基因檢測,新北市,遺傳代謝與罕見疾病之基因檢測,2024,2,observe,觀察・2024・第 2 年,持續追蹤
2024LDTS00215,黃彥華婦產科診所,欣奕醫事檢驗所,非侵入性胎兒染色體基因檢測-NIFTY PLUS（單胞胎）（39項）,新北市,產前及新生兒染色體與基因變異檢測,2024,2,observe,觀察・2024・第 2 年,持續追蹤
2024LDTS00216,黃彥華婦產科診所,欣奕醫事檢驗所,非侵入性胎兒染色體基因檢測-NIFTY PRO（單胞胎）（111項）,新北市,產前及新生兒染色體與基因變異檢測,2024,2,observe,觀察・2024・第 2 年,持續追蹤
2024LDTS00214,黃彥華婦產科診所,欣奕醫事檢驗所,非侵入性胎兒染色體基因檢測-NIFTY（單胞胎）（7項）,新北市,產前及新生兒染色體與基因變異檢測,2024,2,observe,觀察・2024・第 2 年,持續追蹤
2024LDTS00213,黃彥華婦產科診所,欣奕醫事檢驗所,非侵入性胎兒染色體基因檢測-NIFTY（雙胞胎）（3項）,新北市,產前及新生兒染色體與基因變異檢測,2024,2,observe,觀察・2024・第 2 年,持續追蹤
2025LDTS00564,三軍總醫院松山分院附設民眾診療服務處,國立成功大學基因體醫學中心,非侵入性產前染色體檢測-NIPT1.0,臺南市,產前及新生兒染色體與基因變異檢測,2025,1,safe,安全・2025・近期,持續追蹤
2025LDTS00563,三軍總醫院松山分院附設民眾診療服務處,國立成功大學基因體醫學中心,非侵入性產前染色體檢測-NIPT2.0,臺南市,產前及新生兒染色體與基因變異檢測,2025,1,safe,安全・2025・近期,持續追蹤
2025LDTS00562,三軍總醫院松山分院附設民眾診療服務處,國立成功大學基因體醫學中心,非侵入性產前染色體檢測-NIPT3.0,臺南市,產前及新生兒染色體與基因變異檢測,2025,1,safe,安全・2025・近期,持續追蹤
2025LDTS00820,三軍總醫院澎湖分院附設民眾診療服務處,創源分生實驗室,NIPT非侵入性胎兒染色體檢測Q寶PLUS三十八合一,臺北市,產前及新生兒染色體與基因變異檢測,2025,1,safe,安全・2025・近期,持續追蹤
2025LDTS00821,三軍總醫院澎湖分院附設民眾診療服務處,創源分生實驗室,SNP晶片染色體篩檢-750K,臺北市,產前及新生兒染色體與基因變異檢測,2025,1,safe,安全・2025・近期,持續追蹤
2025LDTS00692,三軍總醫院澎湖分院附設民眾診療服務處,創源分生實驗室,X染色體脆折症帶因篩檢,臺北市,產前及新生兒染色體與基因變異檢測,2025,1,safe,安全・2025・近期,持續追蹤
2025LDTS00127,三軍總醫院附設民眾診療服務處,Igenomix Taiwan Ltd 台灣艾捷隆實驗室,PGT-A胚胎著床前染色體篩檢,新北市,產前及新生兒染色體與基因變異檢測,2025,1,safe,安全・2025・近期,持續追蹤
2025LDTS00409,三軍總醫院附設民眾診療服務處,三軍總醫院附設民眾診療服務處精準醫學暨基因體中心,次世代定序感覺神經性聽損基因檢驗,臺北市,遺傳代謝與罕見疾病之基因檢測,2025,1,safe,安全・2025・近期,持續追蹤
2025LDTS01259,三軍總醫院附設民眾診療服務處,三軍總醫院附設民眾診療服務處精準醫學暨基因體中心,次世代定序癌症藥物基因檢驗：乳癌,臺北市,癌症篩檢、診斷、治療及預後之基因檢測,2025,1,safe,安全・2025・近期,持續追蹤
2025LDTS01252,三軍總醫院附設民眾診療服務處,三軍總醫院附設民眾診療服務處精準醫學暨基因體中心,次世代定序癌症藥物基因檢驗：大腸癌,臺北市,癌症篩檢、診斷、治療及預後之基因檢測,2025,1,safe,安全・2025・近期,持續追蹤
2025LDTS00128,三軍總醫院附設民眾診療服務處,創源分生實驗室,胚胎著床前染色體篩檢 Preimplantation Genetic Testing for Aneuploidies （PGT-A）,臺北市,產前及新生兒染色體與基因變異檢測,2025,1,safe,安全・2025・近期,持續追蹤
2025LDTS00115,三軍總醫院附設民眾診療服務處,創源分生實驗室,非侵入性三染色體篩檢（FFD）,臺北市,產前及新生兒染色體與基因變異檢測,2025,1,safe,安全・2025・近期,持續追蹤
2025LDTS00120,三軍總醫院附設民眾診療服務處,慧智基因醫學實驗室,非侵入性產前染色體篩檢-NIPT1.0,臺北市,產前及新生兒染色體與基因變異檢測,2025,1,safe,安全・2025・近期,持續追蹤
2025LDTS00117,三軍總醫院附設民眾診療服務處,創源分生實驗室,非侵入性產前染色體篩檢-NIPT1.0（FFDO）,臺北市,產前及新生兒染色體與基因變異檢測,2025,1,safe,安全・2025・近期,持續追蹤
2025LDTS00119,三軍總醫院附設民眾診療服務處,創源分生實驗室,非侵入性產前染色體篩檢-NIPT2.0（FFDP）,臺北市,產前及新生兒染色體與基因變異檢測,2025,1,safe,安全・2025・近期,持續追蹤
2025LDTS00116,三軍總醫院附設民眾診療服務處,創源分生實驗室,非侵入性產前染色體篩檢-NIPT3.0（FFDM）,臺北市,產前及新生兒染色體與基因變異檢測,2025,1,safe,安全・2025・近期,持續追蹤
2025LDTS01335,中國醫藥大學北港附設醫院,慧智基因醫學實驗室,慧智癌監控基因檢測-BRCA 1/2 （組織）,臺北市,癌症篩檢、診斷、治療及預後之基因檢測,2025,1,safe,安全・2025・近期,持續追蹤
2025LDTS01789,中國醫藥大學新竹附設醫院,慧智基因醫學實驗室,BRCA1/2基因檢測（組織）（委外慧智）,臺北市,癌症篩檢、診斷、治療及預後之基因檢測,2025,1,safe,安全・2025・近期,持續追蹤
2025LDTS01792,中國醫藥大學新竹附設醫院,慧智基因醫學實驗室,BRCA1/2基因檢測（血液）（委外慧智）,臺北市,癌症篩檢、診斷、治療及預後之基因檢測,2025,1,safe,安全・2025・近期,持續追蹤
2025LDTS01787,中國醫藥大學新竹附設醫院,慧智基因醫學實驗室,CGP癌症基因檢測（組織）（委外慧智）,臺北市,癌症篩檢、診斷、治療及預後之基因檢測,2025,1,safe,安全・2025・近期,持續追蹤
2025LDTS01788,中國醫藥大學新竹附設醫院,慧智基因醫學實驗室,HRD基因檢測（組織）（血液）（委外慧智）,臺北市,癌症篩檢、診斷、治療及預後之基因檢測,2025,1,safe,安全・2025・近期,持續追蹤
2025LDTS01784,中國醫藥大學新竹附設醫院,慧智基因醫學實驗室,聽損210基因篩檢（委外慧智v3.0）,臺北市,產前及新生兒染色體與基因變異檢測,2025,1,safe,安全・2025・近期,持續追蹤
2025LDTS01786,中國醫藥大學新竹附設醫院,慧智基因醫學實驗室,聽損6基因篩檢（委外慧智v1.0）,臺北市,產前及新生兒染色體與基因變異檢測,2025,1,safe,安全・2025・近期,持續追蹤
2025LDTS01785,中國醫藥大學新竹附設醫院,慧智基因醫學實驗室,聽損77基因篩檢（委外慧智v2.0）,臺北市,產前及新生兒染色體與基因變異檢測,2025,1,safe,安全・2025・近期,持續追蹤
2025LDTS01570,中山醫學大學附設醫院,行動基因臨床分子醫學實驗室,ACTHRD帕癌檢癌症基因檢測,臺北市,癌症篩檢、診斷、治療及預後之基因檢測,2025,1,safe,安全・2025・近期,持續追蹤
2025LDTS01861,中山醫學大學附設醫院,華聯中心實驗室,CytoOneArray染色體晶片分析,新竹縣,產前及新生兒染色體與基因變異檢測,2025,1,safe,安全・2025・近期,持續追蹤
2025LDTS01387,中山醫療社團法人中山醫院,創源分生實驗室,孕知因多疾病帶因篩檢-安心版,臺北市,產前及新生兒染色體與基因變異檢測,2025,1,safe,安全・2025・近期,持續追蹤
2025LDTS01385,中山醫療社團法人中山醫院,創源分生實驗室,腎小管發育不全基因檢測,臺北市,產前及新生兒染色體與基因變異檢測,2025,1,safe,安全・2025・近期,持續追蹤
2025LDTS01551,中山醫療社團法人中山醫院,創源分生實驗室,葉酸代謝基因檢測,臺北市,產前及新生兒染色體與基因變異檢測,2025,1,safe,安全・2025・近期,持續追蹤
2025LDTS01386,中山醫療社團法人中山醫院,創源分生實驗室,藥害性聽損基因檢測,臺北市,產前及新生兒染色體與基因變異檢測,2025,1,safe,安全・2025・近期,持續追蹤
2025LDTS01423,中心診所醫療財團法人中心綜合醫院,慧智基因醫學實驗室,慧智癌監控基因檢測-BRCA 1/2（組織）,臺北市,癌症篩檢、診斷、治療及預後之基因檢測,2025,1,safe,安全・2025・近期,持續追蹤
2025LDTS00412,亞洲大學附屬醫院,行動基因臨床分子醫學實驗室,ACTBRCA貝癌檢癌症基因檢測（組織）,臺北市,癌症篩檢、診斷、治療及預後之基因檢測,2025,1,safe,安全・2025・近期,持續追蹤
2025LDTS00416,亞洲大學附屬醫院,行動基因臨床分子醫學實驗室,ACTBRCA貝癌檢癌症基因檢測（血液）,臺北市,癌症篩檢、診斷、治療及預後之基因檢測,2025,1,safe,安全・2025・近期,持續追蹤
2025LDTS00411,亞洲大學附屬醫院,行動基因臨床分子醫學實驗室,ACTDrug+癌核克癌症基因檢測,臺北市,癌症篩檢、診斷、治療及預後之基因檢測,2025,1,safe,安全・2025・近期,持續追蹤
2025LDTS00413,亞洲大學附屬醫院,行動基因臨床分子醫學實驗室,ACTFusion癌融克癌症基因檢測,臺北市,癌症篩檢、診斷、治療及預後之基因檢測,2025,1,safe,安全・2025・近期,持續追蹤
2025LDTS00414,亞洲大學附屬醫院,行動基因臨床分子醫學實驗室,ACTHRD帕癌檢癌症基因檢測,臺北市,癌症篩檢、診斷、治療及預後之基因檢測,2025,1,safe,安全・2025・近期,持續追蹤
2025LDTS00410,亞洲大學附屬醫院,行動基因臨床分子醫學實驗室,ACTLung肺核克癌症基因檢測,臺北市,癌症篩檢、診斷、治療及預後之基因檢測,2025,1,safe,安全・2025・近期,持續追蹤
2025LDTS00415,亞洲大學附屬醫院,行動基因臨床分子醫學實驗室,ACTOnco+癌安克癌症基因檢測,臺北市,癌症篩檢、診斷、治療及預後之基因檢測,2025,1,safe,安全・2025・近期,持續追蹤
2025LDTS01284,亞洲大學附屬醫院,創源分生實驗室,孕產前多疾病帶因者篩檢-安心版,臺北市,產前及新生兒染色體與基因變異檢測,2025,1,safe,安全・2025・近期,持續追蹤
2025LDTS01293,亞洲大學附屬醫院,創源分生實驗室,腎小管發育不全基因檢測,臺北市,產前及新生兒染色體與基因變異檢測,2025,1,safe,安全・2025・近期,持續追蹤
2025LDTS01506,亞洲大學附屬醫院,創源分生實驗室,葉酸代謝基因檢測,臺北市,產前及新生兒染色體與基因變異檢測,2025,1,safe,安全・2025・近期,持續追蹤
2025LDTS01342,亞洲大學附屬醫院,創源分生實驗室,藥害性聽損基因檢測,臺北市,產前及新生兒染色體與基因變異檢測,2025,1,safe,安全・2025・近期,持續追蹤
2025LDTS01708,仁愛醫療財團法人大里仁愛醫院,林口長庚紀念醫院檢驗醫學部,POLE基因檢測,桃園市,癌症篩檢、診斷、治療及預後之基因檢測,2025,1,safe,安全・2025・近期,持續追蹤
2025LDTS01942,佑昇診所,英緹檢測服務實驗室,PGT-A Pixl胚胎著床前染色體篩檢,新竹縣,產前及新生兒染色體與基因變異檢測,2025,1,safe,安全・2025・近期,持續追蹤
2025LDTS01546,佑昇診所,創源分生實驗室,SNP+胚胎著床前染色體篩檢 SNP added Preimplantation Genetic Testing for Aneuploidies （SNP+ PGT-A）,臺北市,產前及新生兒染色體與基因變異檢測,2025,1,safe,安全・2025・近期,持續追蹤
2025LDTS01733,佑昇診所,創源分生實驗室,X染色體脆折症帶因篩檢,臺北市,產前及新生兒染色體與基因變異檢測,2025,1,safe,安全・2025・近期,持續追蹤
2025LDTS01548,佑昇診所,創源分生實驗室,孕知因多疾病帶因篩檢-安心版,臺北市,產前及新生兒染色體與基因變異檢測,2025,1,safe,安全・2025・近期,持續追蹤
2025LDTS01545,佑昇診所,創源分生實驗室,胚胎著床前染色體篩檢SNP附加分析Preimplantation Genetic Testing for Aneuploidies （PGT-A） and Additional SNP analysis,臺北市,產前及新生兒染色體與基因變異檢測,2025,1,safe,安全・2025・近期,持續追蹤
2025LDTS01734,佑昇診所,創源分生實驗室,脊髓性肌肉萎縮症帶因篩檢,臺北市,產前及新生兒染色體與基因變異檢測,2025,1,safe,安全・2025・近期,持續追蹤
2025LDTS01735,佑昇診所,創源分生實驗室,脊髓性肌肉萎縮症帶因篩檢 （含空間排列錯置風險評估）,臺北市,產前及新生兒染色體與基因變異檢測,2025,1,safe,安全・2025・近期,持續追蹤
2025LDTS01547,佑昇診所,創源分生實驗室,腎小管發育不全基因檢測,臺北市,產前及新生兒染色體與基因變異檢測,2025,1,safe,安全・2025・近期,持續追蹤
2025LDTS01549,佑昇診所,創源分生實驗室,葉酸代謝基因檢測,臺北市,產前及新生兒染色體與基因變異檢測,2025,1,safe,安全・2025・近期,持續追蹤
2025LDTS01493,佑昇診所,創源分生實驗室,藥害性聽損基因檢測,臺北市,產前及新生兒染色體與基因變異檢測,2025,1,safe,安全・2025・近期,持續追蹤
2025LDTS01505,佑昇診所,國立成功大學基因體醫學中心,隱性遺傳疾病帶因檢測,臺南市,產前及新生兒染色體與基因變異檢測,2025,1,safe,安全・2025・近期,持續追蹤
2025LDTS01705,佑民醫療社團法人佑民醫院,創源分生實驗室,腎小管發育不全基因檢測,臺北市,產前及新生兒染色體與基因變異檢測,2025,1,safe,安全・2025・近期,持續追蹤
2025LDTS01706,佑民醫療社團法人佑民醫院,創源分生實驗室,藥害性聽損基因檢測,臺北市,產前及新生兒染色體與基因變異檢測,2025,1,safe,安全・2025・近期,持續追蹤
2025LDTS01281,佑生婦產科診所,創源分生實驗室,孕知因多疾病帶因篩檢-安心版,臺北市,產前及新生兒染色體與基因變異檢測,2025,1,safe,安全・2025・近期,持續追蹤
2025LDTS00880,佑生婦產科診所,創源分生實驗室,腎小管發育不全基因檢測,臺北市,產前及新生兒染色體與基因變異檢測,2025,1,safe,安全・2025・近期,持續追蹤
2025LDTS01597,佑生婦產科診所,創源分生實驗室,葉酸代謝基因檢測,臺北市,產前及新生兒染色體與基因變異檢測,2025,1,safe,安全・2025・近期,持續追蹤
2025LDTS01337,佑生婦產科診所,基因飛躍生命科學實驗室,非侵入性胎兒染色體檢驗,臺北市,產前及新生兒染色體與基因變異檢測,2025,1,safe,安全・2025・近期,持續追蹤
2025LDTS01262,何婦產科診所,創源分生實驗室,孕知因多疾病帶因篩檢-安心版,臺北市,產前及新生兒染色體與基因變異檢測,2025,1,safe,安全・2025・近期,持續追蹤
2025LDTS00706,何婦產科診所,創源分生實驗室,腎小管發育不全基因檢測,臺北市,產前及新生兒染色體與基因變異檢測,2025,1,safe,安全・2025・近期,持續追蹤
2025LDTS01063,佛教慈濟醫療財團法人台中慈濟醫院,彰化基督教醫療財團法人彰化基督教醫院基因醫學部,CLL-FISH慢性淋巴細胞性白血病-螢光原位雜交技術檢測,彰化縣,癌症篩檢、診斷、治療及預後之基因檢測,2025,1,safe,安全・2025・近期,持續追蹤
2025LDTS01064,佛教慈濟醫療財團法人台中慈濟醫院,彰化基督教醫療財團法人彰化基督教醫院基因醫學部,MM-FISH多發性骨髓瘤-螢光原位雜交技術檢測,彰化縣,癌症篩檢、診斷、治療及預後之基因檢測,2025,1,safe,安全・2025・近期,持續追蹤
2025LDTS01932,佛教慈濟醫療財團法人嘉義慈濟診所,創源分生實驗室,X染色體脆折症帶因篩檢,臺北市,產前及新生兒染色體與基因變異檢測,2025,1,safe,安全・2025・近期,持續追蹤
2025LDTS00671,佛教慈濟醫療財團法人大林慈濟醫院,慧智基因醫學實驗室,慧智CGP癌症基因檢測（全方位癌症基因檢測）,臺北市,癌症篩檢、診斷、治療及預後之基因檢測,2025,1,safe,安全・2025・近期,持續追蹤
2025LDTS00673,佛教慈濟醫療財團法人大林慈濟醫院,慧智基因醫學實驗室,慧智HRD檢測,臺北市,癌症篩檢、診斷、治療及預後之基因檢測,2025,1,safe,安全・2025・近期,持續追蹤
2025LDTS00668,佛教慈濟醫療財團法人大林慈濟醫院,慧智基因醫學實驗室,慧智癌監控基因檢測-BRCA 1/2（組織）,臺北市,癌症篩檢、診斷、治療及預後之基因檢測,2025,1,safe,安全・2025・近期,持續追蹤
2025LDTS00672,佛教慈濟醫療財團法人大林慈濟醫院,慧智基因醫學實驗室,慧智癌監控基因檢測-肺癌,臺北市,癌症篩檢、診斷、治療及預後之基因檢測,2025,1,safe,安全・2025・近期,持續追蹤
2025LDTS00670,佛教慈濟醫療財團法人大林慈濟醫院,慧智基因醫學實驗室,慧智癌風險-BRCA1/2基因檢測,臺北市,癌症篩檢、診斷、治療及預後之基因檢測,2025,1,safe,安全・2025・近期,持續追蹤
2025LDTS00262,佛教慈濟醫療財團法人大林慈濟醫院,金萬林實驗室,金萬林全面型癌循環核酸檢測,新北市,癌症篩檢、診斷、治療及預後之基因檢測,2025,1,safe,安全・2025・近期,持續追蹤
2025LDTS00263,佛教慈濟醫療財團法人大林慈濟醫院,金萬林實驗室,金萬林全面型癌組織用藥檢測,新北市,癌症篩檢、診斷、治療及預後之基因檢測,2025,1,safe,安全・2025・近期,持續追蹤
2025LDTS00261,佛教慈濟醫療財團法人大林慈濟醫院,金萬林實驗室,金萬林血液腫瘤用藥檢測,新北市,癌症篩檢、診斷、治療及預後之基因檢測,2025,1,safe,安全・2025・近期,持續追蹤
2025LDTS01509,佛教慈濟醫療財團法人大林慈濟醫院,彰化基督教醫療財團法人彰化基督教醫院基因醫學部,非侵入性胎兒染色體檢測-升級型,彰化縣,產前及新生兒染色體與基因變異檢測,2025,1,safe,安全・2025・近期,持續追蹤
2025LDTS01508,佛教慈濟醫療財團法人大林慈濟醫院,彰化基督教醫療財團法人彰化基督教醫院基因醫學部,非侵入性胎兒染色體檢測-基本型,彰化縣,產前及新生兒染色體與基因變異檢測,2025,1,safe,安全・2025・近期,持續追蹤
2025LDTS01510,佛教慈濟醫療財團法人大林慈濟醫院,彰化基督教醫療財團法人彰化基督教醫院基因醫學部,非侵入性胎兒染色體檢測-頂級型,彰化縣,產前及新生兒染色體與基因變異檢測,2025,1,safe,安全・2025・近期,持續追蹤
2025LDTS02198,佛教慈濟醫療財團法人花蓮慈濟醫院,金萬林實驗室,全面型癌循環核酸檢測,新北市,癌症篩檢、診斷、治療及預後之基因檢測,2025,1,safe,安全・2025・近期,持續追蹤
2025LDTS02199,佛教慈濟醫療財團法人花蓮慈濟醫院,金萬林實驗室,全面型癌組織用藥檢測,新北市,癌症篩檢、診斷、治療及預後之基因檢測,2025,1,safe,安全・2025・近期,持續追蹤
2025LDTS01481,佛教慈濟醫療財團法人花蓮慈濟醫院,佛教慈濟醫療財團法人花蓮慈濟醫院生殖醫學中心基因實驗室,次世代定序胚胎著床前染色體篩檢,花蓮縣,產前及新生兒染色體與基因變異檢測,2025,1,safe,安全・2025・近期,持續追蹤
2025LDTS02197,佛教慈濟醫療財團法人花蓮慈濟醫院,金萬林實驗室,血液腫瘤用藥檢測,新北市,癌症篩檢、診斷、治療及預後之基因檢測,2025,1,safe,安全・2025・近期,持續追蹤
2025LDTS01420,健安婦產科診所,創源分生實驗室,SNP+胚胎著床前染色體篩檢 SNP added Preimplantation Genetic Testing for Aneuploidies （SNP+ PGT-A）,臺北市,產前及新生兒染色體與基因變異檢測,2025,1,safe,安全・2025・近期,持續追蹤
2025LDTS01422,健安婦產科診所,創源分生實驗室,孕知因多疾病帶因篩檢-安心版,臺北市,產前及新生兒染色體與基因變異檢測,2025,1,safe,安全・2025・近期,持續追蹤
2025LDTS01419,健安婦產科診所,創源分生實驗室,胚胎著床前染色體篩檢SNP附加分析Preimplantation Genetic Testing for Aneuploidies （PGT-A） and Additional SNP analysis,臺北市,產前及新生兒染色體與基因變異檢測,2025,1,safe,安全・2025・近期,持續追蹤
2025LDTS01745,健安婦產科診所,創源分生實驗室,脊髓性肌肉萎縮症帶因篩檢 （含空間排列錯置風險評估）,臺北市,產前及新生兒染色體與基因變異檢測,2025,1,safe,安全・2025・近期,持續追蹤
2025LDTS01421,健安婦產科診所,創源分生實驗室,腎小管發育不全基因檢測,臺北市,產前及新生兒染色體與基因變異檢測,2025,1,safe,安全・2025・近期,持續追蹤
2025LDTS01605,健安婦產科診所,創源分生實驗室,葉酸代謝基因檢測,臺北市,產前及新生兒染色體與基因變異檢測,2025,1,safe,安全・2025・近期,持續追蹤
2025LDTS01406,健安婦產科診所,創源分生實驗室,藥害性聽損基因檢測,臺北市,產前及新生兒染色體與基因變異檢測,2025,1,safe,安全・2025・近期,持續追蹤
2025LDTS01266,元程婦產科診所,創源分生實驗室,孕知因多疾病帶因篩檢-安心版,臺北市,產前及新生兒染色體與基因變異檢測,2025,1,safe,安全・2025・近期,持續追蹤
2025LDTS00686,元程婦產科診所,創源分生實驗室,腎小管發育不全基因檢測,臺北市,產前及新生兒染色體與基因變異檢測,2025,1,safe,安全・2025・近期,持續追蹤
2025LDTS01542,元程婦產科診所,創源分生實驗室,葉酸代謝基因檢測,臺北市,產前及新生兒染色體與基因變異檢測,2025,1,safe,安全・2025・近期,持續追蹤
2025LDTS00462,光田醫療社團法人光田綜合醫院,行動基因臨床分子醫學實驗室,ACTBRCA貝癌檢癌症基因檢測(組織),臺北市,癌症篩檢、診斷、治療及預後之基因檢測,2025,1,safe,安全・2025・近期,持續追蹤
2025LDTS00463,光田醫療社團法人光田綜合醫院,行動基因臨床分子醫學實驗室,ACTBRCA貝癌檢癌症基因檢測（血液）,臺北市,癌症篩檢、診斷、治療及預後之基因檢測,2025,1,safe,安全・2025・近期,持續追蹤
2025LDTS00461,光田醫療社團法人光田綜合醫院,行動基因臨床分子醫學實驗室,ACTDrug+癌核克癌症基因檢測,臺北市,癌症篩檢、診斷、治療及預後之基因檢測,2025,1,safe,安全・2025・近期,持續追蹤
2025LDTS00460,光田醫療社團法人光田綜合醫院,行動基因臨床分子醫學實驗室,ACTFusion癌融克癌症基因檢測,臺北市,癌症篩檢、診斷、治療及預後之基因檢測,2025,1,safe,安全・2025・近期,持續追蹤
2025LDTS00459,光田醫療社團法人光田綜合醫院,行動基因臨床分子醫學實驗室,ACTHRD帕癌檢癌症基因檢測,臺北市,癌症篩檢、診斷、治療及預後之基因檢測,2025,1,safe,安全・2025・近期,持續追蹤
2025LDTS00458,光田醫療社團法人光田綜合醫院,行動基因臨床分子醫學實驗室,ACTLung肺核克癌症基因檢測,臺北市,癌症篩檢、診斷、治療及預後之基因檢測,2025,1,safe,安全・2025・近期,持續追蹤
2025LDTS00457,光田醫療社團法人光田綜合醫院,行動基因臨床分子醫學實驗室,ACTMonitor Lung肺易蹤癌症基因檢測,臺北市,癌症篩檢、診斷、治療及預後之基因檢測,2025,1,safe,安全・2025・近期,持續追蹤
2025LDTS00456,光田醫療社團法人光田綜合醫院,行動基因臨床分子醫學實驗室,ACTOnco+癌安克癌症基因檢測,臺北市,癌症篩檢、診斷、治療及預後之基因檢測,2025,1,safe,安全・2025・近期,持續追蹤
2025LDTS00159,光田醫療社團法人光田綜合醫院,醫療財團法人病理發展基金會台北病理中心,Ampliseq for Illumina Focus Panel次世代定序基因檢測,臺北市,癌症篩檢、診斷、治療及預後之基因檢測,2025,1,safe,安全・2025・近期,持續追蹤
2025LDTS00158,光田醫療社團法人光田綜合醫院,醫療財團法人病理發展基金會台北病理中心,Archer FusionPlex Lung Panel for Illumina 次世代定序基因檢測,臺北市,癌症篩檢、診斷、治療及預後之基因檢測,2025,1,safe,安全・2025・近期,持續追蹤
2025LDTS01497,光田醫療社團法人光田綜合醫院,金萬林實驗室,全面型癌循環核酸檢測,新北市,癌症篩檢、診斷、治療及預後之基因檢測,2025,1,safe,安全・2025・近期,持續追蹤
2025LDTS01496,光田醫療社團法人光田綜合醫院,金萬林實驗室,全面型癌組織用藥檢測,新北市,癌症篩檢、診斷、治療及預後之基因檢測,2025,1,safe,安全・2025・近期,持續追蹤
2025LDTS00163,光田醫療社團法人光田綜合醫院,精準醫學核心實驗室,次世代定序廣泛性癌症融合基因檢測,臺南市,癌症篩檢、診斷、治療及預後之基因檢測,2025,1,safe,安全・2025・近期,持續追蹤
2025LDTS00165,光田醫療社團法人光田綜合醫院,精準醫學核心實驗室,次世代定序癌症用藥基因檢測,臺南市,癌症篩檢、診斷、治療及預後之基因檢測,2025,1,safe,安全・2025・近期,持續追蹤
2025LDTS00166,光田醫療社團法人光田綜合醫院,精準醫學核心實驗室,次世代定序癌症用藥融合基因檢測,臺南市,癌症篩檢、診斷、治療及預後之基因檢測,2025,1,safe,安全・2025・近期,持續追蹤
2025LDTS00164,光田醫療社團法人光田綜合醫院,精準醫學核心實驗室,次世代定序遺傳性癌症基因檢測,臺南市,癌症篩檢、診斷、治療及預後之基因檢測,2025,1,safe,安全・2025・近期,持續追蹤
2025LDTS00231,光田醫療社團法人光田綜合醫院,精準醫學核心實驗室,肺癌用藥基因篩檢(11 genes),臺南市,癌症篩檢、診斷、治療及預後之基因檢測,2025,1,safe,安全・2025・近期,持續追蹤
2025LDTS00232,光田醫療社團法人光田綜合醫院,精準醫學核心實驗室,表皮生長因子受體(EGFR T790M)基因突變檢測,臺南市,癌症篩檢、診斷、治療及預後之基因檢測,2025,1,safe,安全・2025・近期,持續追蹤
2025LDTS00230,光田醫療社團法人光田綜合醫院,精準醫學核心實驗室,表皮生長因子受體（EGFR）基因突變檢測,臺南市,癌症篩檢、診斷、治療及預後之基因檢測,2025,1,safe,安全・2025・近期,持續追蹤
2025LDTS02161,劉忠俊婦產科診所,國立成功大學基因體醫學中心,FMR1基因分子檢測,臺南市,產前及新生兒染色體與基因變異檢測,2025,1,safe,安全・2025・近期,持續追蹤
2025LDTS02162,劉忠俊婦產科診所,國立成功大學基因體醫學中心,PHOX2B基因分子檢測,臺南市,產前及新生兒染色體與基因變異檢測,2025,1,safe,安全・2025・近期,持續追蹤
2025LDTS01617,劉忠俊婦產科診所,創源分生實驗室,SNP+胚胎著床前染色體篩檢 SNP added Preimplantation Genetic Testing for Aneuploidies （SNP+ PGT-A）,臺北市,產前及新生兒染色體與基因變異檢測,2025,1,safe,安全・2025・近期,持續追蹤
2025LDTS00611,劉忠俊婦產科診所,創源分生實驗室,孕知因多疾病帶因篩檢-安心版,臺北市,產前及新生兒染色體與基因變異檢測,2025,1,safe,安全・2025・近期,持續追蹤
2025LDTS02165,劉忠俊婦產科診所,國立成功大學基因體醫學中心,胚胎著床前篩檢,臺南市,產前及新生兒染色體與基因變異檢測,2025,1,safe,安全・2025・近期,持續追蹤
2025LDTS00576,劉忠俊婦產科診所,創源分生實驗室,腎小管發育不全基因檢測,臺北市,產前及新生兒染色體與基因變異檢測,2025,1,safe,安全・2025・近期,持續追蹤
2025LDTS00605,劉忠俊婦產科診所,創源分生實驗室,葉酸代謝基因檢測,臺北市,產前及新生兒染色體與基因變異檢測,2025,1,safe,安全・2025・近期,持續追蹤
2025LDTS00577,劉忠俊婦產科診所,創源分生實驗室,藥害性聽損基因檢測,臺北市,產前及新生兒染色體與基因變異檢測,2025,1,safe,安全・2025・近期,持續追蹤
2025LDTS02169,劉忠俊婦產科診所,國立成功大學基因體醫學中心,註生（助生）基因檢測,臺南市,產前及新生兒染色體與基因變異檢測,2025,1,safe,安全・2025・近期,持續追蹤
2025LDTS02166,劉忠俊婦產科診所,國立成功大學基因體醫學中心,非侵入性產前染色體檢測-NIPT1.0,臺南市,產前及新生兒染色體與基因變異檢測,2025,1,safe,安全・2025・近期,持續追蹤
2025LDTS02167,劉忠俊婦產科診所,國立成功大學基因體醫學中心,非侵入性產前染色體檢測-NIPT2.0,臺南市,產前及新生兒染色體與基因變異檢測,2025,1,safe,安全・2025・近期,持續追蹤
2025LDTS02168,劉忠俊婦產科診所,國立成功大學基因體醫學中心,非侵入性產前染色體檢測-NIPT3.0,臺南市,產前及新生兒染色體與基因變異檢測,2025,1,safe,安全・2025・近期,持續追蹤
2025LDTS02171,劉忠俊婦產科診所,國立成功大學基因體醫學中心,骨發育不全症基因檢測,臺南市,產前及新生兒染色體與基因變異檢測,2025,1,safe,安全・2025・近期,持續追蹤
2025LDTS00746,博愛蕙馨醫院,創源分生實驗室,腎小管發育不全基因檢測,臺北市,產前及新生兒染色體與基因變異檢測,2025,1,safe,安全・2025・近期,持續追蹤
2025LDTS01610,博愛蕙馨醫院,創源分生實驗室,葉酸代謝基因檢測,臺北市,產前及新生兒染色體與基因變異檢測,2025,1,safe,安全・2025・近期,持續追蹤
2025LDTS01391,博愛蕙馨醫院,創源分生實驗室,藥害性聽損基因檢測,臺北市,產前及新生兒染色體與基因變異檢測,2025,1,safe,安全・2025・近期,持續追蹤
2025LDTS01287,博生婦產科診所,創源分生實驗室,孕知因多疾病帶因篩檢-安心版,臺北市,產前及新生兒染色體與基因變異檢測,2025,1,safe,安全・2025・近期,持續追蹤
2025LDTS00875,博生婦產科診所,創源分生實驗室,腎小管發育不全基因檢測,臺北市,產前及新生兒染色體與基因變異檢測,2025,1,safe,安全・2025・近期,持續追蹤
2025LDTS01550,博生婦產科診所,創源分生實驗室,葉酸代謝基因檢測,臺北市,產前及新生兒染色體與基因變異檢測,2025,1,safe,安全・2025・近期,持續追蹤
2025LDTS01873,台北協育診所,創源分生實驗室,孕知因多疾病帶因篩檢-安心版,臺北市,產前及新生兒染色體與基因變異檢測,2025,1,safe,安全・2025・近期,持續追蹤
2025LDTS01867,台北協育診所,創源分生實驗室,脊髓性肌肉萎縮症帶因篩檢 （含空間排列錯置風險評估）,臺北市,產前及新生兒染色體與基因變異檢測,2025,1,safe,安全・2025・近期,持續追蹤
2025LDTS01869,台北協育診所,創源分生實驗室,腎小管發育不全基因檢測,臺北市,產前及新生兒染色體與基因變異檢測,2025,1,safe,安全・2025・近期,持續追蹤
2025LDTS01868,台北協育診所,創源分生實驗室,藥害性聽損基因檢測,臺北市,產前及新生兒染色體與基因變異檢測,2025,1,safe,安全・2025・近期,持續追蹤
2025LDTS01672,台南市立醫院(委託秀傳醫療社團法人經營),慧智基因醫學實驗室,慧智HRD檢測,臺北市,癌症篩檢、診斷、治療及預後之基因檢測,2025,1,safe,安全・2025・近期,持續追蹤
2025LDTS01346,台南市立醫院(委託秀傳醫療社團法人經營),慧智基因醫學實驗室,慧智癌監控基因檢測-BRCA 1/2（組織）,臺北市,癌症篩檢、診斷、治療及預後之基因檢測,2025,1,safe,安全・2025・近期,持續追蹤
2025LDTS00517,台灣基督長老教會新樓醫療財團法人台南新樓醫院,麗寶醫事檢驗所,NOTCH3 R544C基因分型【NOTCH3 R544C Genotyping】,臺北市,遺傳代謝與罕見疾病之基因檢測,2025,1,safe,安全・2025・近期,持續追蹤
2025LDTS01575,台灣基督長老教會新樓醫療財團法人台南新樓醫院,精準醫學核心實驗室,同源重組修復缺失基因檢測,臺南市,癌症篩檢、診斷、治療及預後之基因檢測,2025,1,safe,安全・2025・近期,持續追蹤
2025LDTS01379,台灣基督長老教會新樓醫療財團法人台南新樓醫院,慧智基因醫學實驗室,慧智癌監控基因檢測-BRCA 1/2（組織）,臺北市,癌症篩檢、診斷、治療及預後之基因檢測,2025,1,safe,安全・2025・近期,持續追蹤
2025LDTS01574,台灣基督長老教會新樓醫療財團法人台南新樓醫院,精準醫學核心實驗室,次世代定序 BRCA1、BRCA2 基因突變檢測,臺南市,癌症篩檢、診斷、治療及預後之基因檢測,2025,1,safe,安全・2025・近期,持續追蹤
2025LDTS01114,台灣基督長老教會新樓醫療財團法人台南新樓醫院,精準醫學核心實驗室,次世代定序癌症用藥基因檢測,臺南市,癌症篩檢、診斷、治療及預後之基因檢測,2025,1,safe,安全・2025・近期,持續追蹤
2025LDTS01571,台灣基督長老教會新樓醫療財團法人台南新樓醫院,精準醫學核心實驗室,次世代定序癌症用藥融合基因檢測,臺南市,癌症篩檢、診斷、治療及預後之基因檢測,2025,1,safe,安全・2025・近期,持續追蹤
2025LDTS00693,台灣基督長老教會新樓醫療財團法人台南新樓醫院,和平婦產科診所細胞遺傳實驗室,細胞染色體檢查,臺北市,產前及新生兒染色體與基因變異檢測,2025,1,safe,安全・2025・近期,持續追蹤
2025LDTS01572,台灣基督長老教會新樓醫療財團法人台南新樓醫院,精準醫學核心實驗室,表皮生長因子受體（EGFR T790M）基因突變檢測,臺南市,癌症篩檢、診斷、治療及預後之基因檢測,2025,1,safe,安全・2025・近期,持續追蹤
2025LDTS00956,台灣基督長老教會新樓醫療財團法人麻豆新樓醫院,慧智基因醫學實驗室,慧智癌監控基因檢測-BRCA 1/2（組織）,臺北市,癌症篩檢、診斷、治療及預後之基因檢測,2025,1,safe,安全・2025・近期,持續追蹤
2025LDTS00959,台灣基督長老教會新樓醫療財團法人麻豆新樓醫院,慧智基因醫學實驗室,慧智癌追蹤,臺北市,癌症篩檢、診斷、治療及預後之基因檢測,2025,1,safe,安全・2025・近期,持續追蹤
2025LDTS00957,台灣基督長老教會新樓醫療財團法人麻豆新樓醫院,慧智基因醫學實驗室,慧智癌風險BRCA1/2基因檢測,臺北市,癌症篩檢、診斷、治療及預後之基因檢測,2025,1,safe,安全・2025・近期,持續追蹤
2025LDTS01255,台灣基督長老教會馬偕醫療財團法人台東馬偕紀念醫院,創源分生實驗室,NIPT非侵入性胎兒染色體檢測Q寶PLUS三十八合一,臺北市,產前及新生兒染色體與基因變異檢測,2025,1,safe,安全・2025・近期,持續追蹤
2025LDTS01257,台灣基督長老教會馬偕醫療財團法人台東馬偕紀念醫院,創源分生實驗室,Q寶Ultra非侵入性胎兒染色體篩檢,臺北市,產前及新生兒染色體與基因變異檢測,2025,1,safe,安全・2025・近期,持續追蹤
2025LDTS01066,台灣基督長老教會馬偕醫療財團法人新竹馬偕紀念醫院,慧智基因醫學實驗室,慧智HRD檢測,臺北市,癌症篩檢、診斷、治療及預後之基因檢測,2025,1,safe,安全・2025・近期,持續追蹤
2025LDTS01065,台灣基督長老教會馬偕醫療財團法人新竹馬偕紀念醫院,慧智基因醫學實驗室,慧智癌監控基因檢測-BRCA 1/2（組織）,臺北市,癌症篩檢、診斷、治療及預後之基因檢測,2025,1,safe,安全・2025・近期,持續追蹤
2025LDTS01115,台灣基督長老教會馬偕醫療財團法人新竹馬偕紀念醫院,慧智基因醫學實驗室,癌風險-BRCA1/2基因檢測,臺北市,癌症篩檢、診斷、治療及預後之基因檢測,2025,1,safe,安全・2025・近期,持續追蹤
2025LDTS01818,台灣基督長老教會馬偕醫療財團法人新竹馬偕紀念醫院,金萬林實驗室,血液腫瘤用藥檢測,新北市,癌症篩檢、診斷、治療及預後之基因檢測,2025,1,safe,安全・2025・近期,持續追蹤
2025LDTS00284,台灣基督長老教會馬偕醫療財團法人淡水馬偕紀念醫院,華聯中心實驗室,CytoOneArray染色體晶片分析,新竹縣,產前及新生兒染色體與基因變異檢測,2025,1,safe,安全・2025・近期,持續追蹤
2025LDTS00405,台灣基督長老教會馬偕醫療財團法人淡水馬偕紀念醫院,創源分生實驗室,Q寶PLUS+非侵入性胎兒染色體篩檢,臺北市,產前及新生兒染色體與基因變異檢測,2025,1,safe,安全・2025・近期,持續追蹤
2025LDTS01459,台灣基督長老教會馬偕醫療財團法人淡水馬偕紀念醫院,慧智基因醫學實驗室,慧智全方位複合式晶片檢測v1.0,臺北市,產前及新生兒染色體與基因變異檢測,2025,1,safe,安全・2025・近期,持續追蹤
2025LDTS01460,台灣基督長老教會馬偕醫療財團法人淡水馬偕紀念醫院,慧智基因醫學實驗室,慧智全方位複合式晶片檢測v2.0,臺北市,產前及新生兒染色體與基因變異檢測,2025,1,safe,安全・2025・近期,持續追蹤
2025LDTS01461,台灣基督長老教會馬偕醫療財團法人淡水馬偕紀念醫院,慧智全方位複合式晶片檢測v3.0,慧智全方位複合式晶片檢測v3.0,臺北市,產前及新生兒染色體與基因變異檢測,2025,1,safe,安全・2025・近期,持續追蹤
2025LDTS00285,台灣基督長老教會馬偕醫療財團法人淡水馬偕紀念醫院,國立成功大學基因體醫學中心,非侵入性產前染色體檢測-NIPT1.0,臺南市,產前及新生兒染色體與基因變異檢測,2025,1,safe,安全・2025・近期,持續追蹤
2025LDTS00286,台灣基督長老教會馬偕醫療財團法人淡水馬偕紀念醫院,國立成功大學基因體醫學中心,非侵入性產前染色體檢測-NIPT2.0,臺南市,產前及新生兒染色體與基因變異檢測,2025,1,safe,安全・2025・近期,持續追蹤
2025LDTS00287,台灣基督長老教會馬偕醫療財團法人淡水馬偕紀念醫院,國立成功大學基因體醫學中心,非侵入性產前染色體檢測-NIPT3.0,臺南市,產前及新生兒染色體與基因變異檢測,2025,1,safe,安全・2025・近期,持續追蹤
2025LDTS00280,台灣基督長老教會馬偕醫療財團法人馬偕紀念醫院,華聯中心實驗室,CytoOneArray染色體晶片分析,新竹縣,產前及新生兒染色體與基因變異檢測,2025,1,safe,安全・2025・近期,持續追蹤
2025LDTS00399,台灣基督長老教會馬偕醫療財團法人馬偕紀念醫院,創源分生實驗室,Q寶PLUS+非侵入性胎兒染色體篩檢,臺北市,產前及新生兒染色體與基因變異檢測,2025,1,safe,安全・2025・近期,持續追蹤
2025LDTS00257,台灣基督長老教會馬偕醫療財團法人馬偕紀念醫院,威健生物實驗室,全染色體微陣列晶片檢測,臺北市,產前及新生兒染色體與基因變異檢測,2025,1,safe,安全・2025・近期,持續追蹤
2025LDTS01455,台灣基督長老教會馬偕醫療財團法人馬偕紀念醫院,慧智基因醫學實驗室,慧智全方位複合式晶片檢測v1.0,臺北市,產前及新生兒染色體與基因變異檢測,2025,1,safe,安全・2025・近期,持續追蹤
2025LDTS01456,台灣基督長老教會馬偕醫療財團法人馬偕紀念醫院,慧智基因醫學實驗室,慧智全方位複合式晶片檢測v2.0,臺北市,產前及新生兒染色體與基因變異檢測,2025,1,safe,安全・2025・近期,持續追蹤
2025LDTS01457,台灣基督長老教會馬偕醫療財團法人馬偕紀念醫院,慧智基因醫學實驗室,慧智全方位複合式晶片檢測v3.0,臺北市,產前及新生兒染色體與基因變異檢測,2025,1,safe,安全・2025・近期,持續追蹤
2025LDTS01656,台灣基督長老教會馬偕醫療財團法人馬偕紀念醫院,精準醫學核心實驗室,肺診斷肺癌基因檢測,臺南市,癌症篩檢、診斷、治療及預後之基因檢測,2025,1,safe,安全・2025・近期,持續追蹤
2025LDTS00281,台灣基督長老教會馬偕醫療財團法人馬偕紀念醫院,國立成功大學基因體醫學中心,非侵入性產前染色體檢測-NIPT1.0,臺南市,產前及新生兒染色體與基因變異檢測,2025,1,safe,安全・2025・近期,持續追蹤
2025LDTS00282,台灣基督長老教會馬偕醫療財團法人馬偕紀念醫院,國立成功大學基因體醫學中心,非侵入性產前染色體檢測-NIPT2.0,臺南市,產前及新生兒染色體與基因變異檢測,2025,1,safe,安全・2025・近期,持續追蹤
2025LDTS00283,台灣基督長老教會馬偕醫療財團法人馬偕紀念醫院,國立成功大學基因體醫學中心,非侵入性產前染色體檢測-NIPT3.0,臺南市,產前及新生兒染色體與基因變異檢測,2025,1,safe,安全・2025・近期,持續追蹤
2025LDTS01695,吳博霖婦產科診所,創源分生實驗室,孕知因多疾病帶因篩檢-安心版,臺北市,產前及新生兒染色體與基因變異檢測,2025,1,safe,安全・2025・近期,持續追蹤
2025LDTS01694,吳博霖婦產科診所,創源分生實驗室,腎小管發育不全基因檢測,臺北市,產前及新生兒染色體與基因變異檢測,2025,1,safe,安全・2025・近期,持續追蹤
2025LDTS00369,吳坤光婦產科診所,大安聯合醫事檢驗所,NIPT,臺北市,產前及新生兒染色體與基因變異檢測,2025,1,safe,安全・2025・近期,持續追蹤
2025LDTS01267,吳峻賢婦產科診所,創源分生實驗室,孕知因多疾病帶因篩檢-安心版,臺北市,產前及新生兒染色體與基因變異檢測,2025,1,safe,安全・2025・近期,持續追蹤
2025LDTS00691,吳峻賢婦產科診所,創源分生實驗室,腎小管發育不全基因檢測,臺北市,產前及新生兒染色體與基因變異檢測,2025,1,safe,安全・2025・近期,持續追蹤
2025LDTS01599,吳峻賢婦產科診所,創源分生實驗室,葉酸代謝基因檢測,臺北市,產前及新生兒染色體與基因變異檢測,2025,1,safe,安全・2025・近期,持續追蹤
2025LDTS00809,吳睿斌婦產科診所,慧智基因醫學實驗室,慧智全方位複合式晶片檢測v1.0,臺北市,產前及新生兒染色體與基因變異檢測,2025,1,safe,安全・2025・近期,持續追蹤
2025LDTS00808,吳鳳昕婦產科診所,慧智基因醫學實驗室,慧智全方位複合式晶片檢測v1.0,臺北市,產前及新生兒染色體與基因變異檢測,2025,1,safe,安全・2025・近期,持續追蹤
2025LDTS01283,周大中婦產科診所,創源分生實驗室,孕知因多疾病帶因篩檢-安心版,臺北市,產前及新生兒染色體與基因變異檢測,2025,1,safe,安全・2025・近期,持續追蹤
2025LDTS01294,周大中婦產科診所,創源分生實驗室,腎小管發育不全基因檢測,臺北市,產前及新生兒染色體與基因變異檢測,2025,1,safe,安全・2025・近期,持續追蹤
2025LDTS01557,周大中婦產科診所,創源分生實驗室,葉酸代謝基因檢測,臺北市,產前及新生兒染色體與基因變異檢測,2025,1,safe,安全・2025・近期,持續追蹤
2025LDTS01888,周大中婦產科診所,創源分生實驗室,藥害性聽損基因檢測,臺北市,產前及新生兒染色體與基因變異檢測,2025,1,safe,安全・2025・近期,持續追蹤
2025LDTS01878,嘉安婦幼診所,創源分生實驗室,SNP+胚胎著床前染色體篩檢 SNP added Preimplantation Genetic Testing for Aneuploidies （SNP+ PGT-A）,臺北市,產前及新生兒染色體與基因變異檢測,2025,1,safe,安全・2025・近期,持續追蹤
2025LDTS01882,嘉安婦幼診所,創源分生實驗室,孕知因多疾病帶因篩檢-安心版,臺北市,產前及新生兒染色體與基因變異檢測,2025,1,safe,安全・2025・近期,持續追蹤
2025LDTS01877,嘉安婦幼診所,創源分生實驗室,胚胎著床前染色體篩檢SNP附加分析Preimplantation Genetic Testing for Aneuploidies （PGT-A） and Additional SNP analysis,臺北市,產前及新生兒染色體與基因變異檢測,2025,1,safe,安全・2025・近期,持續追蹤
2025LDTS01880,嘉安婦幼診所,創源分生實驗室,腎小管發育不全基因檢測,臺北市,產前及新生兒染色體與基因變異檢測,2025,1,safe,安全・2025・近期,持續追蹤
2025LDTS01881,嘉安婦幼診所,創源分生實驗室,葉酸代謝基因檢測,臺北市,產前及新生兒染色體與基因變異檢測,2025,1,safe,安全・2025・近期,持續追蹤
2025LDTS01879,嘉安婦幼診所,創源分生實驗室,藥害性聽損基因檢測,臺北市,產前及新生兒染色體與基因變異檢測,2025,1,safe,安全・2025・近期,持續追蹤
2025LDTS01567,四季台安醫院,創源分生實驗室,孕知因多疾病帶因篩檢-安心版,臺北市,產前及新生兒染色體與基因變異檢測,2025,1,safe,安全・2025・近期,持續追蹤
2025LDTS01299,四季台安醫院,慧智基因醫學實驗室,慧智帶因篩檢v1.0,臺北市,遺傳代謝與罕見疾病之基因檢測,2025,1,safe,安全・2025・近期,持續追蹤
2025LDTS01300,四季台安醫院,慧智基因醫學實驗室,慧智帶因篩檢v2.0,臺北市,遺傳代謝與罕見疾病之基因檢測,2025,1,safe,安全・2025・近期,持續追蹤
2025LDTS01301,四季台安醫院,慧智基因醫學實驗室,慧智帶因篩檢v3.0,臺北市,遺傳代謝與罕見疾病之基因檢測,2025,1,safe,安全・2025・近期,持續追蹤
2025LDTS00857,四季台安醫院,創源分生實驗室,腎小管發育不全基因檢測,臺北市,產前及新生兒染色體與基因變異檢測,2025,1,safe,安全・2025・近期,持續追蹤
2025LDTS00969,四季和安婦幼診所,創源分生實驗室,孕知因多疾病帶因篩檢-安心版,臺北市,產前及新生兒染色體與基因變異檢測,2025,1,safe,安全・2025・近期,持續追蹤
2025LDTS00725,四季和安婦幼診所,創源分生實驗室,腎小管發育不全基因檢測,臺北市,產前及新生兒染色體與基因變異檢測,2025,1,safe,安全・2025・近期,持續追蹤
2025LDTS00432,四季和悅婦產科診所,台灣生醫醫事檢驗所,X染色體脆折症FMR1基因分析,臺北市,產前及新生兒染色體與基因變異檢測,2025,1,safe,安全・2025・近期,持續追蹤
2025LDTS00964,四季和悅婦產科診所,創源分生實驗室,孕知因多疾病帶因篩檢-安心版,臺北市,產前及新生兒染色體與基因變異檢測,2025,1,safe,安全・2025・近期,持續追蹤
2025LDTS00433,四季和悅婦產科診所,台灣生醫醫事檢驗所,脊髓性肌肉萎縮症SMN基因分析,臺北市,產前及新生兒染色體與基因變異檢測,2025,1,safe,安全・2025・近期,持續追蹤
2025LDTS00853,四季和悅婦產科診所,創源分生實驗室,腎小管發育不全基因檢測,臺北市,產前及新生兒染色體與基因變異檢測,2025,1,safe,安全・2025・近期,持續追蹤
2025LDTS01554,四季和悅婦產科診所,創源分生實驗室,葉酸代謝基因檢測,臺北市,產前及新生兒染色體與基因變異檢測,2025,1,safe,安全・2025・近期,持續追蹤
2025LDTS01876,國泰醫療財團法人國泰綜合醫院,英緹檢測服務實驗室,Embryo46胚胎著床前染色體非整倍體檢測,新竹縣,產前及新生兒染色體與基因變異檢測,2025,1,safe,安全・2025・近期,持續追蹤
2025LDTS02108,國泰醫療財團法人國泰綜合醫院,國立成功大學基因體醫學中心,FMR1基因分子檢測,臺南市,產前及新生兒染色體與基因變異檢測,2025,1,safe,安全・2025・近期,持續追蹤
2025LDTS01863,國泰醫療財團法人國泰綜合醫院,英緹檢測服務實驗室,PGT-A Pixl胚胎著床前染色體篩檢,新竹縣,產前及新生兒染色體與基因變異檢測,2025,1,safe,安全・2025・近期,持續追蹤
2025LDTS02110,國泰醫療財團法人國泰綜合醫院,國立成功大學基因體醫學中心,感覺神經性聽損基因檢測,臺南市,產前及新生兒染色體與基因變異檢測,2025,1,safe,安全・2025・近期,持續追蹤
2025LDTS02111,國泰醫療財團法人國泰綜合醫院,國立成功大學基因體醫學中心,胚胎著床前篩檢,臺南市,產前及新生兒染色體與基因變異檢測,2025,1,safe,安全・2025・近期,持續追蹤
2025LDTS00025,國泰醫療財團法人汐止國泰綜合醫院,行動基因臨床分子醫學實驗室,ACT Monitor Lung肺易蹤癌症基因檢測,臺北市,癌症篩檢、診斷、治療及預後之基因檢測,2025,1,safe,安全・2025・近期,持續追蹤
2025LDTS00020,國泰醫療財團法人汐止國泰綜合醫院,行動基因臨床分子醫學實驗室,ACTBRCA貝癌檢癌症基因檢測(組織),臺北市,癌症篩檢、診斷、治療及預後之基因檢測,2025,1,safe,安全・2025・近期,持續追蹤
2025LDTS00019,國泰醫療財團法人汐止國泰綜合醫院,行動基因臨床分子醫學實驗室,ACTBRCA貝癌檢癌症基因檢測（血液）,臺北市,癌症篩檢、診斷、治療及預後之基因檢測,2025,1,safe,安全・2025・近期,持續追蹤
2025LDTS00026,國泰醫療財團法人汐止國泰綜合醫院,行動基因臨床分子醫學實驗室,ACTDrug+癌核克癌症基因檢測,臺北市,癌症篩檢、診斷、治療及預後之基因檢測,2025,1,safe,安全・2025・近期,持續追蹤
2025LDTS00024,國泰醫療財團法人汐止國泰綜合醫院,行動基因臨床分子醫學實驗室,ACTHRD帕癌檢癌症基因檢測,臺北市,癌症篩檢、診斷、治療及預後之基因檢測,2025,1,safe,安全・2025・近期,持續追蹤
2025LDTS00023,國泰醫療財團法人汐止國泰綜合醫院,行動基因臨床分子醫學實驗室,ACTLung肺核克癌症基因檢測,臺北市,癌症篩檢、診斷、治療及預後之基因檢測,2025,1,safe,安全・2025・近期,持續追蹤
2025LDTS00027,國泰醫療財團法人汐止國泰綜合醫院,行動基因臨床分子醫學實驗室,ACTOnco+癌安克癌症基因檢測,臺北市,癌症篩檢、診斷、治療及預後之基因檢測,2025,1,safe,安全・2025・近期,持續追蹤
2025LDTS00246,國立台灣大學醫學院附設醫院,國立台灣大學醫學院附設醫院病理部,ATM/TP53基因之螢光原位雜交檢測,臺北市,癌症篩檢、診斷、治療及預後之基因檢測,2025,1,safe,安全・2025・近期,持續追蹤
2025LDTS01647,國立台灣大學醫學院附設醫院,國立臺灣大學醫學院附設醫院癌醫中心分院 分子病理實驗室,AmoyDx肺癌用藥基因檢測,臺北市,癌症篩檢、診斷、治療及預後之基因檢測,2025,1,safe,安全・2025・近期,持續追蹤
2025LDTS01313,國立台灣大學醫學院附設醫院,國立台灣大學醫學院附設醫院病理部,IDH1及IDH2 基因突變分析,臺北市,癌症篩檢、診斷、治療及預後之基因檢測,2025,1,safe,安全・2025・近期,持續追蹤
2025LDTS01312,國立台灣大學醫學院附設醫院,國立台灣大學醫學院附設醫院病理部,TERT promoter 突變分析,臺北市,癌症篩檢、診斷、治療及預後之基因檢測,2025,1,safe,安全・2025・近期,持續追蹤
2025LDTS00033,國立台灣大學醫學院附設醫院,國立台灣大學醫學院附設醫院病理部,"侵襲性B細胞淋巴癌原位雜合檢驗（MYC, BCL2 FISH）",臺北市,癌症篩檢、診斷、治療及預後之基因檢測,2025,1,safe,安全・2025・近期,持續追蹤
2025LDTS02090,國立台灣大學醫學院附設醫院,金萬林實驗室,血液腫瘤用藥檢測,新北市,癌症篩檢、診斷、治療及預後之基因檢測,2025,1,safe,安全・2025・近期,持續追蹤
2025LDTS01595,國立成功大學醫學院附設醫院,基因醫學部,全癌基因暨同源修復缺失癌症基因檢測,臺南市,癌症篩檢、診斷、治療及預後之基因檢測,2025,1,safe,安全・2025・近期,持續追蹤
2025LDTS01594,國立成功大學醫學院附設醫院,基因醫學部,次世代定序廣泛型癌症基因檢測,臺南市,癌症篩檢、診斷、治療及預後之基因檢測,2025,1,safe,安全・2025・近期,持續追蹤
2025LDTS01957,國立成功大學醫學院附設醫院,金萬林實驗室,骨髓型血液腫瘤基因檢測,新北市,癌症篩檢、診斷、治療及預後之基因檢測,2025,1,safe,安全・2025・近期,持續追蹤
2025LDTS00160,國立臺灣大學醫學院附設醫院新竹臺大分院新竹醫院,國立臺灣大學醫學院附設醫院檢驗醫學部,TP53基因之突變檢測,臺北市,癌症篩檢、診斷、治療及預後之基因檢測,2025,1,safe,安全・2025・近期,持續追蹤
2025LDTS00161,國立臺灣大學醫學院附設醫院新竹臺大分院生醫醫院,國立臺灣大學醫學院附設醫院檢驗醫學部,TP53基因之突變檢測,臺北市,癌症篩檢、診斷、治療及預後之基因檢測,2025,1,safe,安全・2025・近期,持續追蹤
2025LDTS00548,國立臺灣大學醫學院附設醫院癌醫中心分院,⾎液腫瘤部台成細胞治療中⼼,ABL1 Kinase Domain基因突變檢測,臺北市,癌症篩檢、診斷、治療及預後之基因檢測,2025,1,safe,安全・2025・近期,持續追蹤
2025LDTS00547,國立臺灣大學醫學院附設醫院癌醫中心分院,⾎液腫瘤部台成細胞治療中⼼,BCR::ABL1 融合基因定性檢測,臺北市,癌症篩檢、診斷、治療及預後之基因檢測,2025,1,safe,安全・2025・近期,持續追蹤
2025LDTS00549,國立臺灣大學醫學院附設醫院癌醫中心分院,血液腫瘤部台成細胞治療中心,BCR::ABL1融合基因檢測(即時定量聚合酶連鎖反應法),臺北市,癌症篩檢、診斷、治療及預後之基因檢測,2025,1,safe,安全・2025・近期,持續追蹤
2025LDTS00546,國立臺灣大學醫學院附設醫院癌醫中心分院,⾎液腫瘤部台成細胞治療中⼼,BRAF (V600E)基因檢測,臺北市,癌症篩檢、診斷、治療及預後之基因檢測,2025,1,safe,安全・2025・近期,持續追蹤
2025LDTS00545,國立臺灣大學醫學院附設醫院癌醫中心分院,⾎液腫瘤部台成細胞治療中⼼,CEBPA基因突變檢測,臺北市,癌症篩檢、診斷、治療及預後之基因檢測,2025,1,safe,安全・2025・近期,持續追蹤
2025LDTS00544,國立臺灣大學醫學院附設醫院癌醫中心分院,⾎液腫瘤部台成細胞治療中⼼,CSF3R基因突變檢測,臺北市,癌症篩檢、診斷、治療及預後之基因檢測,2025,1,safe,安全・2025・近期,持續追蹤
2025LDTS00543,國立臺灣大學醫學院附設醫院癌醫中心分院,⾎液腫瘤部台成細胞治療中⼼,CXCR4基因突變檢測,臺北市,癌症篩檢、診斷、治療及預後之基因檢測,2025,1,safe,安全・2025・近期,持續追蹤
2025LDTS00542,國立臺灣大學醫學院附設醫院癌醫中心分院,⾎液腫瘤部台成細胞治療中⼼,FIP1L1-PDGFRA融合基因檢測,臺北市,癌症篩檢、診斷、治療及預後之基因檢測,2025,1,safe,安全・2025・近期,持續追蹤
2025LDTS00541,國立臺灣大學醫學院附設醫院癌醫中心分院,⾎液腫瘤部台成細胞治療中⼼,FLT3 (ITD and TKD)基因突變檢測,臺北市,癌症篩檢、診斷、治療及預後之基因檢測,2025,1,safe,安全・2025・近期,持續追蹤
2025LDTS00540,國立臺灣大學醫學院附設醫院癌醫中心分院,⾎液腫瘤部台成細胞治療中⼼,IDH1基因突變檢測,臺北市,癌症篩檢、診斷、治療及預後之基因檢測,2025,1,safe,安全・2025・近期,持續追蹤
2025LDTS00539,國立臺灣大學醫學院附設醫院癌醫中心分院,⾎液腫瘤部台成細胞治療中⼼,IDH2基因突變檢測,臺北市,癌症篩檢、診斷、治療及預後之基因檢測,2025,1,safe,安全・2025・近期,持續追蹤
2025LDTS00538,國立臺灣大學醫學院附設醫院癌醫中心分院,⾎液腫瘤部台成細胞治療中⼼,KIT基因突變檢測,臺北市,癌症篩檢、診斷、治療及預後之基因檢測,2025,1,safe,安全・2025・近期,持續追蹤
2025LDTS00537,國立臺灣大學醫學院附設醫院癌醫中心分院,⾎液腫瘤部台成細胞治療中⼼,KMT2A(MLL)-PTD基因突變檢測,臺北市,癌症篩檢、診斷、治療及預後之基因檢測,2025,1,safe,安全・2025・近期,持續追蹤
2025LDTS00536,國立臺灣大學醫學院附設醫院癌醫中心分院,⾎液腫瘤部台成細胞治療中⼼,MPN (JAK2 CALR MPL)骨髓增生性腫瘤之多基因突變檢測,臺北市,癌症篩檢、診斷、治療及預後之基因檢測,2025,1,safe,安全・2025・近期,持續追蹤
2025LDTS00535,國立臺灣大學醫學院附設醫院癌醫中心分院,⾎液腫瘤部台成細胞治療中⼼,MYD88 (L265P)基因突變檢測,臺北市,癌症篩檢、診斷、治療及預後之基因檢測,2025,1,safe,安全・2025・近期,持續追蹤
2025LDTS00534,國立臺灣大學醫學院附設醫院癌醫中心分院,⾎液腫瘤部台成細胞治療中⼼,NPM1基因檢測,臺北市,癌症篩檢、診斷、治療及預後之基因檢測,2025,1,safe,安全・2025・近期,持續追蹤
2025LDTS00533,國立臺灣大學醫學院附設醫院癌醫中心分院,⾎液腫瘤部台成細胞治療中⼼,PML::RARA融合基因定性檢測,臺北市,癌症篩檢、診斷、治療及預後之基因檢測,2025,1,safe,安全・2025・近期,持續追蹤
2025LDTS00532,國立臺灣大學醫學院附設醫院癌醫中心分院,⾎液腫瘤部台成細胞治療中⼼,RUNX1基因突變檢測,臺北市,癌症篩檢、診斷、治療及預後之基因檢測,2025,1,safe,安全・2025・近期,持續追蹤
2025LDTS00531,國立臺灣大學醫學院附設醫院癌醫中心分院,⾎液腫瘤部台成細胞治療中⼼,SF3B1基因突變檢測,臺北市,癌症篩檢、診斷、治療及預後之基因檢測,2025,1,safe,安全・2025・近期,持續追蹤
2025LDTS00530,國立臺灣大學醫學院附設醫院癌醫中心分院,⾎液腫瘤部台成細胞治療中⼼,TP53基因突變檢測,臺北市,癌症篩檢、診斷、治療及預後之基因檢測,2025,1,safe,安全・2025・近期,持續追蹤
2025LDTS00529,國立臺灣大學醫學院附設醫院癌醫中心分院,⾎液腫瘤部台成細胞治療中⼼,⽩⾎病融合基因篩檢定性檢測,臺北市,癌症篩檢、診斷、治療及預後之基因檢測,2025,1,safe,安全・2025・近期,持續追蹤
2025LDTS01836,國立臺灣大學醫學院附設醫院雲林分院,行動基因臨床分子醫學實驗室,ACTBRCA貝癌檢癌症基因檢測（組織）,臺北市,癌症篩檢、診斷、治療及預後之基因檢測,2025,1,safe,安全・2025・近期,持續追蹤
2025LDTS01837,國立臺灣大學醫學院附設醫院雲林分院,行動基因臨床分子醫學實驗室,ACTBRCA貝癌檢癌症基因檢測（血液）,臺北市,癌症篩檢、診斷、治療及預後之基因檢測,2025,1,safe,安全・2025・近期,持續追蹤
2025LDTS01832,國立臺灣大學醫學院附設醫院雲林分院,行動基因臨床分子醫學實驗室,ACTDrug+癌核克癌症基因檢測,臺北市,癌症篩檢、診斷、治療及預後之基因檢測,2025,1,safe,安全・2025・近期,持續追蹤
2025LDTS01834,國立臺灣大學醫學院附設醫院雲林分院,行動基因臨床分子醫學實驗室,ACTFusion癌融克癌症基因檢測,臺北市,癌症篩檢、診斷、治療及預後之基因檢測,2025,1,safe,安全・2025・近期,持續追蹤
2025LDTS01835,國立臺灣大學醫學院附設醫院雲林分院,行動基因臨床分子醫學實驗室,ACTHRD帕癌檢癌症基因檢測,臺北市,癌症篩檢、診斷、治療及預後之基因檢測,2025,1,safe,安全・2025・近期,持續追蹤
2025LDTS01833,國立臺灣大學醫學院附設醫院雲林分院,行動基因臨床分子醫學實驗室,ACTLung肺核克癌症基因檢測,臺北市,癌症篩檢、診斷、治療及預後之基因檢測,2025,1,safe,安全・2025・近期,持續追蹤
2025LDTS01831,國立臺灣大學醫學院附設醫院雲林分院,行動基因臨床分子醫學實驗室,ACTOnco+癌安克癌症基因檢測,臺北市,癌症篩檢、診斷、治療及預後之基因檢測,2025,1,safe,安全・2025・近期,持續追蹤
2025LDTS00045,國立臺灣大學醫學院附設醫院雲林分院,慧智基因醫學實驗室,慧智CGP癌症基因檢測（全方位癌症基因檢測）,臺北市,癌症篩檢、診斷、治療及預後之基因檢測,2025,1,safe,安全・2025・近期,持續追蹤
2025LDTS00046,國立臺灣大學醫學院附設醫院雲林分院,慧智基因醫學實驗室,慧智HRD檢測,臺北市,癌症篩檢、診斷、治療及預後之基因檢測,2025,1,safe,安全・2025・近期,持續追蹤
2025LDTS00044,國立臺灣大學醫學院附設醫院雲林分院,慧智基因醫學實驗室,慧智癌監控基因檢測-BRCA 1/2（組織）,臺北市,癌症篩檢、診斷、治療及預後之基因檢測,2025,1,safe,安全・2025・近期,持續追蹤
2025LDTS00048,國立臺灣大學醫學院附設醫院雲林分院,慧智基因醫學實驗室,慧智癌風險-BRCA1/2 基因檢測,臺北市,癌症篩檢、診斷、治療及預後之基因檢測,2025,1,safe,安全・2025・近期,持續追蹤
2025LDTS01256,國立臺灣大學醫學院附設醫院雲林分院,國立臺灣大學醫學院附設醫院雲林分院精準醫學中心,次世代定序癌症標靶藥物基因檢測,雲林縣,癌症篩檢、診斷、治療及預後之基因檢測,2025,1,safe,安全・2025・近期,持續追蹤
2025LDTS01698,國立臺灣大學醫學院附設醫院雲林分院,金萬林實驗室,骨髓腫瘤之多基因突變檢測,新北市,癌症篩檢、診斷、治療及預後之基因檢測,2025,1,safe,安全・2025・近期,持續追蹤
2025LDTS01059,國立陽明交通大學附設醫院,金萬林實驗室,廣泛型癌標靶用藥檢測,新北市,癌症篩檢、診斷、治療及預後之基因檢測,2025,1,safe,安全・2025・近期,持續追蹤
2025LDTS01058,國立陽明交通大學附設醫院,金萬林實驗室,廣泛型癌症循環核酸檢測,新北市,癌症篩檢、診斷、治療及預後之基因檢測,2025,1,safe,安全・2025・近期,持續追蹤
2025LDTS01056,國立陽明交通大學附設醫院,金萬林實驗室,癌標靶用藥檢測,新北市,癌症篩檢、診斷、治療及預後之基因檢測,2025,1,safe,安全・2025・近期,持續追蹤
2025LDTS01057,國立陽明交通大學附設醫院,金萬林實驗室,金萬林腸癌檢測,新北市,癌症篩檢、診斷、治療及預後之基因檢測,2025,1,safe,安全・2025・近期,持續追蹤
2025LDTS00758,國軍左營總醫院附設民眾診療服務處,財團法人私立高雄醫學大學附設中和紀念醫院檢驗醫學部,BCR-ABL 定性檢測,高雄市,癌症篩檢、診斷、治療及預後之基因檢測,2025,1,safe,安全・2025・近期,持續追蹤
2025LDTS01797,國軍桃園總醫院附設民眾診療服務處,行動基因臨床分子醫學實驗室,ACTBRCA貝癌檢癌症基因檢測（組織）,臺北市,癌症篩檢、診斷、治療及預後之基因檢測,2025,1,safe,安全・2025・近期,持續追蹤
2025LDTS01798,國軍桃園總醫院附設民眾診療服務處,行動基因臨床分子醫學實驗室,ACTBRCA貝癌檢癌症基因檢測（血液）,臺北市,癌症篩檢、診斷、治療及預後之基因檢測,2025,1,safe,安全・2025・近期,持續追蹤
2025LDTS01794,國軍桃園總醫院附設民眾診療服務處,行動基因臨床分子醫學實驗室,ACTDrug+癌核克癌症基因檢測,臺北市,癌症篩檢、診斷、治療及預後之基因檢測,2025,1,safe,安全・2025・近期,持續追蹤
2025LDTS01796,國軍桃園總醫院附設民眾診療服務處,行動基因臨床分子醫學實驗室,ACTHRD帕癌檢癌症基因檢測,臺北市,癌症篩檢、診斷、治療及預後之基因檢測,2025,1,safe,安全・2025・近期,持續追蹤
2025LDTS01795,國軍桃園總醫院附設民眾診療服務處,行動基因臨床分子醫學實驗室,ACTLung肺核克癌症基因檢測,臺北市,癌症篩檢、診斷、治療及預後之基因檢測,2025,1,safe,安全・2025・近期,持續追蹤
2025LDTS01793,國軍桃園總醫院附設民眾診療服務處,行動基因臨床分子醫學實驗室,ACTOnco+癌安克癌症基因檢測,臺北市,癌症篩檢、診斷、治療及預後之基因檢測,2025,1,safe,安全・2025・近期,持續追蹤
2025LDTS01799,國軍桃園總醫院附設民眾診療服務處,行動基因臨床分子醫學實驗室,ACTRisk遺癌檢癌症基因檢測,臺北市,癌症篩檢、診斷、治療及預後之基因檢測,2025,1,safe,安全・2025・近期,持續追蹤
2025LDTS00146,國軍桃園總醫院附設民眾診療服務處,金萬林實驗室,全面型癌循環核酸檢測,新北市,癌症篩檢、診斷、治療及預後之基因檢測,2025,1,safe,安全・2025・近期,持續追蹤
2025LDTS00144,國軍桃園總醫院附設民眾診療服務處,金萬林實驗室,全面型癌組織用藥檢測,新北市,癌症篩檢、診斷、治療及預後之基因檢測,2025,1,safe,安全・2025・近期,持續追蹤
2025LDTS00918,國軍桃園總醫院附設民眾診療服務處,金萬林實驗室,廣泛型癌症循環核酸檢測,新北市,癌症篩檢、診斷、治療及預後之基因檢測,2025,1,safe,安全・2025・近期,持續追蹤
2025LDTS00917,國軍桃園總醫院附設民眾診療服務處,金萬林實驗室,癌標靶用藥檢測,新北市,癌症篩檢、診斷、治療及預後之基因檢測,2025,1,safe,安全・2025・近期,持續追蹤
2025LDTS00916,國軍桃園總醫院附設民眾診療服務處,金萬林實驗室,組織BRCA檢測,新北市,癌症篩檢、診斷、治療及預後之基因檢測,2025,1,safe,安全・2025・近期,持續追蹤
2025LDTS00143,國軍桃園總醫院附設民眾診療服務處,金萬林實驗室,血液腫瘤用藥檢測,新北市,癌症篩檢、診斷、治療及預後之基因檢測,2025,1,safe,安全・2025・近期,持續追蹤
2025LDTS01341,國軍臺中總醫院附設民眾診療服務處,金萬林實驗室,全面型癌循環核酸檢測,新北市,癌症篩檢、診斷、治療及預後之基因檢測,2025,1,safe,安全・2025・近期,持續追蹤
2025LDTS01340,國軍臺中總醫院附設民眾診療服務處,金萬林實驗室,全面型癌組織用藥檢測,新北市,癌症篩檢、診斷、治療及預後之基因檢測,2025,1,safe,安全・2025・近期,持續追蹤
2025LDTS01332,國軍臺中總醫院附設民眾診療服務處,金萬林實驗室,癌標靶用藥檢測,新北市,癌症篩檢、診斷、治療及預後之基因檢測,2025,1,safe,安全・2025・近期,持續追蹤
2025LDTS01339,國軍臺中總醫院附設民眾診療服務處,金萬林實驗室,血液腫瘤用藥檢測,新北市,癌症篩檢、診斷、治療及預後之基因檢測,2025,1,safe,安全・2025・近期,持續追蹤
2025LDTS01338,國軍臺中總醫院附設民眾診療服務處,金萬林實驗室,金萬林乳癌檢測,新北市,癌症篩檢、診斷、治療及預後之基因檢測,2025,1,safe,安全・2025・近期,持續追蹤
2025LDTS01334,國軍臺中總醫院附設民眾診療服務處,金萬林實驗室,金萬林肺癌檢測,新北市,癌症篩檢、診斷、治療及預後之基因檢測,2025,1,safe,安全・2025・近期,持續追蹤
2025LDTS01333,國軍臺中總醫院附設民眾診療服務處,金萬林實驗室,金萬林腸癌檢測,新北市,癌症篩檢、診斷、治療及預後之基因檢測,2025,1,safe,安全・2025・近期,持續追蹤
2025LDTS02063,國軍高雄總醫院附設民眾診療服務處,國立臺灣大學醫學院附設醫院基因醫學部,次世代定序全外顯子定序檢測-單基因遺傳疾病,臺北市,遺傳代謝與罕見疾病之基因檢測,2025,1,safe,安全・2025・近期,持續追蹤
2025LDTS00056,基生婦產科診所,英緹檢測服務實驗室,Embryo46胚胎著床前染色體非整倍體檢測,新竹縣,產前及新生兒染色體與基因變異檢測,2025,1,safe,安全・2025・近期,持續追蹤
2025LDTS01361,基生婦產科診所,創源分生實驗室,SNP+胚胎著床前染色體篩檢 SNP added Preimplantation Genetic Testing for Aneuploidies （SNP+ PGT-A）,臺北市,產前及新生兒染色體與基因變異檢測,2025,1,safe,安全・2025・近期,持續追蹤
2025LDTS01271,基生婦產科診所,創源分生實驗室,孕產前多疾病帶因者篩檢-安心版,臺北市,產前及新生兒染色體與基因變異檢測,2025,1,safe,安全・2025・近期,持續追蹤
2025LDTS01360,基生婦產科診所,創源分生實驗室,胚胎著床前染色體篩檢SNP附加分析 Preimplantation Genetic Testing for Aneuploidies （PGT-A） and Additional SNP analysis,臺北市,產前及新生兒染色體與基因變異檢測,2025,1,safe,安全・2025・近期,持續追蹤
2025LDTS00711,基生婦產科診所,創源分生實驗室,腎小管發育不全基因檢測,臺北市,產前及新生兒染色體與基因變異檢測,2025,1,safe,安全・2025・近期,持續追蹤
2025LDTS01559,基生婦產科診所,創源分生實驗室,葉酸代謝基因檢測,臺北市,產前及新生兒染色體與基因變異檢測,2025,1,safe,安全・2025・近期,持續追蹤
2025LDTS01359,基生婦產科診所,創源分生實驗室,藥害性聽損基因檢測,臺北市,產前及新生兒染色體與基因變異檢測,2025,1,safe,安全・2025・近期,持續追蹤
2025LDTS01635,基督復臨安息日會醫療財團法人臺安醫院,基因飛躍生命科學實驗室,先天中樞換氣不足症候群基因檢驗,臺北市,產前及新生兒染色體與基因變異檢測,2025,1,safe,安全・2025・近期,持續追蹤
2025LDTS01637,基督復臨安息日會醫療財團法人臺安醫院,基因飛躍生命科學實驗室,常見遺傳性聽損基因檢驗,臺北市,產前及新生兒染色體與基因變異檢測,2025,1,safe,安全・2025・近期,持續追蹤
2025LDTS01961,基督復臨安息日會醫療財團法人臺安醫院,金萬林實驗室,廣泛型癌症循環核酸檢測,新北市,癌症篩檢、診斷、治療及預後之基因檢測,2025,1,safe,安全・2025・近期,持續追蹤
2025LDTS00058,基隆生基婦產科診所,英緹檢測服務實驗室,Embryo46胚胎著床前染色體非整倍體檢測,新竹縣,產前及新生兒染色體與基因變異檢測,2025,1,safe,安全・2025・近期,持續追蹤
2025LDTS01891,基隆生基婦產科診所,英緹檢測服務實驗室,PGT-A Pixl胚胎著床前染色體篩檢,新竹縣,產前及新生兒染色體與基因變異檢測,2025,1,safe,安全・2025・近期,持續追蹤
2025LDTS01368,基隆生基婦產科診所,創源分生實驗室,SNP+胚胎著床前染色體篩檢 SNP added Preimplantation Genetic Testing for Aneuploidies （SNP+ PGT-A）,臺北市,產前及新生兒染色體與基因變異檢測,2025,1,safe,安全・2025・近期,持續追蹤
2025LDTS00804,基隆生基婦產科診所,欣奕醫事檢驗所,X染色體脆折症基因檢測,新北市,遺傳代謝與罕見疾病之基因檢測,2025,1,safe,安全・2025・近期,持續追蹤
2025LDTS00806,基隆生基婦產科診所,欣奕醫事檢驗所,亨丁頓舞蹈症基因檢測,新北市,遺傳代謝與罕見疾病之基因檢測,2025,1,safe,安全・2025・近期,持續追蹤
2025LDTS01272,基隆生基婦產科診所,創源分生實驗室,孕知因多疾病帶因篩檢-安心版,臺北市,產前及新生兒染色體與基因變異檢測,2025,1,safe,安全・2025・近期,持續追蹤
2025LDTS01367,基隆生基婦產科診所,創源分生實驗室,胚胎著床前染色體篩檢SNP附加分析 Preimplantation Genetic Testing for Aneuploidies (PGT-A) and Additional SNP analysis,臺北市,產前及新生兒染色體與基因變異檢測,2025,1,safe,安全・2025・近期,持續追蹤
2025LDTS00805,基隆生基婦產科診所,欣奕醫事檢驗所,脊髓性肌肉萎縮症基因檢測,新北市,遺傳代謝與罕見疾病之基因檢測,2025,1,safe,安全・2025・近期,持續追蹤
2025LDTS00712,基隆生基婦產科診所,創源分生實驗室,腎小管發育不全基因檢測,臺北市,產前及新生兒染色體與基因變異檢測,2025,1,safe,安全・2025・近期,持續追蹤
2025LDTS00807,基隆生基婦產科診所,欣奕醫事檢驗所,葉酸代謝基因檢測,新北市,遺傳代謝與罕見疾病之基因檢測,2025,1,safe,安全・2025・近期,持續追蹤
2025LDTS01604,基隆生基婦產科診所,創源分生實驗室,葉酸代謝基因檢測,臺北市,產前及新生兒染色體與基因變異檢測,2025,1,safe,安全・2025・近期,持續追蹤
2025LDTS01362,基隆生基婦產科診所,創源分生實驗室,藥害性聽損基因檢測,臺北市,產前及新生兒染色體與基因變異檢測,2025,1,safe,安全・2025・近期,持續追蹤
2025LDTS01990,大新婦產科診所,國立成功大學基因體醫學中心,FMR1基因分子檢測,臺南市,產前及新生兒染色體與基因變異檢測,2025,1,safe,安全・2025・近期,持續追蹤
2025LDTS01949,大新婦產科診所,英緹檢測服務實驗室,PGT-A Pixl胚胎著床前染色體篩檢,新竹縣,產前及新生兒染色體與基因變異檢測,2025,1,safe,安全・2025・近期,持續追蹤
2025LDTS01991,大新婦產科診所,國立成功大學基因體醫學中心,PHOX2B基因分子檢測,臺南市,產前及新生兒染色體與基因變異檢測,2025,1,safe,安全・2025・近期,持續追蹤
2025LDTS01992,大新婦產科診所,國立成功大學基因體醫學中心,SMN1／SMN2基因分子檢測,臺南市,產前及新生兒染色體與基因變異檢測,2025,1,safe,安全・2025・近期,持續追蹤
2025LDTS01370,大新婦產科診所,創源分生實驗室,SNP+胚胎著床前染色體篩檢 SNP added Preimplantation Genetic Testing for Aneuploidies （SNP+ PGT-A）,臺北市,產前及新生兒染色體與基因變異檢測,2025,1,safe,安全・2025・近期,持續追蹤
2025LDTS01269,大新婦產科診所,創源分生實驗室,孕知因多疾病帶因篩檢-安心版,臺北市,產前及新生兒染色體與基因變異檢測,2025,1,safe,安全・2025・近期,持續追蹤
2025LDTS01993,大新婦產科診所,國立成功大學基因體醫學中心,感覺神經性聽損基因檢測,臺南市,產前及新生兒染色體與基因變異檢測,2025,1,safe,安全・2025・近期,持續追蹤
2025LDTS01994,大新婦產科診所,國立成功大學基因體醫學中心,胚胎著床前篩檢,臺南市,產前及新生兒染色體與基因變異檢測,2025,1,safe,安全・2025・近期,持續追蹤
2025LDTS01292,大新婦產科診所,創源分生實驗室,腎小管發育不全基因檢測,臺北市,產前及新生兒染色體與基因變異檢測,2025,1,safe,安全・2025・近期,持續追蹤
2025LDTS01998,大新婦產科診所,國立成功大學基因體醫學中心,註生（助生）基因檢測,臺南市,產前及新生兒染色體與基因變異檢測,2025,1,safe,安全・2025・近期,持續追蹤
2025LDTS01999,大新婦產科診所,國立成功大學基因體醫學中心,隱性遺傳疾病帶因檢測,臺南市,產前及新生兒染色體與基因變異檢測,2025,1,safe,安全・2025・近期,持續追蹤
2025LDTS01995,大新婦產科診所,國立成功大學基因體醫學中心,非侵入性產前染色體檢測-NIPT1.0,臺南市,產前及新生兒染色體與基因變異檢測,2025,1,safe,安全・2025・近期,持續追蹤
2025LDTS01996,大新婦產科診所,國立成功大學基因體醫學中心,非侵入性產前染色體檢測-NIPT2.0,臺南市,產前及新生兒染色體與基因變異檢測,2025,1,safe,安全・2025・近期,持續追蹤
2025LDTS01997,大新婦產科診所,國立成功大學基因體醫學中心,非侵入性產前染色體檢測-NIPT3.0,臺南市,產前及新生兒染色體與基因變異檢測,2025,1,safe,安全・2025・近期,持續追蹤
2025LDTS02000,大新婦產科診所,國立成功大學基因體醫學中心,骨發育不全症基因檢測,臺南市,產前及新生兒染色體與基因變異檢測,2025,1,safe,安全・2025・近期,持續追蹤
2025LDTS00721,天主教中華聖母修女會醫療財團法人天主教聖馬爾定醫院,財團法人私立高雄醫學大學附設中和紀念醫院,BCR-ABL基因定性檢測,高雄市,癌症篩檢、診斷、治療及預後之基因檢測,2025,1,safe,安全・2025・近期,持續追蹤
2025LDTS00392,天主教耕莘醫療財團法人永和耕莘醫院,創源分生實驗室,SNP晶片染色體篩檢-750K,臺北市,產前及新生兒染色體與基因變異檢測,2025,1,safe,安全・2025・近期,持續追蹤
2025LDTS00236,天主教耕莘醫療財團法人耕莘醫院,行動基因臨床分子醫學實驗室,ACTBRCA貝癌檢癌症基因檢測（組織）,臺北市,癌症篩檢、診斷、治療及預後之基因檢測,2025,1,safe,安全・2025・近期,持續追蹤
2025LDTS00234,天主教耕莘醫療財團法人耕莘醫院,行動基因臨床分子醫學實驗室,ACTHRD帕癌檢癌症基因檢測,臺北市,癌症篩檢、診斷、治療及預後之基因檢測,2025,1,safe,安全・2025・近期,持續追蹤
2025LDTS00235,天主教耕莘醫療財團法人耕莘醫院,行動基因臨床分子醫學實驗室,ACTLung肺核克癌症基因檢測,臺北市,癌症篩檢、診斷、治療及預後之基因檢測,2025,1,safe,安全・2025・近期,持續追蹤
2025LDTS01537,天主教耕莘醫療財團法人耕莘醫院,創源分生實驗室,Q寶Ultra非侵入性胎兒染色體篩檢,臺北市,產前及新生兒染色體與基因變異檢測,2025,1,safe,安全・2025・近期,持續追蹤
2025LDTS01779,天主教耕莘醫療財團法人耕莘醫院,慧智基因醫學實驗室,慧智癌監控基因檢測-BRCA 1/2（組織）,臺北市,癌症篩檢、診斷、治療及預後之基因檢測,2025,1,safe,安全・2025・近期,持續追蹤
2025LDTS00132,天主教花蓮教區醫療財團法人台東聖母醫院,麗寶醫事檢驗所,NOTCH3 R544C基因分型【NOTCH3 R544C Genotyping】,臺北市,遺傳代謝與罕見疾病之基因檢測,2025,1,safe,安全・2025・近期,持續追蹤
2025LDTS01349,天主教若瑟醫療財團法人若瑟醫院,慧智基因醫學實驗室,慧智癌監控基因檢測-BRCA 1/2（組織）,臺北市,癌症篩檢、診斷、治療及預後之基因檢測,2025,1,safe,安全・2025・近期,持續追蹤
2025LDTS00724,天主教靈醫會醫療財團法人羅東聖母醫院,金萬林實驗室,廣泛型癌症循環核酸檢測,新北市,癌症篩檢、診斷、治療及預後之基因檢測,2025,1,safe,安全・2025・近期,持續追蹤
2025LDTS00909,天主教靈醫會醫療財團法人羅東聖母醫院,慧智基因醫學實驗室,慧智癌監控基因檢測-泌尿道上皮癌,臺北市,癌症篩檢、診斷、治療及預後之基因檢測,2025,1,safe,安全・2025・近期,持續追蹤
2025LDTS00906,天主教靈醫會醫療財團法人羅東聖母醫院,慧智基因醫學實驗室,慧智癌監控基因檢測-膽管癌,臺北市,癌症篩檢、診斷、治療及預後之基因檢測,2025,1,safe,安全・2025・近期,持續追蹤
2025LDTS00270,天主教靈醫會醫療財團法人羅東聖母醫院,欣奕醫事檢驗所,非侵入性胎兒染色體基因檢測-NIFTY PLUS（單胞胎）（39項）,新北市,產前及新生兒染色體與基因變異檢測,2025,1,safe,安全・2025・近期,持續追蹤
2025LDTS00269,天主教靈醫會醫療財團法人羅東聖母醫院,欣奕醫事檢驗所,非侵入性胎兒染色體基因檢測-NIFTY（單胞胎）（7項）,新北市,產前及新生兒染色體與基因變異檢測,2025,1,safe,安全・2025・近期,持續追蹤
2025LDTS00268,天主教靈醫會醫療財團法人羅東聖母醫院,欣奕醫事檢驗所,非侵入性胎兒染色體基因檢測-NIFTY（雙胞胎）（3項）,新北市,產前及新生兒染色體與基因變異檢測,2025,1,safe,安全・2025・近期,持續追蹤
2025LDTS02147,天成醫療社團法人天晟醫院,慧智基因醫學實驗室,慧智CGP癌症基因檢測（全方位癌症基因檢測）,臺北市,癌症篩檢、診斷、治療及預後之基因檢測,2025,1,safe,安全・2025・近期,持續追蹤
2025LDTS02146,天成醫療社團法人天晟醫院,慧智基因醫學實驗室,慧智HRD檢測,臺北市,癌症篩檢、診斷、治療及預後之基因檢測,2025,1,safe,安全・2025・近期,持續追蹤
2025LDTS02148,天成醫療社團法人天晟醫院,慧智基因醫學實驗室,慧智癌監控基因檢測-乳癌,臺北市,癌症篩檢、診斷、治療及預後之基因檢測,2025,1,safe,安全・2025・近期,持續追蹤
2025LDTS02143,天成醫療社團法人天晟醫院,慧智基因醫學實驗室,慧智癌風險BRCA1/2基因檢測（血液）,臺北市,癌症篩檢、診斷、治療及預後之基因檢測,2025,1,safe,安全・2025・近期,持續追蹤
2025LDTS02159,天祥醫院,慧智基因醫學實驗室,慧智CGP癌症基因檢測（全方位癌症基因檢測）,臺北市,癌症篩檢、診斷、治療及預後之基因檢測,2025,1,safe,安全・2025・近期,持續追蹤
2025LDTS02158,天祥醫院,慧智基因醫學實驗室,慧智HRD檢測,臺北市,癌症篩檢、診斷、治療及預後之基因檢測,2025,1,safe,安全・2025・近期,持續追蹤
2025LDTS02160,天祥醫院,慧智基因醫學實驗室,慧智癌監控基因檢測-乳癌,臺北市,癌症篩檢、診斷、治療及預後之基因檢測,2025,1,safe,安全・2025・近期,持續追蹤
2025LDTS02155,天祥醫院,慧智基因醫學實驗室,慧智癌風險BRCA1/2基因檢測（血液）,臺北市,癌症篩檢、診斷、治療及預後之基因檢測,2025,1,safe,安全・2025・近期,持續追蹤
2025LDTS00650,天給婦產科診所,創源分生實驗室,孕知因多疾病帶因篩檢-安心版,臺北市,產前及新生兒染色體與基因變異檢測,2025,1,safe,安全・2025・近期,持續追蹤
2025LDTS00651,天給婦產科診所,創源分生實驗室,腎小管發育不全基因檢測,臺北市,產前及新生兒染色體與基因變異檢測,2025,1,safe,安全・2025・近期,持續追蹤
2025LDTS00652,天給婦產科診所,創源分生實驗室,葉酸代謝基因檢測,臺北市,產前及新生兒染色體與基因變異檢測,2025,1,safe,安全・2025・近期,持續追蹤
2025LDTS02038,奇美醫療財團法人奇美醫院,精準醫學核心實驗室,次世代定序癌症中型套組基因檢測（ctDNA）,臺南市,癌症篩檢、診斷、治療及預後之基因檢測,2025,1,safe,安全・2025・近期,持續追蹤
2025LDTS02039,奇美醫療財團法人奇美醫院,精準醫學核心實驗室,次世代定序癌症中型套組基因檢測（組織）,臺南市,癌症篩檢、診斷、治療及預後之基因檢測,2025,1,safe,安全・2025・近期,持續追蹤
2025LDTS00139,好孕診所,欣奕醫事檢驗所,X染色體脆折症基因檢測,新北市,遺傳代謝與罕見疾病之基因檢測,2025,1,safe,安全・2025・近期,持續追蹤
2025LDTS00320,好孕診所,慧智基因醫學實驗室,X染色體脆折症基因檢測-FMR1基因,臺北市,遺傳代謝與罕見疾病之基因檢測,2025,1,safe,安全・2025・近期,持續追蹤
2025LDTS00141,好孕診所,欣奕醫事檢驗所,亨丁頓舞蹈症基因檢測,新北市,遺傳代謝與罕見疾病之基因檢測,2025,1,safe,安全・2025・近期,持續追蹤
2025LDTS00327,好孕診所,慧智基因醫學實驗室,慧智全方位複合式晶片檢測v1.0,臺北市,產前及新生兒染色體與基因變異檢測,2025,1,safe,安全・2025・近期,持續追蹤
2025LDTS00326,好孕診所,慧智基因醫學實驗室,慧智全方位複合式晶片檢測v2.0,臺北市,產前及新生兒染色體與基因變異檢測,2025,1,safe,安全・2025・近期,持續追蹤
2025LDTS00325,好孕診所,慧智基因醫學實驗室,慧智全方位複合式晶片檢測v3.0,臺北市,產前及新生兒染色體與基因變異檢測,2025,1,safe,安全・2025・近期,持續追蹤
2025LDTS00324,好孕診所,慧智基因醫學實驗室,慧智帶因篩檢v1.0,臺北市,遺傳代謝與罕見疾病之基因檢測,2025,1,safe,安全・2025・近期,持續追蹤
2025LDTS00323,好孕診所,慧智基因醫學實驗室,慧智帶因篩檢v2.0,臺北市,遺傳代謝與罕見疾病之基因檢測,2025,1,safe,安全・2025・近期,持續追蹤
2025LDTS00322,好孕診所,慧智基因醫學實驗室,慧智帶因篩檢v3.0,臺北市,遺傳代謝與罕見疾病之基因檢測,2025,1,safe,安全・2025・近期,持續追蹤
2025LDTS00316,好孕診所,慧智基因醫學實驗室,慧智非侵產前染色體篩檢v1.0,臺北市,產前及新生兒染色體與基因變異檢測,2025,1,safe,安全・2025・近期,持續追蹤
2025LDTS00329,好孕診所,慧智基因醫學實驗室,慧智非侵產前染色體篩檢v2.0,臺北市,產前及新生兒染色體與基因變異檢測,2025,1,safe,安全・2025・近期,持續追蹤
2025LDTS00328,好孕診所,慧智基因醫學實驗室,慧智非侵產前染色體篩檢v3.0,臺北市,產前及新生兒染色體與基因變異檢測,2025,1,safe,安全・2025・近期,持續追蹤
2025LDTS00318,好孕診所,慧智基因醫學實驗室,海洋性貧血基因檢測-HBA、HBB基因,臺北市,遺傳代謝與罕見疾病之基因檢測,2025,1,safe,安全・2025・近期,持續追蹤
2025LDTS00317,好孕診所,和平婦產科診所細胞遺傳實驗室,細胞染色體檢查,臺北市,產前及新生兒染色體與基因變異檢測,2025,1,safe,安全・2025・近期,持續追蹤
2025LDTS00140,好孕診所,欣奕醫事檢驗所,脊髓性肌肉萎縮症基因檢測,新北市,遺傳代謝與罕見疾病之基因檢測,2025,1,safe,安全・2025・近期,持續追蹤
2025LDTS00321,好孕診所,慧智基因醫學實驗室,脊髓性肌肉萎縮症基因檢測-SMN基因,臺北市,產前及新生兒染色體與基因變異檢測,2025,1,safe,安全・2025・近期,持續追蹤
2025LDTS00142,好孕診所,欣奕醫事檢驗所,葉酸代謝基因檢測,新北市,遺傳代謝與罕見疾病之基因檢測,2025,1,safe,安全・2025・近期,持續追蹤
2025LDTS00319,好孕診所,慧智基因醫學實驗室,葉酸代謝基因檢測-MTHFR基因,臺北市,遺傳代謝與罕見疾病之基因檢測,2025,1,safe,安全・2025・近期,持續追蹤
2025LDTS00137,好孕診所,欣奕醫事檢驗所,非侵入性胎兒染色體基因檢測-NIFTY PLUS（單胞胎）（39項）,新北市,產前及新生兒染色體與基因變異檢測,2025,1,safe,安全・2025・近期,持續追蹤
2025LDTS00138,好孕診所,欣奕醫事檢驗所,非侵入性胎兒染色體基因檢測-NIFTY PRO（單胞胎）（111項）,新北市,產前及新生兒染色體與基因變異檢測,2025,1,safe,安全・2025・近期,持續追蹤
2025LDTS00136,好孕診所,欣奕醫事檢驗所,非侵入性胎兒染色體基因檢測-NIFTY（單胞胎）（7項）,新北市,產前及新生兒染色體與基因變異檢測,2025,1,safe,安全・2025・近期,持續追蹤
2025LDTS00135,好孕診所,欣奕醫事檢驗所,非侵入性胎兒染色體基因檢測-NIFTY（雙胞胎）（3項）,新北市,產前及新生兒染色體與基因變異檢測,2025,1,safe,安全・2025・近期,持續追蹤
2025LDTS01874,好韻診所,英緹檢測服務實驗室,PGT-A Pixl胚胎著床前染色體篩檢,新竹縣,產前及新生兒染色體與基因變異檢測,2025,1,safe,安全・2025・近期,持續追蹤
2025LDTS01581,好韻診所,創源分生實驗室,SNP+胚胎著床前染色體篩檢 SNP added Preimplantation Genetic Testing for Aneuploidies （SNP+ PGT-A）,臺北市,產前及新生兒染色體與基因變異檢測,2025,1,safe,安全・2025・近期,持續追蹤
2025LDTS01580,好韻診所,創源分生實驗室,胚胎著床前染色體篩檢SNP附加分析Preimplantation Genetic Testing for Aneuploidies （PGT-A） and Additional SNP analysis,臺北市,產前及新生兒染色體與基因變異檢測,2025,1,safe,安全・2025・近期,持續追蹤
2025LDTS00169,好韻診所,創源分生實驗室,腎小管發育不全基因檢測,臺北市,產前及新生兒染色體與基因變異檢測,2025,1,safe,安全・2025・近期,持續追蹤
2025LDTS02200,婦茂婦幼診所,英緹檢測服務實驗室,PGT-A Pixl胚胎著床前染色體篩檢,新竹縣,產前及新生兒染色體與基因變異檢測,2025,1,safe,安全・2025・近期,持續追蹤
2025LDTS00967,媽媽咪亞診所,創源分生實驗室,孕知因多疾病帶因篩檢-安心版,臺北市,產前及新生兒染色體與基因變異檢測,2025,1,safe,安全・2025・近期,持續追蹤
2025LDTS00653,媽媽咪亞診所,創源分生實驗室,腎小管發育不全基因檢測,臺北市,產前及新生兒染色體與基因變異檢測,2025,1,safe,安全・2025・近期,持續追蹤
2025LDTS01663,媽媽咪亞診所,創源分生實驗室,葉酸代謝基因檢測,臺北市,產前及新生兒染色體與基因變異檢測,2025,1,safe,安全・2025・近期,持續追蹤
2025LDTS02049,孕醫診所,英緹檢測服務實驗室,Embryo46胚胎著床前染色體非整倍體檢測,新竹縣,產前及新生兒染色體與基因變異檢測,2025,1,safe,安全・2025・近期,持續追蹤
2025LDTS02050,孕醫診所,英緹檢測服務實驗室,PGT-A Pixl胚胎著床前染色體篩檢,新竹縣,產前及新生兒染色體與基因變異檢測,2025,1,safe,安全・2025・近期,持續追蹤
2025LDTS01846,孕醫診所,創源分生實驗室,SNP+胚胎著床前染色體篩檢 SNP added Preimplantation Genetic Testing for Aneuploidies （SNP+ PGT-A）,臺北市,產前及新生兒染色體與基因變異檢測,2025,1,safe,安全・2025・近期,持續追蹤
2025LDTS00800,孕醫診所,創源分生實驗室,孕知因多疾病帶因篩檢-安心版,臺北市,產前及新生兒染色體與基因變異檢測,2025,1,safe,安全・2025・近期,持續追蹤
2025LDTS01845,孕醫診所,創源分生實驗室,胚胎著床前染色體篩檢SNP附加分析Preimplantation Genetic Testing for Aneuploidies （PGT-A） and Additional SNP analysis,臺北市,產前及新生兒染色體與基因變異檢測,2025,1,safe,安全・2025・近期,持續追蹤
2025LDTS00378,孕醫診所,創源分生實驗室,腎小管發育不全基因檢測,臺北市,產前及新生兒染色體與基因變異檢測,2025,1,safe,安全・2025・近期,持續追蹤
2025LDTS00209,安和醫療社團法人安和醫院,創源分生實驗室,NIPT非侵入性胎兒染色體檢測Q寶PLUS三十八合一,臺北市,產前及新生兒染色體與基因變異檢測,2025,1,safe,安全・2025・近期,持續追蹤
2025LDTS01117,安安十全婦幼診所,華聯中心實驗室,CytoOneArray染色體晶片分析,新竹縣,產前及新生兒染色體與基因變異檢測,2025,1,safe,安全・2025・近期,持續追蹤
2025LDTS01142,安安試管永華婦幼診所,華聯中心實驗室,CytoOneArray染色體晶片分析,新竹縣,產前及新生兒染色體與基因變異檢測,2025,1,safe,安全・2025・近期,持續追蹤
2025LDTS00474,安泰醫療社團法人安泰醫院,高雄醫學大學附設中和紀念醫院,BCR-ABL 定性檢測,高雄市,癌症篩檢、診斷、治療及預後之基因檢測,2025,1,safe,安全・2025・近期,持續追蹤
2025LDTS00493,安泰醫療社團法人安泰醫院,高雄醫學大學附設中和紀念醫院,JAK2 V617F 點突變分析,高雄市,癌症篩檢、診斷、治療及預後之基因檢測,2025,1,safe,安全・2025・近期,持續追蹤
2025LDTS01305,安泰醫療社團法人安泰醫院,慧智基因醫學實驗室,慧智癌監控基因檢測-BRCA 1/2（組織）,臺北市,癌症篩檢、診斷、治療及預後之基因檢測,2025,1,safe,安全・2025・近期,持續追蹤
2025LDTS01405,安田婦產科診所,創源分生實驗室,SNP+胚胎著床前染色體篩檢 SNP added Preimplantation Genetic Testing for Aneuploidies （SNP+ PGT-A）,臺北市,產前及新生兒染色體與基因變異檢測,2025,1,safe,安全・2025・近期,持續追蹤
2025LDTS01043,安田婦產科診所,創源分生實驗室,孕知因多疾病帶因篩檢-安心版,臺北市,產前及新生兒染色體與基因變異檢測,2025,1,safe,安全・2025・近期,持續追蹤
2025LDTS00690,安田婦產科診所,創源分生實驗室,腎小管發育不全基因檢測,臺北市,產前及新生兒染色體與基因變異檢測,2025,1,safe,安全・2025・近期,持續追蹤
2025LDTS01276,宏偉婦幼診所,創源分生實驗室,孕知因多疾病帶因篩檢-安心版,臺北市,產前及新生兒染色體與基因變異檢測,2025,1,safe,安全・2025・近期,持續追蹤
2025LDTS01038,宏偉婦幼診所,創源分生實驗室,腎小管發育不全基因檢測,臺北市,產前及新生兒染色體與基因變異檢測,2025,1,safe,安全・2025・近期,持續追蹤
2025LDTS01556,宏偉婦幼診所,創源分生實驗室,葉酸代謝基因檢測,臺北市,產前及新生兒染色體與基因變異檢測,2025,1,safe,安全・2025・近期,持續追蹤
2025LDTS00237,宏其醫療社團法人宏其婦幼醫院,英緹檢測服務實驗室,Embryo46胚胎著床前染色體非整倍體檢測,新竹縣,產前及新生兒染色體與基因變異檢測,2025,1,safe,安全・2025・近期,持續追蹤
2025LDTS01958,宏其醫療社團法人宏其婦幼醫院,英緹檢測服務實驗室,PGT-A Pixl胚胎著床前染色體篩檢,新竹縣,產前及新生兒染色體與基因變異檢測,2025,1,safe,安全・2025・近期,持續追蹤
2025LDTS00617,宥宥婦幼診所,創源分生實驗室,孕知因多疾病帶因篩檢-安心版,臺北市,產前及新生兒染色體與基因變異檢測,2025,1,safe,安全・2025・近期,持續追蹤
2025LDTS00252,宥宥婦幼診所,創源分生實驗室,腎小管發育不全基因檢測,臺北市,產前及新生兒染色體與基因變異檢測,2025,1,safe,安全・2025・近期,持續追蹤
2025LDTS01887,家瑋生育診所,英緹檢測服務實驗室,PGT-A Pixl胚胎著床前染色體篩檢,新竹縣,產前及新生兒染色體與基因變異檢測,2025,1,safe,安全・2025・近期,持續追蹤
2025LDTS02173,容婦產科診所,慧智基因醫學實驗室,X染色體脆折症基因檢測-FMR1基因,臺北市,遺傳代謝與罕見疾病之基因檢測,2025,1,safe,安全・2025・近期,持續追蹤
2025LDTS02190,容婦產科診所,慧智基因醫學實驗室,先天中樞性換氣不足症候群基因檢測,臺北市,產前及新生兒染色體與基因變異檢測,2025,1,safe,安全・2025・近期,持續追蹤
2025LDTS02189,容婦產科診所,慧智基因醫學實驗室,感覺神經性聽損基因檢測,臺北市,產前及新生兒染色體與基因變異檢測,2025,1,safe,安全・2025・近期,持續追蹤
2025LDTS02177,容婦產科診所,慧智基因醫學實驗室,慧智全方位複合式晶片檢測v1.0,臺北市,產前及新生兒染色體與基因變異檢測,2025,1,safe,安全・2025・近期,持續追蹤
2025LDTS02178,容婦產科診所,慧智基因醫學實驗室,慧智全方位複合式晶片檢測v2.0,臺北市,產前及新生兒染色體與基因變異檢測,2025,1,safe,安全・2025・近期,持續追蹤
2025LDTS02179,容婦產科診所,慧智基因醫學實驗室,慧智全方位複合式晶片檢測v3.0,臺北市,產前及新生兒染色體與基因變異檢測,2025,1,safe,安全・2025・近期,持續追蹤
2025LDTS02183,容婦產科診所,慧智基因醫學實驗室,慧智帶因篩檢v1.0,臺北市,遺傳代謝與罕見疾病之基因檢測,2025,1,safe,安全・2025・近期,持續追蹤
2025LDTS02184,容婦產科診所,慧智基因醫學實驗室,慧智帶因篩檢v2.0,臺北市,遺傳代謝與罕見疾病之基因檢測,2025,1,safe,安全・2025・近期,持續追蹤
2025LDTS02186,容婦產科診所,慧智基因醫學實驗室,慧智新生兒基因篩檢v1.0,臺北市,產前及新生兒染色體與基因變異檢測,2025,1,safe,安全・2025・近期,持續追蹤
2025LDTS02187,容婦產科診所,慧智基因醫學實驗室,慧智新生兒基因篩檢v2.0,臺北市,產前及新生兒染色體與基因變異檢測,2025,1,safe,安全・2025・近期,持續追蹤
2025LDTS02188,容婦產科診所,慧智基因醫學實驗室,慧智新生兒基因篩檢v3.0,臺北市,產前及新生兒染色體與基因變異檢測,2025,1,safe,安全・2025・近期,持續追蹤
2025LDTS02180,容婦產科診所,慧智基因醫學實驗室,慧智非侵產前染色體篩檢v1.0,臺北市,產前及新生兒染色體與基因變異檢測,2025,1,safe,安全・2025・近期,持續追蹤
2025LDTS02181,容婦產科診所,慧智基因醫學實驗室,慧智非侵產前染色體篩檢v2.0,臺北市,產前及新生兒染色體與基因變異檢測,2025,1,safe,安全・2025・近期,持續追蹤
2025LDTS02182,容婦產科診所,慧智基因醫學實驗室,慧智非侵產前染色體篩檢v3.0,臺北市,產前及新生兒染色體與基因變異檢測,2025,1,safe,安全・2025・近期,持續追蹤
2025LDTS02176,容婦產科診所,慧智基因醫學實驗室,海洋性貧血基因檢測-HBA、HBB基因,臺北市,遺傳代謝與罕見疾病之基因檢測,2025,1,safe,安全・2025・近期,持續追蹤
2025LDTS02175,容婦產科診所,慧智基因醫學實驗室,異位性皮膚炎過敏基因檢測-FLG基因,臺北市,產前及新生兒染色體與基因變異檢測,2025,1,safe,安全・2025・近期,持續追蹤
2025LDTS02192,容婦產科診所,和平婦產科診所細胞遺傳實驗室,細胞染色體檢查,臺北市,產前及新生兒染色體與基因變異檢測,2025,1,safe,安全・2025・近期,持續追蹤
2025LDTS02172,容婦產科診所,慧智基因醫學實驗室,脊髓性肌肉萎縮症基因檢測-SMN基因,臺北市,產前及新生兒染色體與基因變異檢測,2025,1,safe,安全・2025・近期,持續追蹤
2025LDTS02174,容婦產科診所,慧智基因醫學實驗室,葉酸代謝基因檢測-MTHFR基因,臺北市,遺傳代謝與罕見疾病之基因檢測,2025,1,safe,安全・2025・近期,持續追蹤
2025LDTS00867,寶建醫療社團法人寶建醫院,行動基因臨床分子醫學實驗室,ACTBRCA貝癌檢癌症基因檢測（組織）,臺北市,癌症篩檢、診斷、治療及預後之基因檢測,2025,1,safe,安全・2025・近期,持續追蹤
2025LDTS00869,寶建醫療社團法人寶建醫院,行動基因臨床分子醫學實驗室,ACTDrug+癌核克癌症基因檢測,臺北市,癌症篩檢、診斷、治療及預後之基因檢測,2025,1,safe,安全・2025・近期,持續追蹤
2025LDTS00871,寶建醫療社團法人寶建醫院,行動基因臨床分子醫學實驗室,ACTFusion癌融克癌症基因檢測,臺北市,癌症篩檢、診斷、治療及預後之基因檢測,2025,1,safe,安全・2025・近期,持續追蹤
2025LDTS00872,寶建醫療社團法人寶建醫院,行動基因臨床分子醫學實驗室,ACTHRD帕癌檢癌症基因檢測,臺北市,癌症篩檢、診斷、治療及預後之基因檢測,2025,1,safe,安全・2025・近期,持續追蹤
2025LDTS00870,寶建醫療社團法人寶建醫院,行動基因臨床分子醫學實驗室,ACTLung肺核克癌症基因檢測,臺北市,癌症篩檢、診斷、治療及預後之基因檢測,2025,1,safe,安全・2025・近期,持續追蹤
2025LDTS00868,寶建醫療社團法人寶建醫院,行動基因臨床分子醫學實驗室,ACTOnco+癌安克癌症基因檢測,臺北市,癌症篩檢、診斷、治療及預後之基因檢測,2025,1,safe,安全・2025・近期,持續追蹤
2025LDTS02027,寶建醫療社團法人寶建醫院,精準醫學核心實驗室,BRCA MLPA基因突變檢測,臺南市,癌症篩檢、診斷、治療及預後之基因檢測,2025,1,safe,安全・2025・近期,持續追蹤
2025LDTS00873,寶建醫療社團法人寶建醫院,精準醫學核心實驗室,同源重組修復缺失基因檢測,臺南市,癌症篩檢、診斷、治療及預後之基因檢測,2025,1,safe,安全・2025・近期,持續追蹤
2025LDTS02042,寶建醫療社團法人寶建醫院,精準醫學核心實驗室,次世代定序BRCA1、BRCA2基因突變檢測（遺傳性）,臺南市,癌症篩檢、診斷、治療及預後之基因檢測,2025,1,safe,安全・2025・近期,持續追蹤
2025LDTS02019,寶建醫療社團法人寶建醫院,精準醫學核心實驗室,次世代定序遺傳性癌症基因檢測,臺南市,癌症篩檢、診斷、治療及預後之基因檢測,2025,1,safe,安全・2025・近期,持續追蹤
2025LDTS01147,小禾馨小兒專科診所,慧智基因醫學實驗室,X染色體脆折症基因檢測-FMR1基因,臺北市,遺傳代謝與罕見疾病之基因檢測,2025,1,safe,安全・2025・近期,持續追蹤
2025LDTS01167,小禾馨小兒專科診所,慧智基因醫學實驗室,先天中樞性換氣不足症候群基因檢測,臺北市,產前及新生兒染色體與基因變異檢測,2025,1,safe,安全・2025・近期,持續追蹤
2025LDTS01169,小禾馨小兒專科診所,慧智基因醫學實驗室,全外顯子定序基因檢測,臺北市,遺傳代謝與罕見疾病之基因檢測,2025,1,safe,安全・2025・近期,持續追蹤
2025LDTS01166,小禾馨小兒專科診所,慧智基因醫學實驗室,感覺神經性聽損基因檢測,臺北市,產前及新生兒染色體與基因變異檢測,2025,1,safe,安全・2025・近期,持續追蹤
2025LDTS01151,小禾馨小兒專科診所,慧智基因醫學實驗室,慧智全方位複合式晶片檢測v1.0,臺北市,產前及新生兒染色體與基因變異檢測,2025,1,safe,安全・2025・近期,持續追蹤
2025LDTS01152,小禾馨小兒專科診所,慧智基因醫學實驗室,慧智全方位複合式晶片檢測v2.0,臺北市,產前及新生兒染色體與基因變異檢測,2025,1,safe,安全・2025・近期,持續追蹤
2025LDTS01153,小禾馨小兒專科診所,慧智基因醫學實驗室,慧智全方位複合式晶片檢測v3.0,臺北市,產前及新生兒染色體與基因變異檢測,2025,1,safe,安全・2025・近期,持續追蹤
2025LDTS01160,小禾馨小兒專科診所,慧智基因醫學實驗室,慧智帶因篩檢v1.0,臺北市,遺傳代謝與罕見疾病之基因檢測,2025,1,safe,安全・2025・近期,持續追蹤
2025LDTS01161,小禾馨小兒專科診所,慧智基因醫學實驗室,慧智帶因篩檢v2.0,臺北市,遺傳代謝與罕見疾病之基因檢測,2025,1,safe,安全・2025・近期,持續追蹤
2025LDTS01162,小禾馨小兒專科診所,慧智基因醫學實驗室,慧智帶因篩檢v3.0,臺北市,遺傳代謝與罕見疾病之基因檢測,2025,1,safe,安全・2025・近期,持續追蹤
2025LDTS01163,小禾馨小兒專科診所,慧智基因醫學實驗室,慧智新生兒基因篩檢v1.0,臺北市,產前及新生兒染色體與基因變異檢測,2025,1,safe,安全・2025・近期,持續追蹤
2025LDTS01164,小禾馨小兒專科診所,慧智基因醫學實驗室,慧智新生兒基因篩檢v2.0,臺北市,產前及新生兒染色體與基因變異檢測,2025,1,safe,安全・2025・近期,持續追蹤
2025LDTS01165,小禾馨小兒專科診所,慧智基因醫學實驗室,慧智新生兒基因篩檢v3.0,臺北市,產前及新生兒染色體與基因變異檢測,2025,1,safe,安全・2025・近期,持續追蹤
2025LDTS01154,小禾馨小兒專科診所,慧智基因醫學實驗室,慧智非侵產前染色體篩檢v1.0,臺北市,產前及新生兒染色體與基因變異檢測,2025,1,safe,安全・2025・近期,持續追蹤
2025LDTS01155,小禾馨小兒專科診所,慧智基因醫學實驗室,慧智非侵產前染色體篩檢v2.0,臺北市,產前及新生兒染色體與基因變異檢測,2025,1,safe,安全・2025・近期,持續追蹤
2025LDTS01156,小禾馨小兒專科診所,慧智基因醫學實驗室,慧智非侵產前染色體篩檢v3.0,臺北市,產前及新生兒染色體與基因變異檢測,2025,1,safe,安全・2025・近期,持續追蹤
2025LDTS01150,小禾馨小兒專科診所,慧智基因醫學實驗室,海洋性貧血基因檢測-HBA、HBB基因,臺北市,遺傳代謝與罕見疾病之基因檢測,2025,1,safe,安全・2025・近期,持續追蹤
2025LDTS01149,小禾馨小兒專科診所,慧智基因醫學實驗室,異位性皮膚炎過敏基因檢測-FLG基因,臺北市,產前及新生兒染色體與基因變異檢測,2025,1,safe,安全・2025・近期,持續追蹤
2025LDTS01170,小禾馨小兒專科診所,和平婦產科診所細胞遺傳實驗室,細胞染色體檢查,臺北市,產前及新生兒染色體與基因變異檢測,2025,1,safe,安全・2025・近期,持續追蹤
2025LDTS01159,小禾馨小兒專科診所,慧智基因醫學實驗室,胚胎著床前單基因檢測,臺北市,產前及新生兒染色體與基因變異檢測,2025,1,safe,安全・2025・近期,持續追蹤
2025LDTS01158,小禾馨小兒專科診所,慧智基因醫學實驗室,胚胎著床前染色體篩檢,臺北市,產前及新生兒染色體與基因變異檢測,2025,1,safe,安全・2025・近期,持續追蹤
2025LDTS01146,小禾馨小兒專科診所,慧智基因醫學實驗室,脊髓性肌肉萎縮症基因檢測-SMN基因,臺北市,產前及新生兒染色體與基因變異檢測,2025,1,safe,安全・2025・近期,持續追蹤
2025LDTS01148,小禾馨小兒專科診所,慧智基因醫學實驗室,葉酸代謝基因檢測-MTHFR基因,臺北市,遺傳代謝與罕見疾病之基因檢測,2025,1,safe,安全・2025・近期,持續追蹤
2025LDTS01157,小禾馨小兒專科診所,慧智基因醫學實驗室,非侵入性胚胎著床前染色體篩檢,臺北市,產前及新生兒染色體與基因變異檢測,2025,1,safe,安全・2025・近期,持續追蹤
2025LDTS00893,屏基醫療財團法人屏東基督教醫院,創源分生實驗室,NIPT非侵入性胎兒染色體檢測Q寶PLUS三十八合一,臺北市,產前及新生兒染色體與基因變異檢測,2025,1,safe,安全・2025・近期,持續追蹤
2025LDTS00933,屏基醫療財團法人屏東基督教醫院,創源分生實驗室,NIPT非侵入性胎兒染色體檢測Q寶PLUS十四合一,臺北市,產前及新生兒染色體與基因變異檢測,2025,1,safe,安全・2025・近期,持續追蹤
2025LDTS00891,屏基醫療財團法人屏東基督教醫院,創源分生實驗室,Q寶Ultra非侵入性胎兒染色體篩檢,臺北市,產前及新生兒染色體與基因變異檢測,2025,1,safe,安全・2025・近期,持續追蹤
2025LDTS00630,屏基醫療財團法人屏東基督教醫院,奇美醫療財團法人奇美醫院精準醫學核心實驗室,"c-KIT exon9, 11, 13, 17 基因突變檢測",臺南市,癌症篩檢、診斷、治療及預後之基因檢測,2025,1,safe,安全・2025・近期,持續追蹤
2025LDTS00995,屏基醫療財團法人屏東基督教醫院,慧智基因醫學實驗室,慧智CGP癌症基因檢測（全方位癌症基因檢測）,臺北市,癌症篩檢、診斷、治療及預後之基因檢測,2025,1,safe,安全・2025・近期,持續追蹤
2025LDTS00996,屏基醫療財團法人屏東基督教醫院,慧智基因醫學實驗室,慧智HRD檢測,臺北市,癌症篩檢、診斷、治療及預後之基因檢測,2025,1,safe,安全・2025・近期,持續追蹤
2025LDTS00994,屏基醫療財團法人屏東基督教醫院,慧智基因醫學實驗室,慧智癌監控基因檢測-乳癌,臺北市,癌症篩檢、診斷、治療及預後之基因檢測,2025,1,safe,安全・2025・近期,持續追蹤
2025LDTS00993,屏基醫療財團法人屏東基督教醫院,慧智基因醫學實驗室,慧智癌監控基因檢測-肺癌,臺北市,癌症篩檢、診斷、治療及預後之基因檢測,2025,1,safe,安全・2025・近期,持續追蹤
2025LDTS00626,屏基醫療財團法人屏東基督教醫院,精準醫學核心實驗室,次世代定序 BRCA1、BRCA2 基因突變檢測,臺南市,癌症篩檢、診斷、治療及預後之基因檢測,2025,1,safe,安全・2025・近期,持續追蹤
2025LDTS00627,屏基醫療財團法人屏東基督教醫院,精準醫學核心實驗室,次世代定序 BRCA1、BRCA2 基因突變檢測（遺傳性）,臺南市,癌症篩檢、診斷、治療及預後之基因檢測,2025,1,safe,安全・2025・近期,持續追蹤
2025LDTS00628,屏基醫療財團法人屏東基督教醫院,精準醫學核心實驗室,次世代定序廣泛性癌症融合基因檢測,臺南市,癌症篩檢、診斷、治療及預後之基因檢測,2025,1,safe,安全・2025・近期,持續追蹤
2025LDTS00625,屏基醫療財團法人屏東基督教醫院,精準醫學核心實驗室,次世代定序癌症用藥基因檢測,臺南市,癌症篩檢、診斷、治療及預後之基因檢測,2025,1,safe,安全・2025・近期,持續追蹤
2025LDTS00624,屏基醫療財團法人屏東基督教醫院,精準醫學核心實驗室,次世代定序癌症用藥融合基因檢測,臺南市,癌症篩檢、診斷、治療及預後之基因檢測,2025,1,safe,安全・2025・近期,持續追蹤
2025LDTS00629,屏基醫療財團法人屏東基督教醫院,精準醫學核心實驗室,次世代定序骨髓型血液腫瘤基因檢測,臺南市,癌症篩檢、診斷、治療及預後之基因檢測,2025,1,safe,安全・2025・近期,持續追蹤
2025LDTS01308,屏基醫療財團法人屏東基督教醫院,國立成功大學基因體醫學中心,胚胎著床前篩檢,臺南市,產前及新生兒染色體與基因變異檢測,2025,1,safe,安全・2025・近期,持續追蹤
2025LDTS01716,屏東榮民總醫院,慧智基因醫學實驗室,慧智全方位複合式晶片檢測v1.0,臺北市,產前及新生兒染色體與基因變異檢測,2025,1,safe,安全・2025・近期,持續追蹤
2025LDTS01717,屏東榮民總醫院,慧智基因醫學實驗室,慧智非侵產前染色體篩檢v3.0,臺北市,產前及新生兒染色體與基因變異檢測,2025,1,safe,安全・2025・近期,持續追蹤
2025LDTS00966,康乃心婦產科診所,創源分生實驗室,孕知因多疾病帶因篩檢-安心版,臺北市,產前及新生兒染色體與基因變異檢測,2025,1,safe,安全・2025・近期,持續追蹤
2025LDTS00851,康乃心婦產科診所,創源分生實驗室,腎小管發育不全基因檢測,臺北市,產前及新生兒染色體與基因變異檢測,2025,1,safe,安全・2025・近期,持續追蹤
2025LDTS00886,張帆婦產科診所,華聯中心實驗室,CytoOneArray染色體晶片分析,新竹縣,產前及新生兒染色體與基因變異檢測,2025,1,safe,安全・2025・近期,持續追蹤
2025LDTS01851,張帆婦產科診所,英緹檢測服務實驗室,PGT-A Pixl胚胎著床前染色體篩檢,新竹縣,產前及新生兒染色體與基因變異檢測,2025,1,safe,安全・2025・近期,持續追蹤
2025LDTS00878,張帆婦產科診所,國立成功大學基因體醫學中心,PHOX2B基因分子檢測,臺南市,產前及新生兒染色體與基因變異檢測,2025,1,safe,安全・2025・近期,持續追蹤
2025LDTS01642,張帆婦產科診所,創源分生實驗室,SNP+胚胎著床前染色體篩檢 SNP added Preimplantation Genetic Testing for Aneuploidies （SNP+ PGT-A）,臺北市,產前及新生兒染色體與基因變異檢測,2025,1,safe,安全・2025・近期,持續追蹤
2025LDTS01643,張帆婦產科診所,創源分生實驗室,孕知因多疾病帶因篩檢-安心版,臺北市,產前及新生兒染色體與基因變異檢測,2025,1,safe,安全・2025・近期,持續追蹤
2025LDTS00879,張帆婦產科診所,國立成功大學基因體醫學中心,感覺神經性聽損基因檢測,臺南市,產前及新生兒染色體與基因變異檢測,2025,1,safe,安全・2025・近期,持續追蹤
2025LDTS01641,張帆婦產科診所,創源分生實驗室,胚胎著床前染色體篩檢SNP附加分析Preimplantation Genetic Testing for Aneuploidies （PGT-A） and Additional SNP analysis,臺北市,產前及新生兒染色體與基因變異檢測,2025,1,safe,安全・2025・近期,持續追蹤
2025LDTS01639,張帆婦產科診所,創源分生實驗室,腎小管發育不全基因檢測,臺北市,產前及新生兒染色體與基因變異檢測,2025,1,safe,安全・2025・近期,持續追蹤
2025LDTS01640,張帆婦產科診所,創源分生實驗室,藥害性聽損基因檢測,臺北市,產前及新生兒染色體與基因變異檢測,2025,1,safe,安全・2025・近期,持續追蹤
2025LDTS00881,張帆婦產科診所,國立成功大學基因體醫學中心,註生（助生）基因檢測,臺南市,產前及新生兒染色體與基因變異檢測,2025,1,safe,安全・2025・近期,持續追蹤
2025LDTS00883,張帆婦產科診所,隱性遺傳疾病帶因檢測,隱性遺傳疾病帶因檢測,臺南市,產前及新生兒染色體與基因變異檢測,2025,1,safe,安全・2025・近期,持續追蹤
2025LDTS00884,張帆婦產科診所,國立成功大學基因體醫學中心,骨發育不全症基因檢測,臺南市,產前及新生兒染色體與基因變異檢測,2025,1,safe,安全・2025・近期,持續追蹤
2025LDTS01627,彰化基督教醫療財團法人彰化基督教醫院,精準醫學核心實驗室,KIT及PDGFRA基因突變檢測,臺南市,癌症篩檢、診斷、治療及預後之基因檢測,2025,1,safe,安全・2025・近期,持續追蹤
2025LDTS01573,彰化基督教醫療財團法人彰化基督教醫院,精準醫學核心實驗,次世代定序癌症用藥基因檢測,臺南市,癌症篩檢、診斷、治療及預後之基因檢測,2025,1,safe,安全・2025・近期,持續追蹤
2025LDTS00795,彰化基督教醫療財團法人彰化基督教醫院,金萬林實驗室,血液腫瘤用藥檢測,新北市,癌症篩檢、診斷、治療及預後之基因檢測,2025,1,safe,安全・2025・近期,持續追蹤
2025LDTS01711,彰化基督教醫療財團法人雲林基督教醫院,行動基因臨床分子醫學實驗室,ACTFusion癌融克癌症基因檢測,臺北市,癌症篩檢、診斷、治療及預後之基因檢測,2025,1,safe,安全・2025・近期,持續追蹤
2025LDTS01710,彰化基督教醫療財團法人雲林基督教醫院,行動基因臨床分子醫學實驗室,ACTHRD帕癌檢癌症基因檢測,臺北市,癌症篩檢、診斷、治療及預後之基因檢測,2025,1,safe,安全・2025・近期,持續追蹤
2025LDTS01712,彰化基督教醫療財團法人雲林基督教醫院,行動基因臨床分子醫學實驗室,ACTLung肺核克癌症基因檢測,臺北市,癌症篩檢、診斷、治療及預後之基因檢測,2025,1,safe,安全・2025・近期,持續追蹤
2025LDTS01713,彰化基督教醫療財團法人雲林基督教醫院,行動基因臨床分子醫學實驗室,ACTOnco+癌安克癌症基因檢測,臺北市,癌症篩檢、診斷、治療及預後之基因檢測,2025,1,safe,安全・2025・近期,持續追蹤
2025LDTS01275,御生婦幼診所,創源分生實驗室,孕知因多疾病帶因篩檢-安心版,臺北市,產前及新生兒染色體與基因變異檢測,2025,1,safe,安全・2025・近期,持續追蹤
2025LDTS01746,御生婦幼診所,創源分生實驗室,脊髓性肌肉萎縮症帶因篩檢 （含空間排列錯置風險評估）,臺北市,產前及新生兒染色體與基因變異檢測,2025,1,safe,安全・2025・近期,持續追蹤
2025LDTS00861,御生婦幼診所,創源分生實驗室,腎小管發育不全基因檢測,臺北市,產前及新生兒染色體與基因變異檢測,2025,1,safe,安全・2025・近期,持續追蹤
2025LDTS01607,御生婦幼診所,創源分生實驗室,葉酸代謝基因檢測,臺北市,產前及新生兒染色體與基因變異檢測,2025,1,safe,安全・2025・近期,持續追蹤
2025LDTS00427,忠孝世賓婦產科診所,國立成功大學基因體醫學中心,FMR1基因分子檢測,臺南市,產前及新生兒染色體與基因變異檢測,2025,1,safe,安全・2025・近期,持續追蹤
2025LDTS01847,忠孝世賓婦產科診所,創源分生實驗室,NIPT非侵入性胎兒染色體檢測Q寶,臺北市,產前及新生兒染色體與基因變異檢測,2025,1,safe,安全・2025・近期,持續追蹤
2025LDTS01850,忠孝世賓婦產科診所,創源分生實驗室,NIPT非侵入性胎兒染色體檢測Q寶PLUS三十八合一,臺北市,產前及新生兒染色體與基因變異檢測,2025,1,safe,安全・2025・近期,持續追蹤
2025LDTS01848,忠孝世賓婦產科診所,創源分生實驗室,NIPT非侵入性胎兒染色體檢測Q寶PLUS十四合一,臺北市,產前及新生兒染色體與基因變異檢測,2025,1,safe,安全・2025・近期,持續追蹤
2025LDTS00428,忠孝世賓婦產科診所,國立成功大學基因體醫學中心,SMN1／SMN2基因分子檢測,臺南市,產前及新生兒染色體與基因變異檢測,2025,1,safe,安全・2025・近期,持續追蹤
2025LDTS01740,忠孝世賓婦產科診所,創源分生實驗室,SNP晶片染色體篩檢-750K,臺北市,產前及新生兒染色體與基因變異檢測,2025,1,safe,安全・2025・近期,持續追蹤
2025LDTS01739,忠孝世賓婦產科診所,創源分生實驗室,SNP晶片染色體篩檢-HD,臺北市,產前及新生兒染色體與基因變異檢測,2025,1,safe,安全・2025・近期,持續追蹤
2025LDTS00430,忠孝世賓婦產科診所,台灣生醫醫事檢驗所,X染色體脆折症FMR1基因分析,臺北市,產前及新生兒染色體與基因變異檢測,2025,1,safe,安全・2025・近期,持續追蹤
2025LDTS01736,忠孝世賓婦產科診所,創源分生實驗室,X染色體脆折症帶因篩檢,臺北市,產前及新生兒染色體與基因變異檢測,2025,1,safe,安全・2025・近期,持續追蹤
2025LDTS01821,忠孝世賓婦產科診所,創源分生實驗室,唐氏症次世代定序篩檢,臺北市,產前及新生兒染色體與基因變異檢測,2025,1,safe,安全・2025・近期,持續追蹤
2025LDTS01048,忠孝世賓婦產科診所,創源分生實驗室,孕知因多疾病帶因篩檢-安心版,臺北市,產前及新生兒染色體與基因變異檢測,2025,1,safe,安全・2025・近期,持續追蹤
2025LDTS00429,忠孝世賓婦產科診所,國立成功大學基因體醫學中心,感覺神經性聽損基因檢測,臺南市,產前及新生兒染色體與基因變異檢測,2025,1,safe,安全・2025・近期,持續追蹤
2025LDTS00406,忠孝世賓婦產科診所,基因飛躍生命科學實驗室,細胞基因體晶片檢驗,臺北市,產前及新生兒染色體與基因變異檢測,2025,1,safe,安全・2025・近期,持續追蹤
2025LDTS00431,忠孝世賓婦產科診所,台灣生醫醫事檢驗所,脊髓性肌肉萎縮症SMN基因分析,臺北市,產前及新生兒染色體與基因變異檢測,2025,1,safe,安全・2025・近期,持續追蹤
2025LDTS01737,忠孝世賓婦產科診所,創源分生實驗室,脊髓性肌肉萎縮症帶因篩檢,臺北市,產前及新生兒染色體與基因變異檢測,2025,1,safe,安全・2025・近期,持續追蹤
2025LDTS01738,忠孝世賓婦產科診所,創源分生實驗室,脊髓性肌肉萎縮症帶因篩檢 （含空間排列錯置風險評估）,臺北市,產前及新生兒染色體與基因變異檢測,2025,1,safe,安全・2025・近期,持續追蹤
2025LDTS00719,忠孝世賓婦產科診所,創源分生實驗室,腎小管發育不全基因檢測,臺北市,產前及新生兒染色體與基因變異檢測,2025,1,safe,安全・2025・近期,持續追蹤
2025LDTS01558,忠孝世賓婦產科診所,創源分生實驗室,葉酸代謝基因檢測,臺北市,產前及新生兒染色體與基因變異檢測,2025,1,safe,安全・2025・近期,持續追蹤
2025LDTS01336,忠孝世賓婦產科診所,創源分生實驗室,藥害性聽損基因檢測,臺北市,產前及新生兒染色體與基因變異檢測,2025,1,safe,安全・2025・近期,持續追蹤
2025LDTS00424,忠孝世賓婦產科診所,國立成功大學基因體醫學中心,非侵入性產前染色體檢測-NIPT1.0,臺南市,產前及新生兒染色體與基因變異檢測,2025,1,safe,安全・2025・近期,持續追蹤
2025LDTS00425,忠孝世賓婦產科診所,國立成功大學基因體醫學中心,非侵入性產前染色體檢測-NIPT2.0,臺南市,產前及新生兒染色體與基因變異檢測,2025,1,safe,安全・2025・近期,持續追蹤
2025LDTS00426,忠孝世賓婦產科診所,國立成功大學基因體醫學中心,非侵入性產前染色體檢測-NIPT3.0,臺南市,產前及新生兒染色體與基因變異檢測,2025,1,safe,安全・2025・近期,持續追蹤
2025LDTS01072,快樂診所,慧智基因醫學實驗室,慧智非侵產前染色體篩檢v2.0,臺北市,產前及新生兒染色體與基因變異檢測,2025,1,safe,安全・2025・近期,持續追蹤
2025LDTS01073,快樂診所,慧智基因醫學實驗室,慧智非侵產前染色體篩檢v3.0,臺北市,產前及新生兒染色體與基因變異檢測,2025,1,safe,安全・2025・近期,持續追蹤
2025LDTS00810,恆基醫療財團法人恆春基督教醫院,慧智基因醫學實驗室,慧智非侵產前染色體篩檢v3.0,臺北市,產前及新生兒染色體與基因變異檢測,2025,1,safe,安全・2025・近期,持續追蹤
2025LDTS01515,惠心婦產科小兒科診所,創源分生實驗室,孕知因多疾病帶因篩檢-安心版,臺北市,產前及新生兒染色體與基因變異檢測,2025,1,safe,安全・2025・近期,持續追蹤
2025LDTS01514,惠心婦產科小兒科診所,創源分生實驗室,腎小管發育不全基因檢測,臺北市,產前及新生兒染色體與基因變異檢測,2025,1,safe,安全・2025・近期,持續追蹤
2025LDTS01611,惠心婦產科小兒科診所,創源分生實驗室,葉酸代謝基因檢測,臺北市,產前及新生兒染色體與基因變異檢測,2025,1,safe,安全・2025・近期,持續追蹤
2025LDTS00149,愛文婦產科診所,創源分生實驗室,N IPT 非侵入性胎兒染色體檢測 Q 寶,臺北市,產前及新生兒染色體與基因變異檢測,2025,1,safe,安全・2025・近期,持續追蹤
2025LDTS00150,愛文婦產科診所,創源分生實驗室,NIPT 非侵入性胎兒染色體檢測 Q 寶 PLUS 十四合一,臺北市,產前及新生兒染色體與基因變異檢測,2025,1,safe,安全・2025・近期,持續追蹤
2025LDTS01765,愛文婦產科診所,創源分生實驗室,SNP晶片染色體篩檢-750K,臺北市,產前及新生兒染色體與基因變異檢測,2025,1,safe,安全・2025・近期,持續追蹤
2025LDTS01764,愛文婦產科診所,創源分生實驗室,X染色體脆折症帶因篩檢,臺北市,產前及新生兒染色體與基因變異檢測,2025,1,safe,安全・2025・近期,持續追蹤
2025LDTS00148,愛文婦產科診所,創源分生實驗室,唐氏症次世代定序篩檢,臺北市,產前及新生兒染色體與基因變異檢測,2025,1,safe,安全・2025・近期,持續追蹤
2025LDTS01049,愛文婦產科診所,創源分生實驗室,孕知因多疾病帶因篩檢-安心版,臺北市,產前及新生兒染色體與基因變異檢測,2025,1,safe,安全・2025・近期,持續追蹤
2025LDTS01767,愛文婦產科診所,創源分生實驗室,脊髓性肌肉萎縮症帶因篩檢,臺北市,產前及新生兒染色體與基因變異檢測,2025,1,safe,安全・2025・近期,持續追蹤
2025LDTS01749,愛文婦產科診所,創源分生實驗室,脊髓性肌肉萎縮症帶因篩檢 （含空間排列錯置風險評估）,臺北市,產前及新生兒染色體與基因變異檢測,2025,1,safe,安全・2025・近期,持續追蹤
2025LDTS00862,愛文婦產科診所,創源分生實驗室,腎小管發育不全基因檢測,臺北市,產前及新生兒染色體與基因變異檢測,2025,1,safe,安全・2025・近期,持續追蹤
2025LDTS01664,愛文婦產科診所,創源分生實驗室,葉酸代謝基因檢測,臺北市,產前及新生兒染色體與基因變異檢測,2025,1,safe,安全・2025・近期,持續追蹤
2025LDTS00469,愛群婦產科診所,英緹檢測服務實驗室,Embryo46胚胎著床前染色體非整倍體檢測,新竹縣,產前及新生兒染色體與基因變異檢測,2025,1,safe,安全・2025・近期,持續追蹤
2025LDTS00452,愛群婦產科診所,英緹檢測服務實驗室,Embryo46胚胎著床前染色體非整倍體檢測,新竹縣,產前及新生兒染色體與基因變異檢測,2025,1,safe,安全・2025・近期,持續追蹤
2025LDTS00077,愛群婦產科診所,欣奕醫事檢驗所,X染色體脆折症基因檢測,新北市,遺傳代謝與罕見疾病之基因檢測,2025,1,safe,安全・2025・近期,持續追蹤
2025LDTS01137,愛群婦產科診所,慧智基因醫學實驗室,X染色體脆折症基因檢測-FMR1基因,臺北市,遺傳代謝與罕見疾病之基因檢測,2025,1,safe,安全・2025・近期,持續追蹤
2025LDTS00079,愛群婦產科診所,欣奕醫事檢驗所,亨丁頓舞蹈症基因檢測,新北市,遺傳代謝與罕見疾病之基因檢測,2025,1,safe,安全・2025・近期,持續追蹤
2025LDTS01124,愛群婦產科診所,慧智基因醫學實驗室,全外顯子定序基因檢測,臺北市,遺傳代謝與罕見疾病之基因檢測,2025,1,safe,安全・2025・近期,持續追蹤
2025LDTS01135,愛群婦產科診所,慧智基因醫學實驗室,慧智全方位複合式晶片檢測v1.0,臺北市,產前及新生兒染色體與基因變異檢測,2025,1,safe,安全・2025・近期,持續追蹤
2025LDTS01134,愛群婦產科診所,慧智基因醫學實驗室,慧智全方位複合式晶片檢測v2.0,臺北市,產前及新生兒染色體與基因變異檢測,2025,1,safe,安全・2025・近期,持續追蹤
2025LDTS01133,愛群婦產科診所,慧智基因醫學實驗室,慧智全方位複合式晶片檢測v3.0,臺北市,產前及新生兒染色體與基因變異檢測,2025,1,safe,安全・2025・近期,持續追蹤
2025LDTS01127,愛群婦產科診所,慧智基因醫學實驗室,慧智帶因篩檢v1.0,臺北市,遺傳代謝與罕見疾病之基因檢測,2025,1,safe,安全・2025・近期,持續追蹤
2025LDTS01126,愛群婦產科診所,慧智基因醫學實驗室,慧智帶因篩檢v2.0,臺北市,遺傳代謝與罕見疾病之基因檢測,2025,1,safe,安全・2025・近期,持續追蹤
2025LDTS01125,愛群婦產科診所,慧智基因醫學實驗室,慧智帶因篩檢v3.0,臺北市,遺傳代謝與罕見疾病之基因檢測,2025,1,safe,安全・2025・近期,持續追蹤
2025LDTS01132,愛群婦產科診所,慧智基因醫學實驗室,慧智非侵產前染色體篩檢v1.0,臺北市,產前及新生兒染色體與基因變異檢測,2025,1,safe,安全・2025・近期,持續追蹤
2025LDTS01131,愛群婦產科診所,慧智基因醫學實驗室,慧智非侵產前染色體篩檢v2.0,臺北市,產前及新生兒染色體與基因變異檢測,2025,1,safe,安全・2025・近期,持續追蹤
2025LDTS01130,愛群婦產科診所,慧智基因醫學實驗室,慧智非侵產前染色體篩檢v3.0,臺北市,產前及新生兒染色體與基因變異檢測,2025,1,safe,安全・2025・近期,持續追蹤
2025LDTS01136,愛群婦產科診所,慧智基因醫學實驗室,海洋性貧血基因檢測-HBA、HBB基因,臺北市,遺傳代謝與罕見疾病之基因檢測,2025,1,safe,安全・2025・近期,持續追蹤
2025LDTS01123,愛群婦產科診所,和平婦產科診所細胞遺傳實驗室,細胞染色體檢查,臺北市,產前及新生兒染色體與基因變異檢測,2025,1,safe,安全・2025・近期,持續追蹤
2025LDTS01128,愛群婦產科診所,慧智基因醫學實驗室,胚胎著床前單基因檢測,臺北市,產前及新生兒染色體與基因變異檢測,2025,1,safe,安全・2025・近期,持續追蹤
2025LDTS01129,愛群婦產科診所,慧智基因醫學實驗室,胚胎著床前染色體篩檢,臺北市,產前及新生兒染色體與基因變異檢測,2025,1,safe,安全・2025・近期,持續追蹤
2025LDTS00078,愛群婦產科診所,欣奕醫事檢驗所,脊髓性肌肉萎縮症基因檢測,新北市,遺傳代謝與罕見疾病之基因檢測,2025,1,safe,安全・2025・近期,持續追蹤
2025LDTS01138,愛群婦產科診所,慧智基因醫學實驗室,脊髓性肌肉萎縮症基因檢測-SMN基因,臺北市,產前及新生兒染色體與基因變異檢測,2025,1,safe,安全・2025・近期,持續追蹤
2025LDTS00080,愛群婦產科診所,欣奕醫事檢驗所,葉酸代謝基因檢測,新北市,遺傳代謝與罕見疾病之基因檢測,2025,1,safe,安全・2025・近期,持續追蹤
2025LDTS00083,愛群婦產科診所,欣奕醫事檢驗所,非侵入性胎兒染色體基因檢測-NIFTY PLUS（單胞胎）（39項）,新北市,產前及新生兒染色體與基因變異檢測,2025,1,safe,安全・2025・近期,持續追蹤
2025LDTS00084,愛群婦產科診所,欣奕醫事檢驗所,非侵入性胎兒染色體基因檢測-NIFTY PRO（單胞胎）（111項）,新北市,產前及新生兒染色體與基因變異檢測,2025,1,safe,安全・2025・近期,持續追蹤
2025LDTS00082,愛群婦產科診所,欣奕醫事檢驗所,非侵入性胎兒染色體基因檢測-NIFTY（單胞胎）（7項）,新北市,產前及新生兒染色體與基因變異檢測,2025,1,safe,安全・2025・近期,持續追蹤
2025LDTS00081,愛群婦產科診所,欣奕醫事檢驗所,非侵入性胎兒染色體基因檢測-NIFTY（雙胞胎）（3項）,新北市,產前及新生兒染色體與基因變異檢測,2025,1,safe,安全・2025・近期,持續追蹤
2025LDTS00731,慈銘婦產科診所,慧智基因醫學實驗室,X染色體脆折症基因檢測-FMR1基因,臺北市,遺傳代謝與罕見疾病之基因檢測,2025,1,safe,安全・2025・近期,持續追蹤
2025LDTS00744,慈銘婦產科診所,慧智基因醫學實驗室,先天中樞性換氣不足症候群基因檢測,臺北市,產前及新生兒染色體與基因變異檢測,2025,1,safe,安全・2025・近期,持續追蹤
2025LDTS00743,慈銘婦產科診所,慧智基因醫學實驗室,感覺神經性聽損基因檢測,臺北市,產前及新生兒染色體與基因變異檢測,2025,1,safe,安全・2025・近期,持續追蹤
2025LDTS00734,慈銘婦產科診所,慧智基因醫學實驗室,慧智全方位複合式晶片檢測v1.0,臺北市,產前及新生兒染色體與基因變異檢測,2025,1,safe,安全・2025・近期,持續追蹤
2025LDTS00735,慈銘婦產科診所,慧智基因醫學實驗室,慧智全方位複合式晶片檢測v2.0,臺北市,產前及新生兒染色體與基因變異檢測,2025,1,safe,安全・2025・近期,持續追蹤
2025LDTS00736,慈銘婦產科診所,慧智基因醫學實驗室,慧智全方位複合式晶片檢測v3.0,臺北市,產前及新生兒染色體與基因變異檢測,2025,1,safe,安全・2025・近期,持續追蹤
2025LDTS00737,慈銘婦產科診所,慧智基因醫學實驗室,慧智帶因篩檢v1.0,臺北市,遺傳代謝與罕見疾病之基因檢測,2025,1,safe,安全・2025・近期,持續追蹤
2025LDTS00738,慈銘婦產科診所,慧智基因醫學實驗室,慧智帶因篩檢v2.0,臺北市,遺傳代謝與罕見疾病之基因檢測,2025,1,safe,安全・2025・近期,持續追蹤
2025LDTS00739,慈銘婦產科診所,慧智基因醫學實驗室,慧智帶因篩檢v3.0,臺北市,遺傳代謝與罕見疾病之基因檢測,2025,1,safe,安全・2025・近期,持續追蹤
2025LDTS00740,慈銘婦產科診所,慧智基因醫學實驗室,慧智新生兒基因篩檢v1.0,臺北市,產前及新生兒染色體與基因變異檢測,2025,1,safe,安全・2025・近期,持續追蹤
2025LDTS00741,慈銘婦產科診所,慧智基因醫學實驗室,慧智新生兒基因篩檢v2.0,臺北市,產前及新生兒染色體與基因變異檢測,2025,1,safe,安全・2025・近期,持續追蹤
2025LDTS00742,慈銘婦產科診所,慧智基因醫學實驗室,慧智新生兒基因篩檢v3.0,臺北市,產前及新生兒染色體與基因變異檢測,2025,1,safe,安全・2025・近期,持續追蹤
2025LDTS00733,慈銘婦產科診所,慧智基因醫學實驗室,海洋性貧血基因檢測-HBA、HBB基因,臺北市,遺傳代謝與罕見疾病之基因檢測,2025,1,safe,安全・2025・近期,持續追蹤
2025LDTS00732,慈銘婦產科診所,慧智基因醫學實驗室,異位性皮膚炎過敏基因檢測-FLG基因,臺北市,產前及新生兒染色體與基因變異檢測,2025,1,safe,安全・2025・近期,持續追蹤
2025LDTS00730,慈銘婦產科診所,慧智基因醫學實驗室,脊髓性肌肉萎縮症基因檢測-SMN基因,臺北市,產前及新生兒染色體與基因變異檢測,2025,1,safe,安全・2025・近期,持續追蹤
2025LDTS00664,慈銘婦產科診所,創源分生實驗室,腎小管發育不全基因檢測,臺北市,產前及新生兒染色體與基因變異檢測,2025,1,safe,安全・2025・近期,持續追蹤
2025LDTS01665,慈銘婦產科診所,創源分生實驗室,葉酸代謝基因檢測,臺北市,產前及新生兒染色體與基因變異檢測,2025,1,safe,安全・2025・近期,持續追蹤
2025LDTS01052,慈銘婦產科診所,創源分生實驗室,藥害性聽損基因檢測,臺北市,產前及新生兒染色體與基因變異檢測,2025,1,safe,安全・2025・近期,持續追蹤
2025LDTS00579,慶生婦產科診所,創源分生實驗室,X染色體脆折症帶因篩檢,臺北市,產前及新生兒染色體與基因變異檢測,2025,1,safe,安全・2025・近期,持續追蹤
2025LDTS00451,慶生婦產科診所,創源分生實驗室,孕知因多疾病帶因篩檢-安心版,臺北市,產前及新生兒染色體與基因變異檢測,2025,1,safe,安全・2025・近期,持續追蹤
2025LDTS00600,慶生婦產科診所,創源分生實驗室,脊髓性肌肉萎縮症帶因篩檢,臺北市,產前及新生兒染色體與基因變異檢測,2025,1,safe,安全・2025・近期,持續追蹤
2025LDTS00601,慶生婦產科診所,創源分生實驗室,脊髓性肌肉萎縮症帶因篩檢 （含空間排列錯置風險評估）,臺北市,產前及新生兒染色體與基因變異檢測,2025,1,safe,安全・2025・近期,持續追蹤
2025LDTS00575,慶生婦產科診所,創源分生實驗室,腎小管發育不全基因檢測,臺北市,產前及新生兒染色體與基因變異檢測,2025,1,safe,安全・2025・近期,持續追蹤
2025LDTS00455,慶生婦產科診所,創源分生實驗室,葉酸代謝基因檢測,臺北市,產前及新生兒染色體與基因變異檢測,2025,1,safe,安全・2025・近期,持續追蹤
2025LDTS00578,慶生婦產科診所,創源分生實驗室,藥害性聽損基因檢測,臺北市,產前及新生兒染色體與基因變異檢測,2025,1,safe,安全・2025・近期,持續追蹤
2025LDTS01987,振興醫療財團法人振興醫院,創源分生實驗室,唐氏症次世代定序篩檢,臺北市,產前及新生兒染色體與基因變異檢測,2025,1,safe,安全・2025・近期,持續追蹤
2025LDTS01988,振興醫療財團法人振興醫院,創源分生實驗室,非侵入性胎兒染色體檢測Q寶,臺北市,產前及新生兒染色體與基因變異檢測,2025,1,safe,安全・2025・近期,持續追蹤
2025LDTS01413,敏盛綜合醫院,台灣生醫醫事檢驗所,X染色體脆折症FMR1基因分析,臺北市,產前及新生兒染色體與基因變異檢測,2025,1,safe,安全・2025・近期,持續追蹤
2025LDTS00418,敏盛綜合醫院,慧智基因醫學實驗室,慧智HRD檢測,臺北市,癌症篩檢、診斷、治療及預後之基因檢測,2025,1,safe,安全・2025・近期,持續追蹤
2025LDTS00423,敏盛綜合醫院,慧智基因醫學實驗室,慧智新生兒基因篩檢v1.0,臺北市,產前及新生兒染色體與基因變異檢測,2025,1,safe,安全・2025・近期,持續追蹤
2025LDTS00422,敏盛綜合醫院,慧智基因醫學實驗室,慧智新生兒基因篩檢v2.0,臺北市,產前及新生兒染色體與基因變異檢測,2025,1,safe,安全・2025・近期,持續追蹤
2025LDTS00421,敏盛綜合醫院,慧智基因醫學實驗室,慧智新生兒基因篩檢v3.0,臺北市,產前及新生兒染色體與基因變異檢測,2025,1,safe,安全・2025・近期,持續追蹤
2025LDTS00419,敏盛綜合醫院,慧智基因醫學實驗室,慧智癌監控基因檢測-BRCA 1/2（組織）,臺北市,癌症篩檢、診斷、治療及預後之基因檢測,2025,1,safe,安全・2025・近期,持續追蹤
2025LDTS00417,敏盛綜合醫院,慧智基因醫學實驗室,慧智癌監控基因檢測-乳癌,臺北市,癌症篩檢、診斷、治療及預後之基因檢測,2025,1,safe,安全・2025・近期,持續追蹤
2025LDTS00420,敏盛綜合醫院,慧智基因醫學實驗室,慧智癌風險-BRCA1/2基因檢測,臺北市,癌症篩檢、診斷、治療及預後之基因檢測,2025,1,safe,安全・2025・近期,持續追蹤
2025LDTS00968,新亞東婦產科醫院,創源分生實驗室,孕知因多疾病帶因篩檢-安心版,臺北市,產前及新生兒染色體與基因變異檢測,2025,1,safe,安全・2025・近期,持續追蹤
2025LDTS00680,新亞東婦產科醫院,創源分生實驗室,腎小管發育不全基因檢測,臺北市,產前及新生兒染色體與基因變異檢測,2025,1,safe,安全・2025・近期,持續追蹤
2025LDTS01666,新亞東婦產科醫院,創源分生實驗室,葉酸代謝基因檢測,臺北市,產前及新生兒染色體與基因變異檢測,2025,1,safe,安全・2025・近期,持續追蹤
2025LDTS01718,新光醫療財團法人新光吳火獅紀念醫院,麗寶基因體實驗室,NOTCH3 R544C基因分型【NOTCH3 R544C Genotyping】,臺北市,遺傳代謝與罕見疾病之基因檢測,2025,1,safe,安全・2025・近期,持續追蹤
2025LDTS01718,新光醫療財團法人新光吳火獅紀念醫院,麗寶基因體實驗室,NOTCH3 R544C基因分型【NOTCH3 R544C Genotyping】,臺北市,遺傳代謝與罕見疾病之基因檢測,2025,1,safe,安全・2025・近期,持續追蹤
2025LDTS00003,新光醫療財團法人新光吳火獅紀念醫院,麗寶醫事檢驗所,NOTCH3 R544C基因分型【NOTCH3 R544C Genotyping】,臺北市,遺傳代謝與罕見疾病之基因檢測,2025,1,safe,安全・2025・近期,持續追蹤
2025LDTS01827,新光醫療財團法人新光吳火獅紀念醫院,麗寶醫事檢驗所,"NOTCH3基因檢測【NOTCH3 EGFr Domain, Exon 2-24】",臺北市,遺傳代謝與罕見疾病之基因檢測,2025,1,safe,安全・2025・近期,持續追蹤
2025LDTS01720,新光醫療財團法人新光吳火獅紀念醫院,金萬林實驗室,全面型癌循環核酸檢測,新北市,癌症篩檢、診斷、治療及預後之基因檢測,2025,1,safe,安全・2025・近期,持續追蹤
2025LDTS01719,新光醫療財團法人新光吳火獅紀念醫院,金萬林實驗室,全面型癌組織用藥檢測,新北市,癌症篩檢、診斷、治療及預後之基因檢測,2025,1,safe,安全・2025・近期,持續追蹤
2025LDTS01800,新北市立土城醫院（委託長庚醫療財團法人興建經營）,行動基因臨床分子醫學實驗室,ACTHRD帕癌檢癌症基因檢測,臺北市,癌症篩檢、診斷、治療及預後之基因檢測,2025,1,safe,安全・2025・近期,持續追蹤
2025LDTS00454,新北市立聯合醫院,基龍米克斯實驗室,安可癒癌症基因檢測,新北市,癌症篩檢、診斷、治療及預後之基因檢測,2025,1,safe,安全・2025・近期,持續追蹤
2025LDTS00054,新板婦產科診所,英緹檢測服務實驗室,Embryo46胚胎著床前染色體非整倍體檢測,新竹縣,產前及新生兒染色體與基因變異檢測,2025,1,safe,安全・2025・近期,持續追蹤
2025LDTS01927,新板婦產科診所,英緹檢測服務實驗室,PGT-A Pixl胚胎著床前染色體篩檢,新竹縣,產前及新生兒染色體與基因變異檢測,2025,1,safe,安全・2025・近期,持續追蹤
2025LDTS02016,新板婦產科診所,Igenomix Taiwan Ltd台灣艾捷隆實驗室,PGT-A胚胎著床前染色體篩檢,新北市,產前及新生兒染色體與基因變異檢測,2025,1,safe,安全・2025・近期,持續追蹤
2025LDTS01036,新板婦產科診所,創源分生實驗室,SNP+胚胎著床前染色體篩檢 SNP added Preimplantation Genetic Testing for Aneuploidies （SNP+ PGT-A）,臺北市,產前及新生兒染色體與基因變異檢測,2025,1,safe,安全・2025・近期,持續追蹤
2025LDTS01035,新板婦產科診所,創源分生實驗室,孕知因多疾病帶因篩檢-安心版,臺北市,產前及新生兒染色體與基因變異檢測,2025,1,safe,安全・2025・近期,持續追蹤
2025LDTS01619,新板婦產科診所,慧智基因醫學實驗室,胚胎著床前單基因檢測,臺北市,產前及新生兒染色體與基因變異檢測,2025,1,safe,安全・2025・近期,持續追蹤
2025LDTS01618,新板婦產科診所,慧智基因醫學實驗室,胚胎著床前染色體篩檢,臺北市,產前及新生兒染色體與基因變異檢測,2025,1,safe,安全・2025・近期,持續追蹤
2025LDTS00151,新板婦產科診所,國立成功大學基因體醫學中心,胚胎著床前篩檢,臺南市,產前及新生兒染色體與基因變異檢測,2025,1,safe,安全・2025・近期,持續追蹤
2025LDTS01033,新板婦產科診所,創源分生實驗室,腎小管發育不全基因檢測,臺北市,產前及新生兒染色體與基因變異檢測,2025,1,safe,安全・2025・近期,持續追蹤
2025LDTS01034,新板婦產科診所,創源分生實驗室,藥害性聽損基因檢測,臺北市,產前及新生兒染色體與基因變異檢測,2025,1,safe,安全・2025・近期,持續追蹤
2025LDTS00156,新板婦產科診所,國立成功大學基因體醫學中心,註生（助生）基因檢測,臺南市,產前及新生兒染色體與基因變異檢測,2025,1,safe,安全・2025・近期,持續追蹤
2025LDTS00155,新板婦產科診所,國立成功大學基因體醫學中心,隱性遺傳疾病帶因檢測,臺南市,產前及新生兒染色體與基因變異檢測,2025,1,safe,安全・2025・近期,持續追蹤
2025LDTS00152,新板婦產科診所,國立成功大學基因體醫學中心,非侵入性產前染色體檢測-NIPT1.0,臺南市,產前及新生兒染色體與基因變異檢測,2025,1,safe,安全・2025・近期,持續追蹤
2025LDTS00153,新板婦產科診所,國立成功大學基因體醫學中心,非侵入性產前染色體檢測-NIPT2.0,臺南市,產前及新生兒染色體與基因變異檢測,2025,1,safe,安全・2025・近期,持續追蹤
2025LDTS00154,新板婦產科診所,國立成功大學基因體醫學中心,非侵入性產前染色體檢測-NIPT3.0,臺南市,產前及新生兒染色體與基因變異檢測,2025,1,safe,安全・2025・近期,持續追蹤
2025LDTS01040,新正薪醫院,創源分生實驗室,孕產前多疾病帶因者篩檢-安心版,臺北市,產前及新生兒染色體與基因變異檢測,2025,1,safe,安全・2025・近期,持續追蹤
2025LDTS00666,新正薪醫院,創源分生實驗室,腎小管發育不全基因檢測,臺北市,產前及新生兒染色體與基因變異檢測,2025,1,safe,安全・2025・近期,持續追蹤
2025LDTS01071,新竹市立馬偕兒童醫院(委託台灣基督長老教會馬偕醫療財團法人興建經營),慧智基因醫學實驗室,慧智HRD檢測,臺北市,癌症篩檢、診斷、治療及預後之基因檢測,2025,1,safe,安全・2025・近期,持續追蹤
2025LDTS01070,新竹市立馬偕兒童醫院(委託台灣基督長老教會馬偕醫療財團法人興建經營),慧智基因醫學實驗室,慧智癌監控基因檢測-BRCA 1/2（組織）,臺北市,癌症篩檢、診斷、治療及預後之基因檢測,2025,1,safe,安全・2025・近期,持續追蹤
2025LDTS01140,新竹市立馬偕兒童醫院(委託台灣基督長老教會馬偕醫療財團法人興建經營),慧智基因醫學實驗室,新生兒基因篩檢v2.0,臺北市,產前及新生兒染色體與基因變異檢測,2025,1,safe,安全・2025・近期,持續追蹤
2025LDTS01141,新竹市立馬偕兒童醫院(委託台灣基督長老教會馬偕醫療財團法人興建經營),慧智基因醫學實驗室,新生兒基因篩檢v3.0,臺北市,產前及新生兒染色體與基因變異檢測,2025,1,safe,安全・2025・近期,持續追蹤
2025LDTS01139,新竹市立馬偕兒童醫院(委託台灣基督長老教會馬偕醫療財團法人興建經營),慧智基因醫學實驗室,癌風險-BRCA1/2基因檢測,臺北市,癌症篩檢、診斷、治療及預後之基因檢測,2025,1,safe,安全・2025・近期,持續追蹤
2025LDTS01751,新莊惠欣婦產科小兒科診所,創源分生實驗室,SNP晶片染色體篩檢-750K,臺北市,產前及新生兒染色體與基因變異檢測,2025,1,safe,安全・2025・近期,持續追蹤
2025LDTS01752,新莊惠欣婦產科小兒科診所,創源分生實驗室,SNP晶片染色體篩檢-HD,臺北市,產前及新生兒染色體與基因變異檢測,2025,1,safe,安全・2025・近期,持續追蹤
2025LDTS01566,新莊惠欣婦產科小兒科診所,創源分生實驗室,孕知因多疾病帶因篩檢-安心版,臺北市,產前及新生兒染色體與基因變異檢測,2025,1,safe,安全・2025・近期,持續追蹤
2025LDTS01750,新莊惠欣婦產科小兒科診所,創源分生實驗室,脊髓性肌肉萎縮症帶因篩檢 （含空間排列錯置風險評估）,臺北市,產前及新生兒染色體與基因變異檢測,2025,1,safe,安全・2025・近期,持續追蹤
2025LDTS01565,新莊惠欣婦產科小兒科診所,創源分生實驗室,腎小管發育不全基因檢測,臺北市,產前及新生兒染色體與基因變異檢測,2025,1,safe,安全・2025・近期,持續追蹤
2025LDTS01667,新莊惠欣婦產科小兒科診所,創源分生實驗室,葉酸代謝基因檢測,臺北市,產前及新生兒染色體與基因變異檢測,2025,1,safe,安全・2025・近期,持續追蹤
2025LDTS01397,新莊惠欣婦產科小兒科診所,創源分生實驗室,藥害性聽損基因檢測,臺北市,產前及新生兒染色體與基因變異檢測,2025,1,safe,安全・2025・近期,持續追蹤
2025LDTS01005,施以中診所,慧智基因醫學實驗室,慧智非侵產前染色體篩檢v3.0,臺北市,產前及新生兒染色體與基因變異檢測,2025,1,safe,安全・2025・近期,持續追蹤
2025LDTS02073,施英富婦產科診所,國立成功大學基因體醫學中心,FMR1基因分子檢測,臺南市,產前及新生兒染色體與基因變異檢測,2025,1,safe,安全・2025・近期,持續追蹤
2025LDTS02074,施英富婦產科診所,國立成功大學基因體醫學中心,PHOX2B基因分子檢測,臺南市,產前及新生兒染色體與基因變異檢測,2025,1,safe,安全・2025・近期,持續追蹤
2025LDTS02075,施英富婦產科診所,國立成功大學基因體醫學中心,SMN1／SMN2基因分子檢測,臺南市,產前及新生兒染色體與基因變異檢測,2025,1,safe,安全・2025・近期,持續追蹤
2025LDTS02076,施英富婦產科診所,國立成功大學基因體醫學中心,感覺神經性聽損基因檢測,臺南市,產前及新生兒染色體與基因變異檢測,2025,1,safe,安全・2025・近期,持續追蹤
2025LDTS02077,施英富婦產科診所,國立成功大學基因體醫學中心,胚胎著床前篩檢,臺南市,產前及新生兒染色體與基因變異檢測,2025,1,safe,安全・2025・近期,持續追蹤
2025LDTS02081,施英富婦產科診所,國立成功大學基因體醫學中心,註生（助生）基因檢測,臺南市,產前及新生兒染色體與基因變異檢測,2025,1,safe,安全・2025・近期,持續追蹤
2025LDTS02082,施英富婦產科診所,國立成功大學基因體醫學中心,隱性遺傳疾病帶因檢測,臺南市,產前及新生兒染色體與基因變異檢測,2025,1,safe,安全・2025・近期,持續追蹤
2025LDTS02078,施英富婦產科診所,國立成功大學基因體醫學中心,非侵入性產前染色體檢測-NIPT1.0,臺南市,產前及新生兒染色體與基因變異檢測,2025,1,safe,安全・2025・近期,持續追蹤
2025LDTS02079,施英富婦產科診所,國立成功大學基因體醫學中心,非侵入性產前染色體檢測-NIPT2.0,臺南市,產前及新生兒染色體與基因變異檢測,2025,1,safe,安全・2025・近期,持續追蹤
2025LDTS02080,施英富婦產科診所,國立成功大學基因體醫學中心,非侵入性產前染色體檢測-NIPT3.0,臺南市,產前及新生兒染色體與基因變異檢測,2025,1,safe,安全・2025・近期,持續追蹤
2025LDTS02083,施英富婦產科診所,國立成功大學基因體醫學中心,骨發育不全症基因檢測,臺南市,產前及新生兒染色體與基因變異檢測,2025,1,safe,安全・2025・近期,持續追蹤
2025LDTS00085,日康診所,欣奕醫事檢驗所,X染色體脆折症基因檢測,新北市,遺傳代謝與罕見疾病之基因檢測,2025,1,safe,安全・2025・近期,持續追蹤
2025LDTS00088,日康診所,欣奕醫事檢驗所,亨丁頓舞蹈症基因檢測,新北市,遺傳代謝與罕見疾病之基因檢測,2025,1,safe,安全・2025・近期,持續追蹤
2025LDTS00086,日康診所,欣奕醫事檢驗所,脊髓性肌肉萎縮症基因檢測,新北市,遺傳代謝與罕見疾病之基因檢測,2025,1,safe,安全・2025・近期,持續追蹤
2025LDTS00089,日康診所,欣奕醫事檢驗所,葉酸代謝基因檢測,新北市,遺傳代謝與罕見疾病之基因檢測,2025,1,safe,安全・2025・近期,持續追蹤
2025LDTS00094,日康診所,欣奕醫事檢驗所,非侵入性胎兒染色體基因檢測-NIFTY PLUS（單胞胎）（39項）,新北市,產前及新生兒染色體與基因變異檢測,2025,1,safe,安全・2025・近期,持續追蹤
2025LDTS00095,日康診所,欣奕醫事檢驗所,非侵入性胎兒染色體基因檢測-NIFTY PRO（單胞胎）（111項）,新北市,產前及新生兒染色體與基因變異檢測,2025,1,safe,安全・2025・近期,持續追蹤
2025LDTS00092,日康診所,欣奕醫事檢驗所,非侵入性胎兒染色體基因檢測-NIFTY（單胞胎）（7項）,新北市,產前及新生兒染色體與基因變異檢測,2025,1,safe,安全・2025・近期,持續追蹤
2025LDTS00091,日康診所,欣奕醫事檢驗所,非侵入性胎兒染色體基因檢測-NIFTY（雙胞胎）（3項）,新北市,產前及新生兒染色體與基因變異檢測,2025,1,safe,安全・2025・近期,持續追蹤
2025LDTS01674,旭陽診所,英緹檢測服務實驗室,Embryo46胚胎著床前染色體非整倍體檢測,新竹縣,產前及新生兒染色體與基因變異檢測,2025,1,safe,安全・2025・近期,持續追蹤
2025LDTS00621,曜生婦產科診所,創源分生實驗室,孕產前多疾病帶因者篩檢-安心版,臺北市,產前及新生兒染色體與基因變異檢測,2025,1,safe,安全・2025・近期,持續追蹤
2025LDTS00253,曜生婦產科診所,創源分生實驗室,腎小管發育不全基因檢測,臺北市,產前及新生兒染色體與基因變異檢測,2025,1,safe,安全・2025・近期,持續追蹤
2025LDTS01897,李及時婦產家醫科診所,慧智基因醫學實驗室,X染色體脆折症基因檢測-FMR1基因,臺北市,遺傳代謝與罕見疾病之基因檢測,2025,1,safe,安全・2025・近期,持續追蹤
2025LDTS01901,李及時婦產家醫科診所,慧智基因醫學實驗室,慧智帶因篩檢v1.0,臺北市,遺傳代謝與罕見疾病之基因檢測,2025,1,safe,安全・2025・近期,持續追蹤
2025LDTS01902,李及時婦產家醫科診所,慧智基因醫學實驗室,慧智帶因篩檢v2.0,臺北市,遺傳代謝與罕見疾病之基因檢測,2025,1,safe,安全・2025・近期,持續追蹤
2025LDTS01903,李及時婦產家醫科診所,慧智基因醫學實驗室,慧智帶因篩檢v3.0,臺北市,遺傳代謝與罕見疾病之基因檢測,2025,1,safe,安全・2025・近期,持續追蹤
2025LDTS01899,李及時婦產家醫科診所,慧智基因醫學實驗室,慧智非侵產前染色體篩檢v1.0,臺北市,產前及新生兒染色體與基因變異檢測,2025,1,safe,安全・2025・近期,持續追蹤
2025LDTS01900,李及時婦產家醫科診所,慧智基因醫學實驗室,慧智非侵產前染色體篩檢v2.0,臺北市,產前及新生兒染色體與基因變異檢測,2025,1,safe,安全・2025・近期,持續追蹤
2025LDTS01904,李及時婦產家醫科診所,慧智基因醫學實驗室,慧智非侵產前染色體篩檢v3.0,臺北市,產前及新生兒染色體與基因變異檢測,2025,1,safe,安全・2025・近期,持續追蹤
2025LDTS01898,李及時婦產家醫科診所,慧智基因醫學實驗室,海洋性貧血基因檢測-HBA、HBB基因,臺北市,遺傳代謝與罕見疾病之基因檢測,2025,1,safe,安全・2025・近期,持續追蹤
2025LDTS01896,李及時婦產家醫科診所,慧智基因醫學實驗室,脊髓性肌肉萎縮症基因檢測-SMN基因,臺北市,產前及新生兒染色體與基因變異檢測,2025,1,safe,安全・2025・近期,持續追蹤
2025LDTS01693,李學智婦產科診所,創源分生實驗室,腎小管發育不全基因檢測,臺北市,產前及新生兒染色體與基因變異檢測,2025,1,safe,安全・2025・近期,持續追蹤
2025LDTS02065,李綜合醫療社團法人大甲李綜合醫院,麗寶醫事檢驗所,NOTCH3 R544C基因分型【NOTCH3 R544C Genotyping】,臺北市,遺傳代謝與罕見疾病之基因檢測,2025,1,safe,安全・2025・近期,持續追蹤
2025LDTS01966,李綜合醫療社團法人大甲李綜合醫院,慧智基因醫學實驗室,X染色體脆折症基因檢測-FMR1基因,臺北市,遺傳代謝與罕見疾病之基因檢測,2025,1,safe,安全・2025・近期,持續追蹤
2025LDTS01970,李綜合醫療社團法人大甲李綜合醫院,慧智基因醫學實驗室,慧智全方位複合式晶片檢測v1.0,臺北市,產前及新生兒染色體與基因變異檢測,2025,1,safe,安全・2025・近期,持續追蹤
2025LDTS01971,李綜合醫療社團法人大甲李綜合醫院,慧智基因醫學實驗室,慧智全方位複合式晶片檢測v2.0,臺北市,產前及新生兒染色體與基因變異檢測,2025,1,safe,安全・2025・近期,持續追蹤
2025LDTS01972,李綜合醫療社團法人大甲李綜合醫院,慧智基因醫學實驗室,慧智全方位複合式晶片檢測v3.0,臺北市,產前及新生兒染色體與基因變異檢測,2025,1,safe,安全・2025・近期,持續追蹤
2025LDTS01976,李綜合醫療社團法人大甲李綜合醫院,慧智基因醫學實驗室,慧智帶因篩檢v1.0,臺北市,遺傳代謝與罕見疾病之基因檢測,2025,1,safe,安全・2025・近期,持續追蹤
2025LDTS01977,李綜合醫療社團法人大甲李綜合醫院,慧智基因醫學實驗室,慧智帶因篩檢v2.0,臺北市,遺傳代謝與罕見疾病之基因檢測,2025,1,safe,安全・2025・近期,持續追蹤
2025LDTS01978,李綜合醫療社團法人大甲李綜合醫院,慧智基因醫學實驗室,慧智帶因篩檢v3.0,臺北市,遺傳代謝與罕見疾病之基因檢測,2025,1,safe,安全・2025・近期,持續追蹤
2025LDTS01979,李綜合醫療社團法人大甲李綜合醫院,慧智基因醫學實驗室,慧智新生兒基因篩檢v1.0,臺北市,產前及新生兒染色體與基因變異檢測,2025,1,safe,安全・2025・近期,持續追蹤
2025LDTS01980,李綜合醫療社團法人大甲李綜合醫院,慧智基因醫學實驗室,慧智新生兒基因篩檢v2.0,臺北市,產前及新生兒染色體與基因變異檢測,2025,1,safe,安全・2025・近期,持續追蹤
2025LDTS01981,李綜合醫療社團法人大甲李綜合醫院,慧智基因醫學實驗室,慧智新生兒基因篩檢v3.0,臺北市,產前及新生兒染色體與基因變異檢測,2025,1,safe,安全・2025・近期,持續追蹤
2025LDTS01973,李綜合醫療社團法人大甲李綜合醫院,慧智基因醫學實驗室,慧智非侵產前染色體篩檢v1.0,臺北市,產前及新生兒染色體與基因變異檢測,2025,1,safe,安全・2025・近期,持續追蹤
2025LDTS01974,李綜合醫療社團法人大甲李綜合醫院,慧智基因醫學實驗室,慧智非侵產前染色體篩檢v2.0,臺北市,產前及新生兒染色體與基因變異檢測,2025,1,safe,安全・2025・近期,持續追蹤
2025LDTS01975,李綜合醫療社團法人大甲李綜合醫院,慧智基因醫學實驗室,慧智非侵產前染色體篩檢v3.0,臺北市,產前及新生兒染色體與基因變異檢測,2025,1,safe,安全・2025・近期,持續追蹤
2025LDTS01969,李綜合醫療社團法人大甲李綜合醫院,慧智基因醫學實驗室,海洋性貧血基因檢測-HBA、HBB基因,臺北市,遺傳代謝與罕見疾病之基因檢測,2025,1,safe,安全・2025・近期,持續追蹤
2025LDTS01968,李綜合醫療社團法人大甲李綜合醫院,慧智基因醫學實驗室,異位性皮膚炎過敏基因檢測-FLG基因,臺北市,產前及新生兒染色體與基因變異檢測,2025,1,safe,安全・2025・近期,持續追蹤
2025LDTS01982,李綜合醫療社團法人大甲李綜合醫院,和平婦產科診所細胞遺傳實驗室,細胞染色體檢查,臺北市,產前及新生兒染色體與基因變異檢測,2025,1,safe,安全・2025・近期,持續追蹤
2025LDTS01965,李綜合醫療社團法人大甲李綜合醫院,慧智基因醫學實驗室,脊髓性肌肉萎縮症基因檢測-SMN基因,臺北市,產前及新生兒染色體與基因變異檢測,2025,1,safe,安全・2025・近期,持續追蹤
2025LDTS01967,李綜合醫療社團法人大甲李綜合醫院,慧智基因醫學實驗室,葉酸代謝基因檢測-MTHFR基因,臺北市,遺傳代謝與罕見疾病之基因檢測,2025,1,safe,安全・2025・近期,持續追蹤
2025LDTS01849,東元醫療社團法人艾微芙診所,英緹檢測服務實驗室,PGT-A Pixl胚胎著床前染色體篩檢,新竹縣,產前及新生兒染色體與基因變異檢測,2025,1,safe,安全・2025・近期,持續追蹤
2025LDTS01853,東興婦產科診所,創源分生實驗室,NIPT非侵入性胎兒染色體檢測Q寶PLUS三十八合一,臺北市,產前及新生兒染色體與基因變異檢測,2025,1,safe,安全・2025・近期,持續追蹤
2025LDTS01852,東興婦產科診所,創源分生實驗室,SNP晶片染色體篩檢-750K,臺北市,產前及新生兒染色體與基因變異檢測,2025,1,safe,安全・2025・近期,持續追蹤
2025LDTS02086,松仁婦產科診所,英緹檢測服務實驗室,Embryo46胚胎著床前染色體非整倍體檢測,新竹縣,產前及新生兒染色體與基因變異檢測,2025,1,safe,安全・2025・近期,持續追蹤
2025LDTS01989,松仁婦產科診所,英緹檢測服務實驗室,PGT-A Pixl胚胎著床前染色體篩檢,新竹縣,產前及新生兒染色體與基因變異檢測,2025,1,safe,安全・2025・近期,持續追蹤
2025LDTS02014,松仁婦產科診所,Igenomix Taiwan Ltd台灣艾捷隆實驗室,PGT-A胚胎著床前染色體篩檢,新北市,產前及新生兒染色體與基因變異檢測,2025,1,safe,安全・2025・近期,持續追蹤
2025LDTS01003,松仁婦產科診所,創源分生實驗室,SNP+胚胎著床前染色體篩檢 SNP added Preimplantation Genetic Testing for Aneuploidies （SNP+ PGT-A）,臺北市,產前及新生兒染色體與基因變異檢測,2025,1,safe,安全・2025・近期,持續追蹤
2025LDTS00981,松仁婦產科診所,創源分生實驗室,孕知因多疾病帶因篩檢-安心版,臺北市,產前及新生兒染色體與基因變異檢測,2025,1,safe,安全・2025・近期,持續追蹤
2025LDTS00976,松仁婦產科診所,創源分生實驗室,腎小管發育不全基因檢測,臺北市,產前及新生兒染色體與基因變異檢測,2025,1,safe,安全・2025・近期,持續追蹤
2025LDTS00978,松仁婦產科診所,創源分生實驗室,藥害性聽損基因檢測,臺北市,產前及新生兒染色體與基因變異檢測,2025,1,safe,安全・2025・近期,持續追蹤
2025LDTS00838,枋寮醫療社團法人枋寮醫院,慧智基因醫學實驗室,X染色體脆折症基因檢測-FMR1基因,臺北市,遺傳代謝與罕見疾病之基因檢測,2025,1,safe,安全・2025・近期,持續追蹤
2025LDTS00834,枋寮醫療社團法人枋寮醫院,慧智基因醫學實驗室,慧智帶因篩檢v1.0,臺北市,遺傳代謝與罕見疾病之基因檢測,2025,1,safe,安全・2025・近期,持續追蹤
2025LDTS00835,枋寮醫療社團法人枋寮醫院,慧智基因醫學實驗室,慧智帶因篩檢v2.0,臺北市,遺傳代謝與罕見疾病之基因檢測,2025,1,safe,安全・2025・近期,持續追蹤
2025LDTS00836,枋寮醫療社團法人枋寮醫院,慧智基因醫學實驗室,慧智帶因篩檢v3.0,臺北市,遺傳代謝與罕見疾病之基因檢測,2025,1,safe,安全・2025・近期,持續追蹤
2025LDTS00831,枋寮醫療社團法人枋寮醫院,慧智基因醫學實驗室,慧智非侵產前染色體篩檢v1.0,臺北市,產前及新生兒染色體與基因變異檢測,2025,1,safe,安全・2025・近期,持續追蹤
2025LDTS00832,枋寮醫療社團法人枋寮醫院,慧智基因醫學實驗室,慧智非侵產前染色體篩檢v2.0,臺北市,產前及新生兒染色體與基因變異檢測,2025,1,safe,安全・2025・近期,持續追蹤
2025LDTS00833,枋寮醫療社團法人枋寮醫院,慧智基因醫學實驗室,慧智非侵產前染色體篩檢v3.0,臺北市,產前及新生兒染色體與基因變異檢測,2025,1,safe,安全・2025・近期,持續追蹤
2025LDTS00837,枋寮醫療社團法人枋寮醫院,慧智基因醫學實驗室,脊髓性肌肉萎縮症基因檢測-SMN基因,臺北市,產前及新生兒染色體與基因變異檢測,2025,1,safe,安全・2025・近期,持續追蹤
2025LDTS00330,枋寮醫療社團法人枋寮醫院,精準醫學核心實驗室,表皮生長因子受體(EGFR)基因突變檢測,臺南市,癌症篩檢、診斷、治療及預後之基因檢測,2025,1,safe,安全・2025・近期,持續追蹤
2025LDTS00816,林儀文婦產科診所,欣奕醫事檢驗所,X染色體脆折症基因檢測,新北市,遺傳代謝與罕見疾病之基因檢測,2025,1,safe,安全・2025・近期,持續追蹤
2025LDTS00818,林儀文婦產科診所,欣奕醫事檢驗所,亨丁頓舞蹈症基因檢測,新北市,遺傳代謝與罕見疾病之基因檢測,2025,1,safe,安全・2025・近期,持續追蹤
2025LDTS00817,林儀文婦產科診所,欣奕醫事檢驗所,脊髓性肌肉萎縮症基因檢測,新北市,遺傳代謝與罕見疾病之基因檢測,2025,1,safe,安全・2025・近期,持續追蹤
2025LDTS00819,林儀文婦產科診所,欣奕醫事檢驗所,葉酸代謝基因檢測,新北市,遺傳代謝與罕見疾病之基因檢測,2025,1,safe,安全・2025・近期,持續追蹤
2025LDTS01372,林嘉祈婦產科診所,慧智基因醫學實驗室,慧智新生兒基因篩檢v1.0,臺北市,產前及新生兒染色體與基因變異檢測,2025,1,safe,安全・2025・近期,持續追蹤
2025LDTS01373,林嘉祈婦產科診所,慧智基因醫學實驗室,慧智新生兒基因篩檢v2.0,臺北市,產前及新生兒染色體與基因變異檢測,2025,1,safe,安全・2025・近期,持續追蹤
2025LDTS01374,林嘉祈婦產科診所,慧智基因醫學實驗室,慧智新生兒基因篩檢v3.0,臺北市,產前及新生兒染色體與基因變異檢測,2025,1,safe,安全・2025・近期,持續追蹤
2025LDTS01854,林慧雯婦產科診所,創源分生實驗室,NIPT非侵入性胎兒染色體檢測Q寶PLUS三十八合一,臺北市,產前及新生兒染色體與基因變異檢測,2025,1,safe,安全・2025・近期,持續追蹤
2025LDTS01741,林慧雯婦產科診所,創源分生實驗室,SNP晶片染色體篩檢-HD,臺北市,產前及新生兒染色體與基因變異檢測,2025,1,safe,安全・2025・近期,持續追蹤
2025LDTS01282,林慧雯婦產科診所,創源分生實驗室,孕知因多疾病帶因篩檢-安心版,臺北市,產前及新生兒染色體與基因變異檢測,2025,1,safe,安全・2025・近期,持續追蹤
2025LDTS00882,林慧雯婦產科診所,創源分生實驗室,腎小管發育不全基因檢測,臺北市,產前及新生兒染色體與基因變異檢測,2025,1,safe,安全・2025・近期,持續追蹤
2025LDTS01561,林慧雯婦產科診所,創源分生實驗室,葉酸代謝基因檢測,臺北市,產前及新生兒染色體與基因變異檢測,2025,1,safe,安全・2025・近期,持續追蹤
2025LDTS01389,林慧雯婦產科診所,創源分生實驗室,藥害性聽損基因檢測,臺北市,產前及新生兒染色體與基因變異檢測,2025,1,safe,安全・2025・近期,持續追蹤
2025LDTS00096,林新醫療社團法人林新醫院,欣奕醫事檢驗所,X染色體脆折症基因檢測,新北市,遺傳代謝與罕見疾病之基因檢測,2025,1,safe,安全・2025・近期,持續追蹤
2025LDTS00099,林新醫療社團法人林新醫院,欣奕醫事檢驗所,亨丁頓舞蹈症基因檢測,新北市,遺傳代謝與罕見疾病之基因檢測,2025,1,safe,安全・2025・近期,持續追蹤
2025LDTS00098,林新醫療社團法人林新醫院,欣奕醫事檢驗所,脊髓性肌肉萎縮症基因檢測,新北市,遺傳代謝與罕見疾病之基因檢測,2025,1,safe,安全・2025・近期,持續追蹤
2025LDTS00100,林新醫療社團法人林新醫院,欣奕醫事檢驗所,葉酸代謝基因檢測,新北市,遺傳代謝與罕見疾病之基因檢測,2025,1,safe,安全・2025・近期,持續追蹤
2025LDTS00224,林新醫療社團法人烏日林新醫院,欣奕醫事檢驗所,X染色體脆折症基因檢測,新北市,遺傳代謝與罕見疾病之基因檢測,2025,1,safe,安全・2025・近期,持續追蹤
2025LDTS00228,林新醫療社團法人烏日林新醫院,欣奕醫事檢驗所,亨丁頓舞蹈症基因檢測,新北市,遺傳代謝與罕見疾病之基因檢測,2025,1,safe,安全・2025・近期,持續追蹤
2025LDTS00227,林新醫療社團法人烏日林新醫院,欣奕醫事檢驗所,脊髓性肌肉萎縮症基因檢測,新北市,遺傳代謝與罕見疾病之基因檢測,2025,1,safe,安全・2025・近期,持續追蹤
2025LDTS00229,林新醫療社團法人烏日林新醫院,欣奕醫事檢驗所,葉酸代謝基因檢測,新北市,遺傳代謝與罕見疾病之基因檢測,2025,1,safe,安全・2025・近期,持續追蹤
2025LDTS01447,林正宗婦產科診所,創源分生實驗室,孕知因多疾病帶因篩檢-安心版,臺北市,產前及新生兒染色體與基因變異檢測,2025,1,safe,安全・2025・近期,持續追蹤
2025LDTS01446,林正宗婦產科診所,創源分生實驗室,腎小管發育不全基因檢測,臺北市,產前及新生兒染色體與基因變異檢測,2025,1,safe,安全・2025・近期,持續追蹤
2025LDTS01560,林正宗婦產科診所,創源分生實驗室,葉酸代謝基因檢測,臺北市,產前及新生兒染色體與基因變異檢測,2025,1,safe,安全・2025・近期,持續追蹤
2025LDTS01273,柏仁醫院,創源分生實驗室,孕知因多疾病帶因篩檢-安心版,臺北市,產前及新生兒染色體與基因變異檢測,2025,1,safe,安全・2025・近期,持續追蹤
2025LDTS00718,柏仁醫院,創源分生實驗室,腎小管發育不全基因檢測,臺北市,產前及新生兒染色體與基因變異檢測,2025,1,safe,安全・2025・近期,持續追蹤
2025LDTS01579,柯助伊婦產科診所,台灣生醫醫事檢驗所,脊髓性肌肉萎縮症SMN基因分析,臺北市,產前及新生兒染色體與基因變異檢測,2025,1,safe,安全・2025・近期,持續追蹤
2025LDTS01025,柯滄銘婦產科診所,基因飛躍生命科學實驗室,基因拷貝數及甲基化檢驗,臺北市,產前及新生兒染色體與基因變異檢測,2025,1,safe,安全・2025・近期,持續追蹤
2025LDTS00191,桃園宏其生基診所,英緹檢測服務實驗室,Embryo46胚胎著床前染色體非整倍體檢測,新竹縣,產前及新生兒染色體與基因變異檢測,2025,1,safe,安全・2025・近期,持續追蹤
2025LDTS00271,桃園宏其生基診所,國立成功大學基因體醫學中心,FMR1基因分子檢測,臺南市,產前及新生兒染色體與基因變異檢測,2025,1,safe,安全・2025・近期,持續追蹤
2025LDTS01884,桃園宏其生基診所,英緹檢測服務實驗室,PGT-A Pixl胚胎著床前染色體篩檢,新竹縣,產前及新生兒染色體與基因變異檢測,2025,1,safe,安全・2025・近期,持續追蹤
2025LDTS00272,桃園宏其生基診所,國立成功大學基因體醫學中心,PHOX2B基因分子檢測,臺南市,產前及新生兒染色體與基因變異檢測,2025,1,safe,安全・2025・近期,持續追蹤
2025LDTS00273,桃園宏其生基診所,國立成功大學基因體醫學中心,SMN1／SMN2基因分子檢測,臺南市,產前及新生兒染色體與基因變異檢測,2025,1,safe,安全・2025・近期,持續追蹤
2025LDTS00118,桃園宏其生基診所,台灣生醫醫事檢驗所,X染色體脆折症FMR1基因分析,臺北市,產前及新生兒染色體與基因變異檢測,2025,1,safe,安全・2025・近期,持續追蹤
2025LDTS00274,桃園宏其生基診所,國立成功大學基因體醫學中心,感覺神經性聽損基因檢測,臺南市,產前及新生兒染色體與基因變異檢測,2025,1,safe,安全・2025・近期,持續追蹤
2025LDTS00275,桃園宏其生基診所,國立成功大學基因體醫學中心,胚胎著床前篩檢,臺南市,產前及新生兒染色體與基因變異檢測,2025,1,safe,安全・2025・近期,持續追蹤
2025LDTS00121,桃園宏其生基診所,台灣生醫醫事檢驗所,脊髓性肌肉萎縮症SMN基因分析,臺北市,產前及新生兒染色體與基因變異檢測,2025,1,safe,安全・2025・近期,持續追蹤
2025LDTS00276,桃園宏其生基診所,國立成功大學基因體醫學中心,註生（助生）基因檢測,臺南市,產前及新生兒染色體與基因變異檢測,2025,1,safe,安全・2025・近期,持續追蹤
2025LDTS00277,桃園宏其生基診所,國立成功大學基因體醫學中心,隱性遺傳疾病帶因檢測,臺南市,產前及新生兒染色體與基因變異檢測,2025,1,safe,安全・2025・近期,持續追蹤
2025LDTS00278,桃園宏其生基診所,國立成功大學基因體醫學中心,骨發育不全症基因檢測,臺南市,產前及新生兒染色體與基因變異檢測,2025,1,safe,安全・2025・近期,持續追蹤
2025LDTS00846,楊克寧婦產科診所,慧智基因醫學實驗室,X染色體脆折症基因檢測-FMR1基因,臺北市,遺傳代謝與罕見疾病之基因檢測,2025,1,safe,安全・2025・近期,持續追蹤
2025LDTS00847,楊克寧婦產科診所,慧智基因醫學實驗室,慧智帶因篩檢v3.0,臺北市,遺傳代謝與罕見疾病之基因檢測,2025,1,safe,安全・2025・近期,持續追蹤
2025LDTS00848,楊克寧婦產科診所,慧智基因醫學實驗室,慧智非侵產前染色體篩檢v2.0,臺北市,產前及新生兒染色體與基因變異檢測,2025,1,safe,安全・2025・近期,持續追蹤
2025LDTS00865,楊克寧婦產科診所,慧智基因醫學實驗室,慧智非侵產前染色體篩檢v3.0,臺北市,產前及新生兒染色體與基因變異檢測,2025,1,safe,安全・2025・近期,持續追蹤
2025LDTS00620,榜生婦產科診所,創源分生實驗室,孕知因多疾病帶因篩檢-安心版,臺北市,產前及新生兒染色體與基因變異檢測,2025,1,safe,安全・2025・近期,持續追蹤
2025LDTS00254,榜生婦產科診所,創源分生實驗室,腎小管發育不全基因檢測,臺北市,產前及新生兒染色體與基因變異檢測,2025,1,safe,安全・2025・近期,持續追蹤
2025LDTS01757,樂寶兒婦幼診所,創源分生實驗室,SNP晶片染色體篩檢-750K,臺北市,產前及新生兒染色體與基因變異檢測,2025,1,safe,安全・2025・近期,持續追蹤
2025LDTS01758,樂寶兒婦幼診所,創源分生實驗室,SNP晶片染色體篩檢-HD,臺北市,產前及新生兒染色體與基因變異檢測,2025,1,safe,安全・2025・近期,持續追蹤
2025LDTS01564,樂寶兒婦幼診所,創源分生實驗室,孕知因多疾病帶因篩檢-安心版,臺北市,產前及新生兒染色體與基因變異檢測,2025,1,safe,安全・2025・近期,持續追蹤
2025LDTS01756,樂寶兒婦幼診所,創源分生實驗室,脊髓性肌肉萎縮症帶因篩檢 （含空間排列錯置風險評估）,臺北市,產前及新生兒染色體與基因變異檢測,2025,1,safe,安全・2025・近期,持續追蹤
2025LDTS01563,樂寶兒婦幼診所,創源分生實驗室,腎小管發育不全基因檢測,臺北市,產前及新生兒染色體與基因變異檢測,2025,1,safe,安全・2025・近期,持續追蹤
2025LDTS01704,樂寶兒婦幼診所,創源分生實驗室,葉酸代謝基因檢測,臺北市,產前及新生兒染色體與基因變異檢測,2025,1,safe,安全・2025・近期,持續追蹤
2025LDTS01396,樂寶兒婦幼診所,創源分生實驗室,藥害性聽損基因檢測,臺北市,產前及新生兒染色體與基因變異檢測,2025,1,safe,安全・2025・近期,持續追蹤
2025LDTS01041,樂生婦幼醫院,創源分生實驗室,孕知因多疾病帶因篩檢-安心版,臺北市,產前及新生兒染色體與基因變異檢測,2025,1,safe,安全・2025・近期,持續追蹤
2025LDTS00667,樂生婦幼醫院,創源分生實驗室,腎小管發育不全基因檢測,臺北市,產前及新生兒染色體與基因變異檢測,2025,1,safe,安全・2025・近期,持續追蹤
2025LDTS01875,樂芙婦產科診所,英緹檢測服務實驗室,PGT-A Pixl胚胎著床前染色體篩檢,新竹縣,產前及新生兒染色體與基因變異檢測,2025,1,safe,安全・2025・近期,持續追蹤
2025LDTS01410,樂芙婦產科診所,創源分生實驗室,SNP+胚胎著床前染色體篩檢 SNP added Preimplantation Genetic Testing for Aneuploidies （SNP+ PGT-A）,臺北市,產前及新生兒染色體與基因變異檢測,2025,1,safe,安全・2025・近期,持續追蹤
2025LDTS01409,樂芙婦產科診所,創源分生實驗室,胚胎著床前染色體篩檢SNP附加分析 Preimplantation Genetic Testing for Aneuploidies （PGT-A） and Additional SNP analysis,臺北市,產前及新生兒染色體與基因變異檢測,2025,1,safe,安全・2025・近期,持續追蹤
2025LDTS00208,欣安禾婦兒科診所,NIPT非侵入性胎兒染色體檢測Q寶PLUS+,NIPT非侵入性胎兒染色體檢測Q寶PLUS+,臺北市,產前及新生兒染色體與基因變異檢測,2025,1,safe,安全・2025・近期,持續追蹤
2025LDTS00206,欣安禾婦兒科診所,創源分生實驗室,NIPT非侵入性胎兒染色體檢測Q寶PLUS三十八合一,臺北市,產前及新生兒染色體與基因變異檢測,2025,1,safe,安全・2025・近期,持續追蹤
2025LDTS00207,欣安禾婦兒科診所,創源分生實驗室,NIPT非侵入性胎兒染色體檢測Q寶Ultra,臺北市,產前及新生兒染色體與基因變異檢測,2025,1,safe,安全・2025・近期,持續追蹤
2025LDTS00944,欣幼婦產科診所,慧智基因醫學實驗室,X染色體脆折症基因檢測-FMR1基因,臺北市,遺傳代謝與罕見疾病之基因檢測,2025,1,safe,安全・2025・近期,持續追蹤
2025LDTS01268,正馨婦產科診所,創源分生實驗室,孕知因多疾病帶因篩檢-安心版,臺北市,產前及新生兒染色體與基因變異檢測,2025,1,safe,安全・2025・近期,持續追蹤
2025LDTS00663,正馨婦產科診所,創源分生實驗室,腎小管發育不全基因檢測,臺北市,產前及新生兒染色體與基因變異檢測,2025,1,safe,安全・2025・近期,持續追蹤
2025LDTS01555,正馨婦產科診所,創源分生實驗室,葉酸代謝基因檢測,臺北市,產前及新生兒染色體與基因變異檢測,2025,1,safe,安全・2025・近期,持續追蹤
2025LDTS01662,永佳婦產專科診所,創源分生實驗室,孕知因多疾病帶因篩檢-安心版,臺北市,產前及新生兒染色體與基因變異檢測,2025,1,safe,安全・2025・近期,持續追蹤
2025LDTS01661,永佳婦產專科診所,創源分生實驗室,腎小管發育不全基因檢測,臺北市,產前及新生兒染色體與基因變異檢測,2025,1,safe,安全・2025・近期,持續追蹤
2025LDTS01596,永佳婦產專科診所,創源分生實驗室,葉酸代謝基因檢測,臺北市,產前及新生兒染色體與基因變異檢測,2025,1,safe,安全・2025・近期,持續追蹤
2025LDTS01696,江昌雲婦產科診所,創源分生實驗室,腎小管發育不全基因檢測,臺北市,產前及新生兒染色體與基因變異檢測,2025,1,safe,安全・2025・近期,持續追蹤
2025LDTS00827,江昌雲婦產科診所,創源分生實驗室,藥害性聽損基因檢測,臺北市,產前及新生兒染色體與基因變異檢測,2025,1,safe,安全・2025・近期,持續追蹤
2025LDTS01626,江美麗婦產科診所,台灣生醫醫事檢驗所,X染色體脆折症FMR1基因分析,臺北市,產前及新生兒染色體與基因變異檢測,2025,1,safe,安全・2025・近期,持續追蹤
2025LDTS01624,江美麗婦產科診所,國立成功大學基因體醫學中心,感覺神經性聽損基因檢測,臺南市,產前及新生兒染色體與基因變異檢測,2025,1,safe,安全・2025・近期,持續追蹤
2025LDTS01625,江美麗婦產科診所,台灣生醫醫事檢驗所,脊髓性肌肉萎縮症SMN基因分析,臺北市,產前及新生兒染色體與基因變異檢測,2025,1,safe,安全・2025・近期,持續追蹤
2025LDTS01623,江美麗婦產科診所,國立成功大學基因體醫學中心,非侵入性產前染色體檢測-NIPT1.0,臺南市,產前及新生兒染色體與基因變異檢測,2025,1,safe,安全・2025・近期,持續追蹤
2025LDTS01622,江美麗婦產科診所,國立成功大學基因體醫學中心,非侵入性產前染色體檢測-NIPT2.0,臺南市,產前及新生兒染色體與基因變異檢測,2025,1,safe,安全・2025・近期,持續追蹤
2025LDTS01621,江美麗婦產科診所,國立成功大學基因體醫學中心,非侵入性產前染色體檢測-NIPT3.0,臺南市,產前及新生兒染色體與基因變異檢測,2025,1,safe,安全・2025・近期,持續追蹤
2025LDTS01039,涵恩婦產科診所,創源分生實驗室,孕知因多疾病帶因篩檢-安心版,臺北市,產前及新生兒染色體與基因變異檢測,2025,1,safe,安全・2025・近期,持續追蹤
2025LDTS00247,涵恩婦產科診所,基因飛躍生命科學實驗室,常見遺傳性聽損基因檢驗,臺北市,產前及新生兒染色體與基因變異檢測,2025,1,safe,安全・2025・近期,持續追蹤
2025LDTS00729,涵恩婦產科診所,創源分生實驗室,腎小管發育不全基因檢測,臺北市,產前及新生兒染色體與基因變異檢測,2025,1,safe,安全・2025・近期,持續追蹤
2025LDTS01608,涵恩婦產科診所,創源分生實驗室,葉酸代謝基因檢測,臺北市,產前及新生兒染色體與基因變異檢測,2025,1,safe,安全・2025・近期,持續追蹤
2025LDTS01683,涵恩婦產科診所,基因飛躍生命科學實驗室,非侵入性胎兒染色體檢驗,臺北市,產前及新生兒染色體與基因變異檢測,2025,1,safe,安全・2025・近期,持續追蹤
2025LDTS00214,清水王婦產科診所,創源分生實驗室,腎小管發育不全基因檢測,臺北市,產前及新生兒染色體與基因變異檢測,2025,1,safe,安全・2025・近期,持續追蹤
2025LDTS00294,清水王婦產科診所,創源分生實驗室,葉酸代謝基因檢測,臺北市,產前及新生兒染色體與基因變異檢測,2025,1,safe,安全・2025・近期,持續追蹤
2025LDTS00220,潘如瑾婦產科診所,欣奕醫事檢驗所,X染色體脆折症基因檢測,新北市,遺傳代謝與罕見疾病之基因檢測,2025,1,safe,安全・2025・近期,持續追蹤
2025LDTS00221,潘如瑾婦產科診所,欣奕醫事檢驗所,亨丁頓舞蹈症基因檢測,新北市,遺傳代謝與罕見疾病之基因檢測,2025,1,safe,安全・2025・近期,持續追蹤
2025LDTS00219,潘如瑾婦產科診所,欣奕醫事檢驗所,脊髓性肌肉萎縮症基因檢測,新北市,遺傳代謝與罕見疾病之基因檢測,2025,1,safe,安全・2025・近期,持續追蹤
2025LDTS00222,潘如瑾婦產科診所,欣奕醫事檢驗所,葉酸代謝基因檢測,新北市,遺傳代謝與罕見疾病之基因檢測,2025,1,safe,安全・2025・近期,持續追蹤
2025LDTS00217,潘如瑾婦產科診所,欣奕醫事檢驗所,非侵入性胎兒染色體基因檢測-NIFTY PLUS（單胞胎）（39項）,新北市,產前及新生兒染色體與基因變異檢測,2025,1,safe,安全・2025・近期,持續追蹤
2025LDTS00218,潘如瑾婦產科診所,欣奕醫事檢驗所,非侵入性胎兒染色體基因檢測-NIFTY PRO（單胞胎）（111項）,新北市,產前及新生兒染色體與基因變異檢測,2025,1,safe,安全・2025・近期,持續追蹤
2025LDTS00216,潘如瑾婦產科診所,欣奕醫事檢驗所,非侵入性胎兒染色體基因檢測-NIFTY（單胞胎）（7項）,新北市,產前及新生兒染色體與基因變異檢測,2025,1,safe,安全・2025・近期,持續追蹤
2025LDTS00215,潘如瑾婦產科診所,欣奕醫事檢驗所,非侵入性胎兒染色體基因檢測-NIFTY（雙胞胎）（3項）,新北市,產前及新生兒染色體與基因變異檢測,2025,1,safe,安全・2025・近期,持續追蹤
2025LDTS01352,澄清綜合醫院,慧智基因醫學實驗室,慧智癌監控基因檢測-BRCA 1/2（組織）,臺北市,癌症篩檢、診斷、治療及預後之基因檢測,2025,1,safe,安全・2025・近期,持續追蹤
2025LDTS01401,澄清綜合醫院中港分院,麗寶醫事檢驗所,NOTCH3 R544C基因分型【NOTCH3 R544C Genotyping】,臺北市,遺傳代謝與罕見疾病之基因檢測,2025,1,safe,安全・2025・近期,持續追蹤
2025LDTS01366,澄清綜合醫院中港分院,慧智基因醫學實驗室,慧智癌監控基因檢測-BRCA 1/2（組織）,臺北市,癌症篩檢、診斷、治療及預後之基因檢測,2025,1,safe,安全・2025・近期,持續追蹤
2025LDTS01417,為恭醫療財團法人為恭紀念醫院,醫療財團法人病理發展基金會台北病理中心,Ampliseq for Illumina Focus Panel次世代定序基因檢測,臺北市,癌症篩檢、診斷、治療及預後之基因檢測,2025,1,safe,安全・2025・近期,持續追蹤
2025LDTS01418,為恭醫療財團法人為恭紀念醫院,醫療財團法人病理發展基金會台北病理中心,Archer FusionPlex Lung Panel for Illumina 次世代定序基因檢測,臺北市,癌症篩檢、診斷、治療及預後之基因檢測,2025,1,safe,安全・2025・近期,持續追蹤
2025LDTS00622,為恭醫療財團法人為恭紀念醫院,華聯中心實驗室,CytoOneArray 染色體晶片分析,新竹縣,產前及新生兒染色體與基因變異檢測,2025,1,safe,安全・2025・近期,持續追蹤
2025LDTS00623,為恭醫療財團法人為恭紀念醫院,國立成功大學基因體醫學中心,非侵入性產前染色體檢測-NIPT2.0,臺南市,產前及新生兒染色體與基因變異檢測,2025,1,safe,安全・2025・近期,持續追蹤
2025LDTS01278,王孫斌婦產科診所,創源分生實驗室,孕知因多疾病帶因篩檢-安心版,臺北市,產前及新生兒染色體與基因變異檢測,2025,1,safe,安全・2025・近期,持續追蹤
2025LDTS00864,王孫斌婦產科診所,創源分生實驗室,腎小管發育不全基因檢測,臺北市,產前及新生兒染色體與基因變異檢測,2025,1,safe,安全・2025・近期,持續追蹤
2025LDTS01544,王孫斌婦產科診所,創源分生實驗室,葉酸代謝基因檢測,臺北市,產前及新生兒染色體與基因變異檢測,2025,1,safe,安全・2025・近期,持續追蹤
2025LDTS01384,王孫斌婦產科診所,創源分生實驗室,藥害性聽損基因檢測,臺北市,產前及新生兒染色體與基因變異檢測,2025,1,safe,安全・2025・近期,持續追蹤
2025LDTS01889,王家瑋婦產科診所,英緹檢測服務實驗室,PGT-A Pixl胚胎著床前染色體篩檢,新竹縣,產前及新生兒染色體與基因變異檢測,2025,1,safe,安全・2025・近期,持續追蹤
2025LDTS01375,王家瑋婦產科診所,創源分生實驗室,SNP+胚胎著床前染色體篩檢 SNP added Preimplantation Genetic Testing for Aneuploidies （SNP+ PGT-A）,臺北市,產前及新生兒染色體與基因變異檢測,2025,1,safe,安全・2025・近期,持續追蹤
2025LDTS00798,王家瑋婦產科診所,創源分生實驗室,孕知因多疾病帶因篩檢-安心版,臺北市,產前及新生兒染色體與基因變異檢測,2025,1,safe,安全・2025・近期,持續追蹤
2025LDTS01467,王家瑋婦產科診所,國立成功大學基因體醫學中心,感覺神經性聽損基因檢測,臺南市,產前及新生兒染色體與基因變異檢測,2025,1,safe,安全・2025・近期,持續追蹤
2025LDTS01371,王家瑋婦產科診所,創源分生實驗室,胚胎著床前染色體篩檢SNP附加分析 Preimplantation Genetic Testing for Aneuploidies （PGT-A） and Additional SNP analysis,臺北市,產前及新生兒染色體與基因變異檢測,2025,1,safe,安全・2025・近期,持續追蹤
2025LDTS01468,王家瑋婦產科診所,國立成功大學基因體醫學中心,胚胎著床前篩檢,臺南市,產前及新生兒染色體與基因變異檢測,2025,1,safe,安全・2025・近期,持續追蹤
2025LDTS00791,王家瑋婦產科診所,創源分生實驗室,腎小管發育不全基因檢測,臺北市,產前及新生兒染色體與基因變異檢測,2025,1,safe,安全・2025・近期,持續追蹤
2025LDTS00797,王家瑋婦產科診所,創源分生實驗室,葉酸代謝基因檢測,臺北市,產前及新生兒染色體與基因變異檢測,2025,1,safe,安全・2025・近期,持續追蹤
2025LDTS00794,王家瑋婦產科診所,創源分生實驗室,藥害性聽損基因檢測,臺北市,產前及新生兒染色體與基因變異檢測,2025,1,safe,安全・2025・近期,持續追蹤
2025LDTS01469,王家瑋婦產科診所,國立成功大學基因體醫學中心,隱性遺傳疾病帶因檢測,臺南市,產前及新生兒染色體與基因變異檢測,2025,1,safe,安全・2025・近期,持續追蹤
2025LDTS01280,王知行婦產科診所,創源分生實驗室,孕知因多疾病帶因篩檢-安心版,臺北市,產前及新生兒染色體與基因變異檢測,2025,1,safe,安全・2025・近期,持續追蹤
2025LDTS00877,王知行婦產科診所,創源分生實驗室,腎小管發育不全基因檢測,臺北市,產前及新生兒染色體與基因變異檢測,2025,1,safe,安全・2025・近期,持續追蹤
2025LDTS01543,王知行婦產科診所,創源分生實驗室,葉酸代謝基因檢測,臺北市,產前及新生兒染色體與基因變異檢測,2025,1,safe,安全・2025・近期,持續追蹤
2025LDTS01264,璟馨婦幼醫院,創源分生實驗室,孕知因多疾病帶因篩檢-安心版,臺北市,產前及新生兒染色體與基因變異檢測,2025,1,safe,安全・2025・近期,持續追蹤
2025LDTS01760,璟馨婦幼醫院,創源分生實驗室,脊髓性肌肉萎縮症帶因篩檢 （含空間排列錯置風險評估）,臺北市,產前及新生兒染色體與基因變異檢測,2025,1,safe,安全・2025・近期,持續追蹤
2025LDTS00708,璟馨婦幼醫院,創源分生實驗室,腎小管發育不全基因檢測,臺北市,產前及新生兒染色體與基因變異檢測,2025,1,safe,安全・2025・近期,持續追蹤
2025LDTS01759,璟馨婦幼醫院,創源分生實驗室,葉酸代謝基因檢測,臺北市,產前及新生兒染色體與基因變異檢測,2025,1,safe,安全・2025・近期,持續追蹤
2025LDTS01055,璟馨婦幼醫院,創源分生實驗室,藥害性聽損基因檢測,臺北市,產前及新生兒染色體與基因變異檢測,2025,1,safe,安全・2025・近期,持續追蹤
2025LDTS00055,生基婦產科診所,英緹檢測服務實驗室,Embryo46胚胎著床前染色體非整倍體檢測,新竹縣,產前及新生兒染色體與基因變異檢測,2025,1,safe,安全・2025・近期,持續追蹤
2025LDTS01883,生基婦產科診所,英緹檢測服務實驗室,PGT-A Pixl胚胎著床前染色體篩檢,新竹縣,產前及新生兒染色體與基因變異檢測,2025,1,safe,安全・2025・近期,持續追蹤
2025LDTS01356,生基婦產科診所,創源分生實驗室,SNP+胚胎著床前染色體篩檢 SNP added Preimplantation Genetic Testing for Aneuploidies （SNP+ PGT-A）,臺北市,產前及新生兒染色體與基因變異檢測,2025,1,safe,安全・2025・近期,持續追蹤
2025LDTS01270,生基婦產科診所,創源分生實驗室,孕產前多疾病帶因者篩檢-安心版,臺北市,產前及新生兒染色體與基因變異檢測,2025,1,safe,安全・2025・近期,持續追蹤
2025LDTS00710,生基婦產科診所,創源分生實驗室,腎小管發育不全基因檢測,臺北市,產前及新生兒染色體與基因變異檢測,2025,1,safe,安全・2025・近期,持續追蹤
2025LDTS01552,生基婦產科診所,創源分生實驗室,葉酸代謝基因檢測,臺北市,產前及新生兒染色體與基因變異檢測,2025,1,safe,安全・2025・近期,持續追蹤
2025LDTS01353,生基婦產科診所,創源分生實驗室,藥害性聽損基因檢測,臺北市,產前及新生兒染色體與基因變異檢測,2025,1,safe,安全・2025・近期,持續追蹤
2025LDTS01576,生生不息婦產科診所,英緹檢測服務實驗室,Embryo46胚胎著床前染色體非整倍體檢測,新竹縣,產前及新生兒染色體與基因變異檢測,2025,1,safe,安全・2025・近期,持續追蹤
2025LDTS00124,生生不息婦產科診所,台灣生醫醫事檢驗所,X染色體脆折症FMR1基因分析,臺北市,產前及新生兒染色體與基因變異檢測,2025,1,safe,安全・2025・近期,持續追蹤
2025LDTS01768,生生不息婦產科診所,國立成功大學基因體醫學中心,感覺神經性聽損基因檢測,臺南市,產前及新生兒染色體與基因變異檢測,2025,1,safe,安全・2025・近期,持續追蹤
2025LDTS00125,生生不息婦產科診所,台灣生醫醫事檢驗所,脊髓性肌肉萎縮症SMN基因分析,臺北市,產前及新生兒染色體與基因變異檢測,2025,1,safe,安全・2025・近期,持續追蹤
2025LDTS01288,皓生醫院,創源分生實驗室,孕知因多疾病帶因篩檢-安心版,臺北市,產前及新生兒染色體與基因變異檢測,2025,1,safe,安全・2025・近期,持續追蹤
2025LDTS00876,皓生醫院,創源分生實驗室,腎小管發育不全基因檢測,臺北市,產前及新生兒染色體與基因變異檢測,2025,1,safe,安全・2025・近期,持續追蹤
2025LDTS01612,皓生醫院,創源分生實驗室,葉酸代謝基因檢測,臺北市,產前及新生兒染色體與基因變異檢測,2025,1,safe,安全・2025・近期,持續追蹤
2025LDTS00528,祈新婦產科診所,英緹檢測服務實驗室,Embryo46胚胎著床前染色體非整倍體檢測,新竹縣,產前及新生兒染色體與基因變異檢測,2025,1,safe,安全・2025・近期,持續追蹤
2025LDTS01890,祈新婦產科診所,英緹檢測服務實驗室,PGT-A Pixl胚胎著床前染色體篩檢,新竹縣,產前及新生兒染色體與基因變異檢測,2025,1,safe,安全・2025・近期,持續追蹤
2025LDTS01427,祈新婦產科診所,創源分生實驗室,SNP+胚胎著床前染色體篩檢 SNP added Preimplantation Genetic Testing for Aneuploidies （SNP+ PGT-A）,臺北市,產前及新生兒染色體與基因變異檢測,2025,1,safe,安全・2025・近期,持續追蹤
2025LDTS01425,祈新婦產科診所,創源分生實驗室,孕知因多疾病帶因篩檢-安心版,臺北市,產前及新生兒染色體與基因變異檢測,2025,1,safe,安全・2025・近期,持續追蹤
2025LDTS01426,祈新婦產科診所,創源分生實驗室,胚胎著床前染色體篩檢SNP附加分析Preimplantation Genetic Testing for Aneuploidies （PGT-A） and Additional SNP analysis,臺北市,產前及新生兒染色體與基因變異檢測,2025,1,safe,安全・2025・近期,持續追蹤
2025LDTS01424,祈新婦產科診所,創源分生實驗室,腎小管發育不全基因檢測,臺北市,產前及新生兒染色體與基因變異檢測,2025,1,safe,安全・2025・近期,持續追蹤
2025LDTS01603,祈新婦產科診所,創源分生實驗室,葉酸代謝基因檢測,臺北市,產前及新生兒染色體與基因變異檢測,2025,1,safe,安全・2025・近期,持續追蹤
2025LDTS01200,禾馨新生婦幼診所,慧智基因醫學實驗室,X染色體脆折症基因檢測-FMR1基因,臺北市,遺傳代謝與罕見疾病之基因檢測,2025,1,safe,安全・2025・近期,持續追蹤
2025LDTS01220,禾馨新生婦幼診所,慧智基因醫學實驗室,先天中樞性換氣不足症候群基因檢測,臺北市,產前及新生兒染色體與基因變異檢測,2025,1,safe,安全・2025・近期,持續追蹤
2025LDTS01222,禾馨新生婦幼診所,慧智基因醫學實驗室,全外顯子定序基因檢測,臺北市,遺傳代謝與罕見疾病之基因檢測,2025,1,safe,安全・2025・近期,持續追蹤
2025LDTS01219,禾馨新生婦幼診所,慧智基因醫學實驗室,感覺神經性聽損基因檢測,臺北市,產前及新生兒染色體與基因變異檢測,2025,1,safe,安全・2025・近期,持續追蹤
2025LDTS01204,禾馨新生婦幼診所,慧智基因醫學實驗室,慧智全方位複合式晶片檢測v1.0,臺北市,產前及新生兒染色體與基因變異檢測,2025,1,safe,安全・2025・近期,持續追蹤
2025LDTS01205,禾馨新生婦幼診所,慧智基因醫學實驗室,慧智全方位複合式晶片檢測v2.0,臺北市,產前及新生兒染色體與基因變異檢測,2025,1,safe,安全・2025・近期,持續追蹤
2025LDTS01206,禾馨新生婦幼診所,慧智基因醫學實驗室,慧智全方位複合式晶片檢測v3.0,臺北市,產前及新生兒染色體與基因變異檢測,2025,1,safe,安全・2025・近期,持續追蹤
2025LDTS01213,禾馨新生婦幼診所,慧智基因醫學實驗室,慧智帶因篩檢v1.0,臺北市,遺傳代謝與罕見疾病之基因檢測,2025,1,safe,安全・2025・近期,持續追蹤
2025LDTS01214,禾馨新生婦幼診所,慧智基因醫學實驗室,慧智帶因篩檢v2.0,臺北市,遺傳代謝與罕見疾病之基因檢測,2025,1,safe,安全・2025・近期,持續追蹤
2025LDTS01215,禾馨新生婦幼診所,慧智基因醫學實驗室,慧智帶因篩檢v3.0,臺北市,遺傳代謝與罕見疾病之基因檢測,2025,1,safe,安全・2025・近期,持續追蹤
2025LDTS01216,禾馨新生婦幼診所,慧智基因醫學實驗室,慧智新生兒基因篩檢v1.0,臺北市,產前及新生兒染色體與基因變異檢測,2025,1,safe,安全・2025・近期,持續追蹤
2025LDTS01217,禾馨新生婦幼診所,慧智基因醫學實驗室,慧智新生兒基因篩檢v2.0,臺北市,產前及新生兒染色體與基因變異檢測,2025,1,safe,安全・2025・近期,持續追蹤
2025LDTS01218,禾馨新生婦幼診所,慧智基因醫學實驗室,慧智新生兒基因篩檢v3.0,臺北市,產前及新生兒染色體與基因變異檢測,2025,1,safe,安全・2025・近期,持續追蹤
2025LDTS01207,禾馨新生婦幼診所,慧智基因醫學實驗室,慧智非侵產前染色體篩檢v1.0,臺北市,產前及新生兒染色體與基因變異檢測,2025,1,safe,安全・2025・近期,持續追蹤
2025LDTS01208,禾馨新生婦幼診所,慧智基因醫學實驗室,慧智非侵產前染色體篩檢v2.0,臺北市,產前及新生兒染色體與基因變異檢測,2025,1,safe,安全・2025・近期,持續追蹤
2025LDTS01209,禾馨新生婦幼診所,慧智基因醫學實驗室,慧智非侵產前染色體篩檢v3.0,臺北市,產前及新生兒染色體與基因變異檢測,2025,1,safe,安全・2025・近期,持續追蹤
2025LDTS01203,禾馨新生婦幼診所,慧智基因醫學實驗室,海洋性貧血基因檢測-HBA、HBB基因,臺北市,遺傳代謝與罕見疾病之基因檢測,2025,1,safe,安全・2025・近期,持續追蹤
2025LDTS01202,禾馨新生婦幼診所,慧智基因醫學實驗室,異位性皮膚炎過敏基因檢測-FLG基因,臺北市,產前及新生兒染色體與基因變異檢測,2025,1,safe,安全・2025・近期,持續追蹤
2025LDTS01223,禾馨新生婦幼診所,和平婦產科診所細胞遺傳實驗室,細胞染色體檢查,臺北市,產前及新生兒染色體與基因變異檢測,2025,1,safe,安全・2025・近期,持續追蹤
2025LDTS01212,禾馨新生婦幼診所,慧智基因醫學實驗室,胚胎著床前單基因檢測,臺北市,產前及新生兒染色體與基因變異檢測,2025,1,safe,安全・2025・近期,持續追蹤
2025LDTS01211,禾馨新生婦幼診所,慧智基因醫學實驗室,胚胎著床前染色體篩檢,臺北市,產前及新生兒染色體與基因變異檢測,2025,1,safe,安全・2025・近期,持續追蹤
2025LDTS01199,禾馨新生婦幼診所,慧智基因醫學實驗室,脊髓性肌肉萎縮症基因檢測-SMN基因,臺北市,產前及新生兒染色體與基因變異檢測,2025,1,safe,安全・2025・近期,持續追蹤
2025LDTS01201,禾馨新生婦幼診所,慧智基因醫學實驗室,葉酸代謝基因檢測-MTHFR基因,臺北市,遺傳代謝與罕見疾病之基因檢測,2025,1,safe,安全・2025・近期,持續追蹤
2025LDTS01210,禾馨新生婦幼診所,慧智基因醫學實驗室,非侵入性胚胎著床前染色體篩檢,臺北市,產前及新生兒染色體與基因變異檢測,2025,1,safe,安全・2025・近期,持續追蹤
2025LDTS01376,秀傳醫療社團法人秀傳紀念醫院,慧智基因醫學實驗室,慧智癌監控基因檢測-BRCA 1/2（組織）,臺北市,癌症篩檢、診斷、治療及預後之基因檢測,2025,1,safe,安全・2025・近期,持續追蹤
2025LDTS01079,秀傳醫療社團法人高雄秀傳紀念醫院,慧智基因醫學實驗室,X染色體脆折症基因檢測-FMR1基因,臺北市,遺傳代謝與罕見疾病之基因檢測,2025,1,safe,安全・2025・近期,持續追蹤
2025LDTS01102,秀傳醫療社團法人高雄秀傳紀念醫院,慧智基因醫學實驗室,子宮內膜癌基因分型,臺北市,癌症篩檢、診斷、治療及預後之基因檢測,2025,1,safe,安全・2025・近期,持續追蹤
2025LDTS01105,秀傳醫療社團法人高雄秀傳紀念醫院,慧智基因醫學實驗室,慧智CGP癌症基因檢測（全方位癌症基因檢測）,臺北市,癌症篩檢、診斷、治療及預後之基因檢測,2025,1,safe,安全・2025・近期,持續追蹤
2025LDTS01104,秀傳醫療社團法人高雄秀傳紀念醫院,慧智基因醫學實驗室,慧智HRD檢測,臺北市,癌症篩檢、診斷、治療及預後之基因檢測,2025,1,safe,安全・2025・近期,持續追蹤
2025LDTS01080,秀傳醫療社團法人高雄秀傳紀念醫院,慧智基因醫學實驗室,慧智全方位複合式晶片檢測v1.0,臺北市,產前及新生兒染色體與基因變異檢測,2025,1,safe,安全・2025・近期,持續追蹤
2025LDTS01081,秀傳醫療社團法人高雄秀傳紀念醫院,慧智基因醫學實驗室,慧智全方位複合式晶片檢測v2.0,臺北市,產前及新生兒染色體與基因變異檢測,2025,1,safe,安全・2025・近期,持續追蹤
2025LDTS01082,秀傳醫療社團法人高雄秀傳紀念醫院,慧智基因醫學實驗室,慧智全方位複合式晶片檢測v3.0,臺北市,產前及新生兒染色體與基因變異檢測,2025,1,safe,安全・2025・近期,持續追蹤
2025LDTS01086,秀傳醫療社團法人高雄秀傳紀念醫院,慧智基因醫學實驗室,慧智帶因篩檢v1.0,臺北市,遺傳代謝與罕見疾病之基因檢測,2025,1,safe,安全・2025・近期,持續追蹤
2025LDTS01087,秀傳醫療社團法人高雄秀傳紀念醫院,慧智基因醫學實驗室,慧智帶因篩檢v2.0,臺北市,遺傳代謝與罕見疾病之基因檢測,2025,1,safe,安全・2025・近期,持續追蹤
2025LDTS01088,秀傳醫療社團法人高雄秀傳紀念醫院,慧智基因醫學實驗室,慧智帶因篩檢v3.0,臺北市,遺傳代謝與罕見疾病之基因檢測,2025,1,safe,安全・2025・近期,持續追蹤
2025LDTS01099,秀傳醫療社團法人高雄秀傳紀念醫院,慧智基因醫學實驗室,慧智癌監控基因檢測-BRCA 1/2（組織）,臺北市,癌症篩檢、診斷、治療及預後之基因檢測,2025,1,safe,安全・2025・近期,持續追蹤
2025LDTS01108,秀傳醫療社團法人高雄秀傳紀念醫院,慧智基因醫學實驗室,慧智癌監控基因檢測-乳癌,臺北市,癌症篩檢、診斷、治療及預後之基因檢測,2025,1,safe,安全・2025・近期,持續追蹤
2025LDTS01109,秀傳醫療社團法人高雄秀傳紀念醫院,慧智基因醫學實驗室,慧智癌監控基因檢測-大腸癌,臺北市,癌症篩檢、診斷、治療及預後之基因檢測,2025,1,safe,安全・2025・近期,持續追蹤
2025LDTS01110,秀傳醫療社團法人高雄秀傳紀念醫院,慧智基因醫學實驗室,慧智癌監控基因檢測-泌尿道上皮癌,臺北市,癌症篩檢、診斷、治療及預後之基因檢測,2025,1,safe,安全・2025・近期,持續追蹤
2025LDTS01100,秀傳醫療社團法人高雄秀傳紀念醫院,慧智基因醫學實驗室,慧智癌監控基因檢測-肺癌,臺北市,癌症篩檢、診斷、治療及預後之基因檢測,2025,1,safe,安全・2025・近期,持續追蹤
2025LDTS01107,秀傳醫療社團法人高雄秀傳紀念醫院,慧智基因醫學實驗室,慧智癌監控基因檢測-膽管癌,臺北市,癌症篩檢、診斷、治療及預後之基因檢測,2025,1,safe,安全・2025・近期,持續追蹤
2025LDTS01101,秀傳醫療社團法人高雄秀傳紀念醫院,慧智基因醫學實驗室,慧智癌追蹤,臺北市,癌症篩檢、診斷、治療及預後之基因檢測,2025,1,safe,安全・2025・近期,持續追蹤
2025LDTS01094,秀傳醫療社團法人高雄秀傳紀念醫院,慧智基因醫學實驗室,慧智癌風險-大腸癌基因檢測,臺北市,癌症篩檢、診斷、治療及預後之基因檢測,2025,1,safe,安全・2025・近期,持續追蹤
2025LDTS01092,秀傳醫療社團法人高雄秀傳紀念醫院,慧智基因醫學實驗室,慧智癌風險-婦癌基因檢測,臺北市,癌症篩檢、診斷、治療及預後之基因檢測,2025,1,safe,安全・2025・近期,持續追蹤
2025LDTS01093,秀傳醫療社團法人高雄秀傳紀念醫院,慧智基因醫學實驗室,慧智癌風險BRCA1/2基因檢測,臺北市,癌症篩檢、診斷、治療及預後之基因檢測,2025,1,safe,安全・2025・近期,持續追蹤
2025LDTS01090,秀傳醫療社團法人高雄秀傳紀念醫院,慧智基因醫學實驗室,慧智癌風險基因檢測v1.0,臺北市,癌症篩檢、診斷、治療及預後之基因檢測,2025,1,safe,安全・2025・近期,持續追蹤
2025LDTS01091,秀傳醫療社團法人高雄秀傳紀念醫院,慧智基因醫學實驗室,慧智癌風險基因檢測v2.0,臺北市,癌症篩檢、診斷、治療及預後之基因檢測,2025,1,safe,安全・2025・近期,持續追蹤
2025LDTS01083,秀傳醫療社團法人高雄秀傳紀念醫院,慧智基因醫學實驗室,慧智非侵產前染色體篩檢v1.0,臺北市,產前及新生兒染色體與基因變異檢測,2025,1,safe,安全・2025・近期,持續追蹤
2025LDTS01084,秀傳醫療社團法人高雄秀傳紀念醫院,慧智基因醫學實驗室,慧智非侵產前染色體篩檢v2.0,臺北市,產前及新生兒染色體與基因變異檢測,2025,1,safe,安全・2025・近期,持續追蹤
2025LDTS01085,秀傳醫療社團法人高雄秀傳紀念醫院,慧智基因醫學實驗室,慧智非侵產前染色體篩檢v3.0,臺北市,產前及新生兒染色體與基因變異檢測,2025,1,safe,安全・2025・近期,持續追蹤
2025LDTS01089,秀傳醫療社團法人高雄秀傳紀念醫院,和平婦產科診所細胞遺傳實驗室,細胞染色體檢查,臺北市,產前及新生兒染色體與基因變異檢測,2025,1,safe,安全・2025・近期,持續追蹤
2025LDTS01078,秀傳醫療社團法人高雄秀傳紀念醫院,慧智基因醫學實驗室,脊髓性肌肉萎縮症基因檢測-SMN基因,臺北市,產前及新生兒染色體與基因變異檢測,2025,1,safe,安全・2025・近期,持續追蹤
2025LDTS00697,秀傳醫療財團法人彰濱秀傳紀念醫院,欣奕醫事檢驗所,X染色體脆折症基因檢測,新北市,遺傳代謝與罕見疾病之基因檢測,2025,1,safe,安全・2025・近期,持續追蹤
2025LDTS00699,秀傳醫療財團法人彰濱秀傳紀念醫院,欣奕醫事檢驗所,亨丁頓舞蹈症基因檢測,新北市,遺傳代謝與罕見疾病之基因檢測,2025,1,safe,安全・2025・近期,持續追蹤
2025LDTS00698,秀傳醫療財團法人彰濱秀傳紀念醫院,欣奕醫事檢驗所,脊髓性肌肉萎縮症基因檢測,新北市,遺傳代謝與罕見疾病之基因檢測,2025,1,safe,安全・2025・近期,持續追蹤
2025LDTS00700,秀傳醫療財團法人彰濱秀傳紀念醫院,欣奕醫事檢驗所,葉酸代謝基因檢測,新北市,遺傳代謝與罕見疾病之基因檢測,2025,1,safe,安全・2025・近期,持續追蹤
2025LDTS00703,秀傳醫療財團法人彰濱秀傳紀念醫院,欣奕醫事檢驗所,非侵入性胎兒染色體基因檢測-NIFTY PLUS（單胞胎）（39項）,新北市,產前及新生兒染色體與基因變異檢測,2025,1,safe,安全・2025・近期,持續追蹤
2025LDTS00704,秀傳醫療財團法人彰濱秀傳紀念醫院,欣奕醫事檢驗所,非侵入性胎兒染色體基因檢測-NIFTY PRO（單胞胎）（111項）,新北市,產前及新生兒染色體與基因變異檢測,2025,1,safe,安全・2025・近期,持續追蹤
2025LDTS00702,秀傳醫療財團法人彰濱秀傳紀念醫院,欣奕醫事檢驗所,非侵入性胎兒染色體基因檢測-NIFTY（單胞胎）（7項）,新北市,產前及新生兒染色體與基因變異檢測,2025,1,safe,安全・2025・近期,持續追蹤
2025LDTS00701,秀傳醫療財團法人彰濱秀傳紀念醫院,欣奕醫事檢驗所,非侵入性胎兒染色體基因檢測-NIFTY（雙胞胎）（3項）,新北市,產前及新生兒染色體與基因變異檢測,2025,1,safe,安全・2025・近期,持續追蹤
2025LDTS01009,童綜合醫療社團法人童綜合醫院,麗寶醫事檢驗所,NOTCH3 R544C基因分型,臺北市,遺傳代謝與罕見疾病之基因檢測,2025,1,safe,安全・2025・近期,持續追蹤
2025LDTS01817,童綜合醫療社團法人童綜合醫院,慧智基因醫學實驗室,子宮內膜癌基因分型,臺北市,癌症篩檢、診斷、治療及預後之基因檢測,2025,1,safe,安全・2025・近期,持續追蹤
2025LDTS01007,童綜合醫療社團法人童綜合醫院,慧智基因醫學實驗室,慧智新生兒基因篩檢v2.0,臺北市,產前及新生兒染色體與基因變異檢測,2025,1,safe,安全・2025・近期,持續追蹤
2025LDTS01006,童綜合醫療社團法人童綜合醫院,慧智基因醫學實驗室,慧智新生兒基因篩檢v3.0,臺北市,產前及新生兒染色體與基因變異檢測,2025,1,safe,安全・2025・近期,持續追蹤
2025LDTS00267,童綜合醫療社團法人童綜合醫院,慧智基因醫學實驗室,慧智癌風險BRCA1/2基因檢測,臺北市,癌症篩檢、診斷、治療及預後之基因檢測,2025,1,safe,安全・2025・近期,持續追蹤
2025LDTS00347,竹仁婦幼診所,創源分生實驗室,孕知因多疾病帶因篩檢-安心版,臺北市,產前及新生兒染色體與基因變異檢測,2025,1,safe,安全・2025・近期,持續追蹤
2025LDTS00213,竹仁婦幼診所,創源分生實驗室,腎小管發育不全基因檢測,臺北市,產前及新生兒染色體與基因變異檢測,2025,1,safe,安全・2025・近期,持續追蹤
2025LDTS00384,竹仁婦幼診所,創源分生實驗室,葉酸代謝基因檢測,臺北市,產前及新生兒染色體與基因變異檢測,2025,1,safe,安全・2025・近期,持續追蹤
2025LDTS00337,竹仁婦幼診所,創源分生實驗室,藥害性聽損基因檢測,臺北市,產前及新生兒染色體與基因變異檢測,2025,1,safe,安全・2025・近期,持續追蹤
2025LDTS00052,竹山秀傳醫療社團法人竹山秀傳醫院,麗寶醫事檢驗所,NOTCH3 R544C基因分型【NOTCH3 R544C Genotyping】,臺北市,遺傳代謝與罕見疾病之基因檢測,2025,1,safe,安全・2025・近期,持續追蹤
2025LDTS00762,竹山秀傳醫療社團法人竹山秀傳醫院,慧智基因醫學實驗室,慧智CGP癌症基因檢測（全方位癌症基因檢測）,臺北市,癌症篩檢、診斷、治療及預後之基因檢測,2025,1,safe,安全・2025・近期,持續追蹤
2025LDTS00773,竹山秀傳醫療社團法人竹山秀傳醫院,慧智基因醫學實驗室,慧智全方位複合式晶片檢測v2.0,臺北市,產前及新生兒染色體與基因變異檢測,2025,1,safe,安全・2025・近期,持續追蹤
2025LDTS00774,竹山秀傳醫療社團法人竹山秀傳醫院,慧智基因醫學實驗室,慧智全方位複合式晶片檢測v3.0,臺北市,產前及新生兒染色體與基因變異檢測,2025,1,safe,安全・2025・近期,持續追蹤
2025LDTS00769,竹山秀傳醫療社團法人竹山秀傳醫院,慧智基因醫學實驗室,慧智帶因篩檢v1.0,臺北市,遺傳代謝與罕見疾病之基因檢測,2025,1,safe,安全・2025・近期,持續追蹤
2025LDTS00770,竹山秀傳醫療社團法人竹山秀傳醫院,慧智基因醫學實驗室,慧智帶因篩檢v2.0,臺北市,遺傳代謝與罕見疾病之基因檢測,2025,1,safe,安全・2025・近期,持續追蹤
2025LDTS00771,竹山秀傳醫療社團法人竹山秀傳醫院,慧智基因醫學實驗室,慧智帶因篩檢v3.0,臺北市,遺傳代謝與罕見疾病之基因檢測,2025,1,safe,安全・2025・近期,持續追蹤
2025LDTS00766,竹山秀傳醫療社團法人竹山秀傳醫院,慧智基因醫學實驗室,慧智新生兒基因篩檢v1.0,臺北市,產前及新生兒染色體與基因變異檢測,2025,1,safe,安全・2025・近期,持續追蹤
2025LDTS00767,竹山秀傳醫療社團法人竹山秀傳醫院,慧智基因醫學實驗室,慧智新生兒基因篩檢v2.0,臺北市,產前及新生兒染色體與基因變異檢測,2025,1,safe,安全・2025・近期,持續追蹤
2025LDTS00768,竹山秀傳醫療社團法人竹山秀傳醫院,慧智基因醫學實驗室,慧智新生兒基因篩檢v3.0,臺北市,產前及新生兒染色體與基因變異檢測,2025,1,safe,安全・2025・近期,持續追蹤
2025LDTS00763,竹山秀傳醫療社團法人竹山秀傳醫院,慧智基因醫學實驗室,慧智癌監控基因檢測-BRCA 1/2（組織）,臺北市,癌症篩檢、診斷、治療及預後之基因檢測,2025,1,safe,安全・2025・近期,持續追蹤
2025LDTS00764,竹山秀傳醫療社團法人竹山秀傳醫院,慧智基因醫學實驗室,慧智癌風險BRCA1/2基因檢測,臺北市,癌症篩檢、診斷、治療及預後之基因檢測,2025,1,safe,安全・2025・近期,持續追蹤
2025LDTS00776,竹山秀傳醫療社團法人竹山秀傳醫院,慧智基因醫學實驗室,異位性皮膚炎過敏基因檢測-FLG基因,臺北市,產前及新生兒染色體與基因變異檢測,2025,1,safe,安全・2025・近期,持續追蹤
2025LDTS01365,維馨乳房外科醫院,慧智基因醫學實驗室,慧智癌監控基因檢測-BRCA 1/2（組織）,臺北市,癌症篩檢、診斷、治療及預後之基因檢測,2025,1,safe,安全・2025・近期,持續追蹤
2025LDTS02001,美村婦產科診所,國立成功大學基因體醫學中心,FMR1基因分子檢測,臺南市,產前及新生兒染色體與基因變異檢測,2025,1,safe,安全・2025・近期,持續追蹤
2025LDTS02195,美村婦產科診所,英緹檢測服務實驗室,PGT-A Pixl胚胎著床前染色體篩檢,新竹縣,產前及新生兒染色體與基因變異檢測,2025,1,safe,安全・2025・近期,持續追蹤
2025LDTS02002,美村婦產科診所,國立成功大學基因體醫學中心,PHOX2B基因分子檢測,臺南市,產前及新生兒染色體與基因變異檢測,2025,1,safe,安全・2025・近期,持續追蹤
2025LDTS02003,美村婦產科診所,國立成功大學基因體醫學中心,SMN1/SMN2基因分子檢測,臺南市,產前及新生兒染色體與基因變異檢測,2025,1,safe,安全・2025・近期,持續追蹤
2025LDTS00646,美村婦產科診所,創源分生實驗室,孕知因多疾病帶因篩檢-安心版,臺北市,產前及新生兒染色體與基因變異檢測,2025,1,safe,安全・2025・近期,持續追蹤
2025LDTS02004,美村婦產科診所,國立成功大學基因體醫學中心,感覺神經性聽損基因檢測,臺南市,產前及新生兒染色體與基因變異檢測,2025,1,safe,安全・2025・近期,持續追蹤
2025LDTS02005,美村婦產科診所,國立成功大學基因體醫學中心,胚胎著床前篩檢,臺南市,產前及新生兒染色體與基因變異檢測,2025,1,safe,安全・2025・近期,持續追蹤
2025LDTS02009,美村婦產科診所,國立成功大學基因體醫學中心,註生（助生）基因檢測,臺南市,產前及新生兒染色體與基因變異檢測,2025,1,safe,安全・2025・近期,持續追蹤
2025LDTS02010,美村婦產科診所,國立成功大學基因體醫學中心,隱性遺傳疾病帶因檢測,臺南市,產前及新生兒染色體與基因變異檢測,2025,1,safe,安全・2025・近期,持續追蹤
2025LDTS02006,美村婦產科診所,國立成功大學基因體醫學中心,非侵入性產前染色體檢測-NIPT1.0,臺南市,產前及新生兒染色體與基因變異檢測,2025,1,safe,安全・2025・近期,持續追蹤
2025LDTS02007,美村婦產科診所,國立成功大學基因體醫學中心,非侵入性產前染色體檢測-NIPT2.0,臺南市,產前及新生兒染色體與基因變異檢測,2025,1,safe,安全・2025・近期,持續追蹤
2025LDTS02008,美村婦產科診所,國立成功大學基因體醫學中心,非侵入性產前染色體檢測-NIPT3.0,臺南市,產前及新生兒染色體與基因變異檢測,2025,1,safe,安全・2025・近期,持續追蹤
2025LDTS02011,美村婦產科診所,國立成功大學基因體醫學中心,骨發育不全症基因檢測,臺南市,產前及新生兒染色體與基因變異檢測,2025,1,safe,安全・2025・近期,持續追蹤
2025LDTS00039,義大醫療財團法人義大大昌醫院,金萬林實驗室,血液腫瘤用藥檢測,新北市,癌症篩檢、診斷、治療及預後之基因檢測,2025,1,safe,安全・2025・近期,持續追蹤
2025LDTS00041,義大醫療財團法人義大癌治療醫院,金萬林實驗室,血液腫瘤用藥檢測,新北市,癌症篩檢、診斷、治療及預後之基因檢測,2025,1,safe,安全・2025・近期,持續追蹤
2025LDTS01483,義大醫療財團法人義大醫院,Igenomix Taiwan Ltd台灣艾捷隆實驗室,PGT-A胚胎著床前染色體篩檢,新北市,產前及新生兒染色體與基因變異檢測,2025,1,safe,安全・2025・近期,持續追蹤
2025LDTS00040,義大醫療財團法人義大醫院,金萬林實驗室,血液腫瘤用藥檢測,新北市,癌症篩檢、診斷、治療及預後之基因檢測,2025,1,safe,安全・2025・近期,持續追蹤
2025LDTS01464,聯新國際醫院,慧智基因醫學實驗室,慧智癌監控基因檢測-BRCA 1/2（組織）,臺北市,癌症篩檢、診斷、治療及預後之基因檢測,2025,1,safe,安全・2025・近期,持續追蹤
2025LDTS01526,聯準診所,華聯中心實驗室,CytoOneArray染色體晶片分析,新竹縣,產前及新生兒染色體與基因變異檢測,2025,1,safe,安全・2025・近期,持續追蹤
2025LDTS01465,臺中榮民總醫院,慧智基因醫學實驗室,慧智癌監控基因檢測-BRCA 1/2（組織）,臺北市,癌症篩檢、診斷、治療及預後之基因檢測,2025,1,safe,安全・2025・近期,持續追蹤
2025LDTS02117,臺中榮民總醫院,國立成功大學基因體醫學中心,胚胎著床前篩檢,臺南市,產前及新生兒染色體與基因變異檢測,2025,1,safe,安全・2025・近期,持續追蹤
2025LDTS00602,臺中榮民總醫院嘉義分院,行動基因臨床分子醫學實驗室,ACTBRCA貝癌檢癌症基因檢測（組織）,臺北市,癌症篩檢、診斷、治療及預後之基因檢測,2025,1,safe,安全・2025・近期,持續追蹤
2025LDTS00603,臺中榮民總醫院嘉義分院,行動基因臨床分子醫學實驗室,ACTBRCA貝癌檢癌症基因檢測（血液）,臺北市,癌症篩檢、診斷、治療及預後之基因檢測,2025,1,safe,安全・2025・近期,持續追蹤
2025LDTS00018,臺北婦產科診所,英緹檢測服務實驗室,Embryo46胚胎著床前染色體非整倍體檢測,新竹縣,產前及新生兒染色體與基因變異檢測,2025,1,safe,安全・2025・近期,持續追蹤
2025LDTS01922,臺北婦產科診所,英緹檢測服務實驗室,PGT-A Pixl胚胎著床前染色體篩檢,新竹縣,產前及新生兒染色體與基因變異檢測,2025,1,safe,安全・2025・近期,持續追蹤
2025LDTS01032,臺北婦產科診所,創源分生實驗室,SNP+胚胎著床前染色體篩檢 SNP added Preimplantation Genetic Testing for Aneuploidies （SNP+ PGT-A）,臺北市,產前及新生兒染色體與基因變異檢測,2025,1,safe,安全・2025・近期,持續追蹤
2025LDTS01028,臺北婦產科診所,創源分生實驗室,孕知因多疾病帶因篩檢-安心版,臺北市,產前及新生兒染色體與基因變異檢測,2025,1,safe,安全・2025・近期,持續追蹤
2025LDTS01347,臺北婦產科診所,創源分生實驗室,胚胎著床前染色體篩檢SNP附加分析 Preimplantation Genetic Testing for Aneuploidies （PGT-A） and Additional SNP analysis,臺北市,產前及新生兒染色體與基因變異檢測,2025,1,safe,安全・2025・近期,持續追蹤
2025LDTS01026,臺北婦產科診所,創源分生實驗室,腎小管發育不全基因檢測,臺北市,產前及新生兒染色體與基因變異檢測,2025,1,safe,安全・2025・近期,持續追蹤
2025LDTS01027,臺北婦產科診所,創源分生實驗室,藥害性聽損基因檢測,臺北市,產前及新生兒染色體與基因變異檢測,2025,1,safe,安全・2025・近期,持續追蹤
2025LDTS00849,臺北市立聯合醫院,英緹檢測服務實驗室,Embryo46胚胎著床前染色體非整倍體檢測,新竹縣,產前及新生兒染色體與基因變異檢測,2025,1,safe,安全・2025・近期,持續追蹤
2025LDTS00350,臺北市立聯合醫院,創源分生實驗室,孕知因多疾病帶因篩檢-安心版,臺北市,產前及新生兒染色體與基因變異檢測,2025,1,safe,安全・2025・近期,持續追蹤
2025LDTS00958,臺北市立聯合醫院,金萬林實驗室,癌標靶用藥檢測,新北市,癌症篩檢、診斷、治療及預後之基因檢測,2025,1,safe,安全・2025・近期,持續追蹤
2025LDTS01451,臺北市立聯合醫院,慧智基因醫學實驗室,癌監控基因檢測-BRCA 1/2（組織）,臺北市,癌症篩檢、診斷、治療及預後之基因檢測,2025,1,safe,安全・2025・近期,持續追蹤
2025LDTS01450,臺北市立聯合醫院,慧智基因醫學實驗室,癌監控基因檢測-大腸癌,臺北市,癌症篩檢、診斷、治療及預後之基因檢測,2025,1,safe,安全・2025・近期,持續追蹤
2025LDTS00470,臺北市立萬芳醫院-委託臺北醫學大學辦理,華聯中心實驗室,CytoOneArray染色體晶片分析,新竹縣,產前及新生兒染色體與基因變異檢測,2025,1,safe,安全・2025・近期,持續追蹤
2025LDTS00394,臺北市立萬芳醫院-委託臺北醫學大學辦理,精準醫學核心實驗室,MET 基因突變檢測,臺南市,癌症篩檢、診斷、治療及預後之基因檢測,2025,1,safe,安全・2025・近期,持續追蹤
2025LDTS00496,臺北市立萬芳醫院-委託臺北醫學大學辦理,麗寶醫事檢驗所,NOTCH3 R544C基因分型【NOTCH3 R544C Genotyping】,臺北市,遺傳代謝與罕見疾病之基因檢測,2025,1,safe,安全・2025・近期,持續追蹤
2025LDTS00395,臺北市立萬芳醫院-委託臺北醫學大學辦理,精準醫學核心實驗室,NTRK1基因突變檢測,臺南市,癌症篩檢、診斷、治療及預後之基因檢測,2025,1,safe,安全・2025・近期,持續追蹤
2025LDTS00396,臺北市立萬芳醫院-委託臺北醫學大學辦理,精準醫學核心實驗室,NTRK2 基因突變檢測,臺南市,癌症篩檢、診斷、治療及預後之基因檢測,2025,1,safe,安全・2025・近期,持續追蹤
2025LDTS00397,臺北市立萬芳醫院-委託臺北醫學大學辦理,精準醫學核心實驗室,NTRK3 基因突變檢測,臺南市,癌症篩檢、診斷、治療及預後之基因檢測,2025,1,safe,安全・2025・近期,持續追蹤
2025LDTS00398,臺北市立萬芳醫院-委託臺北醫學大學辦理,精準醫學核心實驗室,RET 基因突變檢測,臺南市,癌症篩檢、診斷、治療及預後之基因檢測,2025,1,safe,安全・2025・近期,持續追蹤
2025LDTS00372,臺北市立萬芳醫院-委託臺北醫學大學辦理,臺北醫學大學附設醫院病理科,心血管及代謝疾病基因質譜篩檢,臺北市,遺傳代謝與罕見疾病之基因檢測,2025,1,safe,安全・2025・近期,持續追蹤
2025LDTS00860,臺北市立萬芳醫院-委託臺北醫學大學辦理,欣奕醫事檢驗所,普芮卡次世代 BRCA 1/2 基因檢測,新北市,癌症篩檢、診斷、治療及預後之基因檢測,2025,1,safe,安全・2025・近期,持續追蹤
2025LDTS00779,臺北市立萬芳醫院-委託臺北醫學大學辦理,精準醫學核心實驗室,次世代定序 BRCA1、BRCA2 基因突變檢測（遺傳性）,臺南市,癌症篩檢、診斷、治療及預後之基因檢測,2025,1,safe,安全・2025・近期,持續追蹤
2025LDTS00388,臺北市立萬芳醫院-委託臺北醫學大學辦理,精準醫學核心實驗室,次世代定序廣泛性癌症融合基因檢測,臺南市,癌症篩檢、診斷、治療及預後之基因檢測,2025,1,safe,安全・2025・近期,持續追蹤
2025LDTS00393,臺北市立萬芳醫院-委託臺北醫學大學辦理,精準醫學核心實驗室,次世代定序甲狀腺癌基因檢測,臺南市,癌症篩檢、診斷、治療及預後之基因檢測,2025,1,safe,安全・2025・近期,持續追蹤
2025LDTS00382,臺北市立萬芳醫院-委託臺北醫學大學辦理,大安聯合醫事檢驗所,次世代定序癌症基因檢測（17個基因）,臺北市,癌症篩檢、診斷、治療及預後之基因檢測,2025,1,safe,安全・2025・近期,持續追蹤
2025LDTS00381,臺北市立萬芳醫院-委託臺北醫學大學辦理,精準醫學核心實驗室,次世代定序白血病基因檢測,臺南市,癌症篩檢、診斷、治療及預後之基因檢測,2025,1,safe,安全・2025・近期,持續追蹤
2025LDTS00389,臺北市立萬芳醫院-委託臺北醫學大學辦理,精準醫學核心實驗室,次世代定序肺癌基因檢測,臺南市,癌症篩檢、診斷、治療及預後之基因檢測,2025,1,safe,安全・2025・近期,持續追蹤
2025LDTS00778,臺北市立萬芳醫院-委託臺北醫學大學辦理,精準醫學核心實驗室,次世代定序遺傳性癌症基因檢測,臺南市,癌症篩檢、診斷、治療及預後之基因檢測,2025,1,safe,安全・2025・近期,持續追蹤
2025LDTS00387,臺北市立萬芳醫院-委託臺北醫學大學辦理,精準醫學核心實驗室,肺癌用藥基因篩檢 (11 genes),臺南市,癌症篩檢、診斷、治療及預後之基因檢測,2025,1,safe,安全・2025・近期,持續追蹤
2025LDTS00385,臺北市立萬芳醫院-委託臺北醫學大學辦理,大安聯合醫事檢驗所,葉酸代謝基因檢測,臺北市,遺傳代謝與罕見疾病之基因檢測,2025,1,safe,安全・2025・近期,持續追蹤
2025LDTS00471,臺北市立萬芳醫院-委託臺北醫學大學辦理,國立成功大學基因體醫學中心,非侵入性產前染色體檢測-NIPT1.0,臺南市,產前及新生兒染色體與基因變異檢測,2025,1,safe,安全・2025・近期,持續追蹤
2025LDTS00472,臺北市立萬芳醫院-委託臺北醫學大學辦理,國立成功大學基因體醫學中心,非侵入性產前染色體檢測-NIPT2.0,臺南市,產前及新生兒染色體與基因變異檢測,2025,1,safe,安全・2025・近期,持續追蹤
2025LDTS00473,臺北市立萬芳醫院-委託臺北醫學大學辦理,國立成功大學基因體醫學中心,非侵入性產前染色體檢測-NIPT3.0,臺南市,產前及新生兒染色體與基因變異檢測,2025,1,safe,安全・2025・近期,持續追蹤
2025LDTS00374,臺北市立萬芳醫院-委託臺北醫學大學辦理,臺北醫學大學附設醫院病理科,非小細胞肺癌基因檢測套組 (πCode),臺北市,癌症篩檢、診斷、治療及預後之基因檢測,2025,1,safe,安全・2025・近期,持續追蹤
2025LDTS00841,臺北醫學大學附設醫院,華聯中心實驗室,CytoOneArray染色體晶片分析,新竹縣,產前及新生兒染色體與基因變異檢測,2025,1,safe,安全・2025・近期,持續追蹤
2025LDTS00856,臺北醫學大學附設醫院,麗寶醫事檢驗所,NOTCH3 R544C基因分型【NOTCH3 R544C Genotyping】,臺北市,遺傳代謝與罕見疾病之基因檢測,2025,1,safe,安全・2025・近期,持續追蹤
2025LDTS00842,臺北醫學大學附設醫院,國立成功大學基因體醫學中心,非侵入性產前染色體檢測-NIPT1.0,臺南市,產前及新生兒染色體與基因變異檢測,2025,1,safe,安全・2025・近期,持續追蹤
2025LDTS00843,臺北醫學大學附設醫院,國立成功大學基因體醫學中心,非侵入性產前染色體檢測-NIPT2.0,臺南市,產前及新生兒染色體與基因變異檢測,2025,1,safe,安全・2025・近期,持續追蹤
2025LDTS00844,臺北醫學大學附設醫院,國立成功大學基因體醫學中心,非侵入性產前染色體檢測-NIPT3.0,臺南市,產前及新生兒染色體與基因變異檢測,2025,1,safe,安全・2025・近期,持續追蹤
2025LDTS01354,臺南市立安南醫院-委託中國醫藥大學興建經營,慧智基因醫學實驗室,慧智癌監控基因檢測-BRCA 1/2（組織）,臺北市,癌症篩檢、診斷、治療及預後之基因檢測,2025,1,safe,安全・2025・近期,持續追蹤
2025LDTS01445,臺灣基督教門諾會醫療財團法人門諾醫院,行動基因臨床分子醫學實驗室,ACT Monitor +癌易蹤癌症基因檢測,臺北市,癌症篩檢、診斷、治療及預後之基因檢測,2025,1,safe,安全・2025・近期,持續追蹤
2025LDTS01444,臺灣基督教門諾會醫療財團法人門諾醫院,行動基因臨床分子醫學實驗室,ACT Monitor Lung肺易蹤癌症基因檢測,臺北市,癌症篩檢、診斷、治療及預後之基因檢測,2025,1,safe,安全・2025・近期,持續追蹤
2025LDTS01432,臺灣基督教門諾會醫療財團法人門諾醫院,行動基因臨床分子醫學實驗室,ACTMonitor Breast乳易蹤癌症基因檢測,臺北市,癌症篩檢、診斷、治療及預後之基因檢測,2025,1,safe,安全・2025・近期,持續追蹤
2025LDTS01438,臺灣基督教門諾會醫療財團法人門諾醫院,行動基因臨床分子醫學實驗室,ACTMonitor Colon腸易蹤癌症基因檢測,臺北市,癌症篩檢、診斷、治療及預後之基因檢測,2025,1,safe,安全・2025・近期,持續追蹤
2025LDTS01350,臺灣基督教門諾會醫療財團法人門諾醫院,創源分生實驗室,唐氏症次世代定序篩檢,臺北市,產前及新生兒染色體與基因變異檢測,2025,1,safe,安全・2025・近期,持續追蹤
2025LDTS00786,臺灣基督教門諾會醫療財團法人門諾醫院,慧智基因醫學實驗室,慧智帶因篩檢v1.0,花蓮縣,遺傳代謝與罕見疾病之基因檢測,2025,1,safe,安全・2025・近期,持續追蹤
2025LDTS00787,臺灣基督教門諾會醫療財團法人門諾醫院,慧智基因醫學實驗室,慧智帶因篩檢v2.0,臺北市,遺傳代謝與罕見疾病之基因檢測,2025,1,safe,安全・2025・近期,持續追蹤
2025LDTS00790,臺灣基督教門諾會醫療財團法人門諾醫院,慧智基因醫學實驗室,慧智帶因篩檢v3.0,臺北市,遺傳代謝與罕見疾病之基因檢測,2025,1,safe,安全・2025・近期,持續追蹤
2025LDTS00783,臺灣基督教門諾會醫療財團法人門諾醫院,慧智基因醫學實驗室,慧智新生兒基因篩檢v1.0,臺北市,產前及新生兒染色體與基因變異檢測,2025,1,safe,安全・2025・近期,持續追蹤
2025LDTS00784,臺灣基督教門諾會醫療財團法人門諾醫院,慧智基因醫學實驗室,慧智新生兒基因篩檢v2.0,臺北市,產前及新生兒染色體與基因變異檢測,2025,1,safe,安全・2025・近期,持續追蹤
2025LDTS00785,臺灣基督教門諾會醫療財團法人門諾醫院,慧智基因醫學實驗室,慧智新生兒基因篩檢v3.0,臺北市,產前及新生兒染色體與基因變異檢測,2025,1,safe,安全・2025・近期,持續追蹤
2025LDTS01684,臺灣基督教門諾會醫療財團法人門諾醫院,慧智基因醫學實驗室,慧智癌監控基因檢測-BRCA 1/2（組織）,臺北市,癌症篩檢、診斷、治療及預後之基因檢測,2025,1,safe,安全・2025・近期,持續追蹤
2025LDTS00792,臺灣基督教門諾會醫療財團法人門諾醫院,慧智基因醫學實驗室,慧智癌風險BRCA1/2基因檢測(血液),臺北市,癌症篩檢、診斷、治療及預後之基因檢測,2025,1,safe,安全・2025・近期,持續追蹤
2025LDTS00299,良全婦產科診所,慧智基因醫學實驗室,X染色體脆折症基因檢測-FMR1基因,臺北市,遺傳代謝與罕見疾病之基因檢測,2025,1,safe,安全・2025・近期,持續追蹤
2025LDTS00305,良全婦產科診所,慧智基因醫學實驗室,慧智帶因篩檢v1.0,臺北市,遺傳代謝與罕見疾病之基因檢測,2025,1,safe,安全・2025・近期,持續追蹤
2025LDTS00304,良全婦產科診所,慧智基因醫學實驗室,慧智帶因篩檢v2.0,臺北市,遺傳代謝與罕見疾病之基因檢測,2025,1,safe,安全・2025・近期,持續追蹤
2025LDTS00303,良全婦產科診所,慧智基因醫學實驗室,慧智帶因篩檢v3.0,臺北市,遺傳代謝與罕見疾病之基因檢測,2025,1,safe,安全・2025・近期,持續追蹤
2025LDTS00308,良全婦產科診所,慧智基因醫學實驗室,慧智非侵產前染色體篩檢v1.0,臺北市,產前及新生兒染色體與基因變異檢測,2025,1,safe,安全・2025・近期,持續追蹤
2025LDTS00307,良全婦產科診所,慧智基因醫學實驗室,慧智非侵產前染色體篩檢v2.0,臺北市,產前及新生兒染色體與基因變異檢測,2025,1,safe,安全・2025・近期,持續追蹤
2025LDTS00306,良全婦產科診所,慧智基因醫學實驗室,慧智非侵產前染色體篩檢v3.0,臺北市,產前及新生兒染色體與基因變異檢測,2025,1,safe,安全・2025・近期,持續追蹤
2025LDTS00301,良全婦產科診所,慧智基因醫學實驗室,海洋性貧血基因檢測-HBA、HBB基因,臺北市,遺傳代謝與罕見疾病之基因檢測,2025,1,safe,安全・2025・近期,持續追蹤
2025LDTS00309,良全婦產科診所,和平婦產科診所細胞遺傳實驗室,細胞染色體檢查,臺北市,產前及新生兒染色體與基因變異檢測,2025,1,safe,安全・2025・近期,持續追蹤
2025LDTS00302,良全婦產科診所,慧智基因醫學實驗室,脊髓性肌肉萎縮症基因檢測-SMN基因,臺北市,產前及新生兒染色體與基因變異檢測,2025,1,safe,安全・2025・近期,持續追蹤
2025LDTS00300,良全婦產科診所,慧智基因醫學實驗室,葉酸代謝基因檢測-MTHFR基因,臺北市,遺傳代謝與罕見疾病之基因檢測,2025,1,safe,安全・2025・近期,持續追蹤
2025LDTS00618,菡生婦幼診所,創源分生實驗室,孕知因多疾病帶因篩檢-安心版,臺北市,產前及新生兒染色體與基因變異檢測,2025,1,safe,安全・2025・近期,持續追蹤
2025LDTS00251,菡生婦幼診所,創源分生實驗室,腎小管發育不全基因檢測,臺北市,產前及新生兒染色體與基因變異檢測,2025,1,safe,安全・2025・近期,持續追蹤
2025LDTS01872,華育婦產科診所,英緹檢測服務實驗室,PGT-A Pixl胚胎著床前染色體篩檢,新竹縣,產前及新生兒染色體與基因變異檢測,2025,1,safe,安全・2025・近期,持續追蹤
2025LDTS00343,華育婦產科診所,創源分生實驗室,SNP+胚胎著床前染色體篩檢,臺北市,產前及新生兒染色體與基因變異檢測,2025,1,safe,安全・2025・近期,持續追蹤
2025LDTS01937,華育婦產科診所,創源分生實驗室,孕知因多疾病帶因篩檢-安心版,臺北市,產前及新生兒染色體與基因變異檢測,2025,1,safe,安全・2025・近期,持續追蹤
2025LDTS01414,華育婦產科診所,創源分生實驗室,胚胎著床前染色體篩檢SNP附加分析Preimplantation Genetic Testing for Aneuploidies （PGT-A） and Additional SNP analysis,臺北市,產前及新生兒染色體與基因變異檢測,2025,1,safe,安全・2025・近期,持續追蹤
2025LDTS00212,華育婦產科診所,創源分生實驗室,腎小管發育不全基因檢測,臺北市,產前及新生兒染色體與基因變異檢測,2025,1,safe,安全・2025・近期,持續追蹤
2025LDTS01929,葉家伶婦產科診所,創源分生實驗室,SNP晶片染色體篩檢-HD,臺北市,產前及新生兒染色體與基因變異檢測,2025,1,safe,安全・2025・近期,持續追蹤
2025LDTS01931,葉家伶婦產科診所,創源分生實驗室,孕知因多疾病帶因篩檢-安心版,臺北市,產前及新生兒染色體與基因變異檢測,2025,1,safe,安全・2025・近期,持續追蹤
2025LDTS01926,葉家伶婦產科診所,創源分生實驗室,腎小管發育不全基因檢測,臺北市,產前及新生兒染色體與基因變異檢測,2025,1,safe,安全・2025・近期,持續追蹤
2025LDTS01930,葉家伶婦產科診所,創源分生實驗室,葉酸代謝基因檢測,臺北市,產前及新生兒染色體與基因變異檢測,2025,1,safe,安全・2025・近期,持續追蹤
2025LDTS01928,葉家伶婦產科診所,創源分生實驗室,藥害性聽損基因檢測,臺北市,產前及新生兒染色體與基因變異檢測,2025,1,safe,安全・2025・近期,持續追蹤
2025LDTS01263,蔡永隆婦產科診所,創源分生實驗室,孕知因多疾病帶因篩檢-安心版,臺北市,產前及新生兒染色體與基因變異檢測,2025,1,safe,安全・2025・近期,持續追蹤
2025LDTS00852,蔡永隆婦產科診所,創源分生實驗室,腎小管發育不全基因檢測,臺北市,產前及新生兒染色體與基因變異檢測,2025,1,safe,安全・2025・近期,持續追蹤
2025LDTS00619,蕙生醫院,創源分生實驗室,孕知因多疾病帶因篩檢-安心版,臺北市,產前及新生兒染色體與基因變異檢測,2025,1,safe,安全・2025・近期,持續追蹤
2025LDTS00256,蕙生醫院,創源分生實驗室,腎小管發育不全基因檢測,臺北市,產前及新生兒染色體與基因變異檢測,2025,1,safe,安全・2025・近期,持續追蹤
2025LDTS00449,行天宮醫療志業醫療財團法人恩主公醫院,金萬林實驗室,全面型癌循環核酸檢測,新北市,癌症篩檢、診斷、治療及預後之基因檢測,2025,1,safe,安全・2025・近期,持續追蹤
2025LDTS00450,行天宮醫療志業醫療財團法人恩主公醫院,金萬林實驗室,全面型癌組織用藥檢測,新北市,癌症篩檢、診斷、治療及預後之基因檢測,2025,1,safe,安全・2025・近期,持續追蹤
2025LDTS00447,行天宮醫療志業醫療財團法人恩主公醫院,慧智基因醫學實驗室,慧智HRD檢測,臺北市,癌症篩檢、診斷、治療及預後之基因檢測,2025,1,safe,安全・2025・近期,持續追蹤
2025LDTS00445,行天宮醫療志業醫療財團法人恩主公醫院,慧智基因醫學實驗室,慧智癌監控基因檢測-乳癌,臺北市,癌症篩檢、診斷、治療及預後之基因檢測,2025,1,safe,安全・2025・近期,持續追蹤
2025LDTS00444,行天宮醫療志業醫療財團法人恩主公醫院,慧智基因醫學實驗室,慧智癌監控基因檢測-大腸癌,臺北市,癌症篩檢、診斷、治療及預後之基因檢測,2025,1,safe,安全・2025・近期,持續追蹤
2025LDTS00446,行天宮醫療志業醫療財團法人恩主公醫院,慧智基因醫學實驗室,慧智癌監控基因檢測-肺癌,臺北市,癌症篩檢、診斷、治療及預後之基因檢測,2025,1,safe,安全・2025・近期,持續追蹤
2025LDTS00438,行天宮醫療志業醫療財團法人恩主公醫院,慧智基因醫學實驗室,慧智癌風險 -大腸癌基因檢測,臺北市,癌症篩檢、診斷、治療及預後之基因檢測,2025,1,safe,安全・2025・近期,持續追蹤
2025LDTS00439,行天宮醫療志業醫療財團法人恩主公醫院,慧智基因醫學實驗室,慧智癌風險-兒癌基因檢測,臺北市,癌症篩檢、診斷、治療及預後之基因檢測,2025,1,safe,安全・2025・近期,持續追蹤
2025LDTS00436,行天宮醫療志業醫療財團法人恩主公醫院,慧智基因醫學實驗室,慧智癌風險基因檢測v1.0,臺北市,癌症篩檢、診斷、治療及預後之基因檢測,2025,1,safe,安全・2025・近期,持續追蹤
2025LDTS00437,行天宮醫療志業醫療財團法人恩主公醫院,慧智基因醫學實驗室,慧智癌風險基因檢測v2.0,臺北市,癌症篩檢、診斷、治療及預後之基因檢測,2025,1,safe,安全・2025・近期,持續追蹤
2025LDTS00448,行天宮醫療志業醫療財團法人恩主公醫院,金萬林實驗室,血液腫瘤用藥檢測,新北市,癌症篩檢、診斷、治療及預後之基因檢測,2025,1,safe,安全・2025・近期,持續追蹤
2025LDTS01648,衛生福利部南投醫院,醫療財團法人病理發展基金會台北病理中心,肺癌多基因檢測 （AmoyDx）,臺北市,癌症篩檢、診斷、治療及預後之基因檢測,2025,1,safe,安全・2025・近期,持續追蹤
2025LDTS00011,衛生福利部南投醫院,金萬林實驗室,金萬林乳癌檢測,新北市,癌症篩檢、診斷、治療及預後之基因檢測,2025,1,safe,安全・2025・近期,持續追蹤
2025LDTS00010,衛生福利部南投醫院,金萬林實驗室,金萬林肺癌檢測,新北市,癌症篩檢、診斷、治療及預後之基因檢測,2025,1,safe,安全・2025・近期,持續追蹤
2025LDTS00009,衛生福利部南投醫院,金萬林實驗室,金萬林腸癌檢測,新北市,癌症篩檢、診斷、治療及預後之基因檢測,2025,1,safe,安全・2025・近期,持續追蹤
2025LDTS00934,衛生福利部嘉義醫院,創源分生實驗室,NIPT非侵入性胎兒染色體檢測Q寶,臺北市,產前及新生兒染色體與基因變異檢測,2025,1,safe,安全・2025・近期,持續追蹤
2025LDTS00935,衛生福利部嘉義醫院,創源分生實驗室,Q寶PLUS+非侵入性胎兒染色體篩檢,臺北市,產前及新生兒染色體與基因變異檢測,2025,1,safe,安全・2025・近期,持續追蹤
2025LDTS00936,衛生福利部嘉義醫院,創源分生實驗室,Q寶Ultra非侵入性胎兒染色體篩檢,臺北市,產前及新生兒染色體與基因變異檢測,2025,1,safe,安全・2025・近期,持續追蹤
2025LDTS00932,衛生福利部嘉義醫院,創源分生實驗室,唐氏症次世代定序篩檢,臺北市,產前及新生兒染色體與基因變異檢測,2025,1,safe,安全・2025・近期,持續追蹤
2025LDTS00676,衛生福利部嘉義醫院,慧智基因醫學實驗室,慧智非侵產前染色體篩檢v1.0,臺北市,產前及新生兒染色體與基因變異檢測,2025,1,safe,安全・2025・近期,持續追蹤
2025LDTS00677,衛生福利部嘉義醫院,慧智基因醫學實驗室,慧智非侵產前染色體篩檢v2.0,臺北市,產前及新生兒染色體與基因變異檢測,2025,1,safe,安全・2025・近期,持續追蹤
2025LDTS00678,衛生福利部嘉義醫院,慧智基因醫學實驗室,慧智非侵產前染色體篩檢v3.0,臺北市,產前及新生兒染色體與基因變異檢測,2025,1,safe,安全・2025・近期,持續追蹤
2025LDTS00523,衛生福利部屏東醫院,金萬林實驗室,全面型癌組織用藥檢測,新北市,癌症篩檢、診斷、治療及預後之基因檢測,2025,1,safe,安全・2025・近期,持續追蹤
2025LDTS00522,衛生福利部屏東醫院,金萬林實驗室,組織BRCA檢測,新北市,癌症篩檢、診斷、治療及預後之基因檢測,2025,1,safe,安全・2025・近期,持續追蹤
2025LDTS00937,衛生福利部桃園醫院,金萬林實驗室,癌標靶用藥檢測,新北市,癌症篩檢、診斷、治療及預後之基因檢測,2025,1,safe,安全・2025・近期,持續追蹤
2025LDTS00939,衛生福利部桃園醫院,金萬林實驗室,金萬林肺癌檢測,新北市,癌症篩檢、診斷、治療及預後之基因檢測,2025,1,safe,安全・2025・近期,持續追蹤
2025LDTS00938,衛生福利部桃園醫院,金萬林實驗室,金萬林腸癌檢測,新北市,癌症篩檢、診斷、治療及預後之基因檢測,2025,1,safe,安全・2025・近期,持續追蹤
2025LDTS00526,衛生福利部臺北醫院,麗寶醫事檢驗所,NOTCH3 R544C基因分型【NOTCH3 R544C Genotyping】,臺北市,遺傳代謝與罕見疾病之基因檢測,2025,1,safe,安全・2025・近期,持續追蹤
2025LDTS01315,衛生福利部臺北醫院,國立成功大學基因體醫學中心,PHOX2B基因分子檢測,臺南市,產前及新生兒染色體與基因變異檢測,2025,1,safe,安全・2025・近期,持續追蹤
2025LDTS01592,衛生福利部臺北醫院,金萬林實驗室,廣泛型癌症循環核酸檢測,新北市,癌症篩檢、診斷、治療及預後之基因檢測,2025,1,safe,安全・2025・近期,持續追蹤
2025LDTS01316,衛生福利部臺北醫院,國立成功大學基因體醫學中心,感覺神經性聽損基因檢測,臺南市,產前及新生兒染色體與基因變異檢測,2025,1,safe,安全・2025・近期,持續追蹤
2025LDTS01591,衛生福利部臺北醫院,金萬林實驗室,癌標靶用藥檢測,新北市,癌症篩檢、診斷、治療及預後之基因檢測,2025,1,safe,安全・2025・近期,持續追蹤
2025LDTS01587,衛生福利部臺北醫院,金萬林實驗室,遺傳BRCA檢測,新北市,癌症篩檢、診斷、治療及預後之基因檢測,2025,1,safe,安全・2025・近期,持續追蹤
2025LDTS01590,衛生福利部臺北醫院,金萬林實驗室,金萬林乳癌檢測,新北市,癌症篩檢、診斷、治療及預後之基因檢測,2025,1,safe,安全・2025・近期,持續追蹤
2025LDTS01588,衛生福利部臺北醫院,金萬林實驗室,金萬林肺癌檢測,新北市,癌症篩檢、診斷、治療及預後之基因檢測,2025,1,safe,安全・2025・近期,持續追蹤
2025LDTS01589,衛生福利部臺北醫院,金萬林實驗室,金萬林腸癌檢測,新北市,癌症篩檢、診斷、治療及預後之基因檢測,2025,1,safe,安全・2025・近期,持續追蹤
2025LDTS00313,衛生福利部苗栗醫院,慧智基因醫學實驗室,慧智CGP癌症基因檢測（全方位癌症基因檢測）,臺北市,癌症篩檢、診斷、治療及預後之基因檢測,2025,1,safe,安全・2025・近期,持續追蹤
2025LDTS00310,衛生福利部苗栗醫院,慧智基因醫學實驗室,慧智癌監控基因檢測-BRCA 1/2（組織）,臺北市,癌症篩檢、診斷、治療及預後之基因檢測,2025,1,safe,安全・2025・近期,持續追蹤
2025LDTS00314,衛生福利部苗栗醫院,慧智基因醫學實驗室,慧智癌監控基因檢測-肺癌,臺北市,癌症篩檢、診斷、治療及預後之基因檢測,2025,1,safe,安全・2025・近期,持續追蹤
2025LDTS00312,衛生福利部苗栗醫院,慧智基因醫學實驗室,慧智癌風險BRCA1/2基因檢測,臺北市,癌症篩檢、診斷、治療及預後之基因檢測,2025,1,safe,安全・2025・近期,持續追蹤
2025LDTS00353,衛生福利部豐原醫院,慧智基因醫學實驗室,慧智全方位複合式晶片檢測v2.0,臺北市,產前及新生兒染色體與基因變異檢測,2025,1,safe,安全・2025・近期,持續追蹤
2025LDTS00355,衛生福利部豐原醫院,慧智基因醫學實驗室,慧智帶因篩檢v2.0,臺北市,遺傳代謝與罕見疾病之基因檢測,2025,1,safe,安全・2025・近期,持續追蹤
2025LDTS00354,衛生福利部豐原醫院,慧智基因醫學實驗室,慧智帶因篩檢v3.0,臺北市,遺傳代謝與罕見疾病之基因檢測,2025,1,safe,安全・2025・近期,持續追蹤
2025LDTS01499,衛生福利部豐原醫院,慧智基因醫學實驗室,慧智癌監控基因檢測-BRCA 1/2（組織）,臺北市,癌症篩檢、診斷、治療及預後之基因檢測,2025,1,safe,安全・2025・近期,持續追蹤
2025LDTS00352,衛生福利部豐原醫院,慧智基因醫學實驗室,海洋性貧血基因檢測-HBA、HBB基因,臺北市,遺傳代謝與罕見疾病之基因檢測,2025,1,safe,安全・2025・近期,持續追蹤
2025LDTS00694,衛生福利部金門醫院,創源分生實驗室,NIPT非侵入性胎兒染色體檢測Q寶,臺北市,產前及新生兒染色體與基因變異檢測,2025,1,safe,安全・2025・近期,持續追蹤
2025LDTS00696,衛生福利部金門醫院,創源分生實驗室,NIPT非侵入性胎兒染色體檢測Q寶PLUS三十八合一,臺北市,產前及新生兒染色體與基因變異檢測,2025,1,safe,安全・2025・近期,持續追蹤
2025LDTS00695,衛生福利部金門醫院,創源分生實驗室,NIPT非侵入性胎兒染色體檢測Q寶PLUS十四合一,臺北市,產前及新生兒染色體與基因變異檢測,2025,1,safe,安全・2025・近期,持續追蹤
2025LDTS00342,衛生福利部雙和醫院（委託臺北醫學大學興建經營）,精準醫學核心實驗室,C-KIT/PDGFRA 基因突變檢測,臺南市,癌症篩檢、診斷、治療及預後之基因檢測,2025,1,safe,安全・2025・近期,持續追蹤
2025LDTS00654,衛生福利部雙和醫院（委託臺北醫學大學興建經營）,精準醫學核心實驗室,CALR 基因突變檢測,臺南市,癌症篩檢、診斷、治療及預後之基因檢測,2025,1,safe,安全・2025・近期,持續追蹤
2025LDTS00464,衛生福利部雙和醫院（委託臺北醫學大學興建經營）,華聯中心實驗室,CytoOneArray染色體晶片分析,新竹縣,產前及新生兒染色體與基因變異檢測,2025,1,safe,安全・2025・近期,持續追蹤
2025LDTS00344,衛生福利部雙和醫院（委託臺北醫學大學興建經營）,精準醫學核心實驗室,MET 基因突變檢測,臺南市,癌症篩檢、診斷、治療及預後之基因檢測,2025,1,safe,安全・2025・近期,持續追蹤
2025LDTS00655,衛生福利部雙和醫院（委託臺北醫學大學興建經營）,精準醫學核心實驗室,MPL 基因突變檢測,臺南市,癌症篩檢、診斷、治療及預後之基因檢測,2025,1,safe,安全・2025・近期,持續追蹤
2025LDTS00249,衛生福利部雙和醫院（委託臺北醫學大學興建經營）,麗寶醫事檢驗所,NOTCH3 R544C基因分型【NOTCH3 R544C Genotyping】,臺北市,遺傳代謝與罕見疾病之基因檢測,2025,1,safe,安全・2025・近期,持續追蹤
2025LDTS00345,衛生福利部雙和醫院（委託臺北醫學大學興建經營）,精準醫學核心實驗室,NTRK1基因突變檢測,臺南市,癌症篩檢、診斷、治療及預後之基因檢測,2025,1,safe,安全・2025・近期,持續追蹤
2025LDTS00346,衛生福利部雙和醫院（委託臺北醫學大學興建經營）,精準醫學核心實驗室,NTRK2 基因突變檢測,臺南市,癌症篩檢、診斷、治療及預後之基因檢測,2025,1,safe,安全・2025・近期,持續追蹤
2025LDTS00348,衛生福利部雙和醫院（委託臺北醫學大學興建經營）,精準醫學核心實驗室,NTRK3 基因突變檢測,臺南市,癌症篩檢、診斷、治療及預後之基因檢測,2025,1,safe,安全・2025・近期,持續追蹤
2025LDTS00349,衛生福利部雙和醫院（委託臺北醫學大學興建經營）,精準醫學核心實驗室,RET 基因突變檢測,臺南市,癌症篩檢、診斷、治療及預後之基因檢測,2025,1,safe,安全・2025・近期,持續追蹤
2025LDTS00657,衛生福利部雙和醫院（委託臺北醫學大學興建經營）,精準醫學核心實驗室,X染色體脆折症篩檢,臺南市,遺傳代謝與罕見疾病之基因檢測,2025,1,safe,安全・2025・近期,持續追蹤
2025LDTS00293,衛生福利部雙和醫院（委託臺北醫學大學興建經營）,臺北醫學大學附設醫院病理科,心血管及代謝疾病基因質譜篩檢,臺北市,遺傳代謝與罕見疾病之基因檢測,2025,1,safe,安全・2025・近期,持續追蹤
2025LDTS01261,衛生福利部雙和醫院（委託臺北醫學大學興建經營）,精準醫學核心實驗室,次世代定序 BRCA1、BRCA2 基因突變檢測（遺傳性）,臺南市,癌症篩檢、診斷、治療及預後之基因檢測,2025,1,safe,安全・2025・近期,持續追蹤
2025LDTS00334,衛生福利部雙和醫院（委託臺北醫學大學興建經營）,精準醫學核心實驗室,次世代定序廣泛性癌症融合基因檢測,臺南市,癌症篩檢、診斷、治療及預後之基因檢測,2025,1,safe,安全・2025・近期,持續追蹤
2025LDTS00351,衛生福利部雙和醫院（委託臺北醫學大學興建經營）,精準醫學核心實驗室,次世代定序微量腫瘤基因檢測,臺南市,癌症篩檢、診斷、治療及預後之基因檢測,2025,1,safe,安全・2025・近期,持續追蹤
2025LDTS00331,衛生福利部雙和醫院（委託臺北醫學大學興建經營）,精準醫學核心實驗室,次世代定序甲狀腺癌基因檢測,臺南市,癌症篩檢、診斷、治療及預後之基因檢測,2025,1,safe,安全・2025・近期,持續追蹤
2025LDTS00367,衛生福利部雙和醫院（委託臺北醫學大學興建經營）,大安聯合醫事檢驗所,次世代定序癌症基因檢測（17個基因）,臺北市,癌症篩檢、診斷、治療及預後之基因檢測,2025,1,safe,安全・2025・近期,持續追蹤
2025LDTS00250,衛生福利部雙和醫院（委託臺北醫學大學興建經營）,精準醫學核心實驗室,次世代定序白血病基因檢測,臺南市,癌症篩檢、診斷、治療及預後之基因檢測,2025,1,safe,安全・2025・近期,持續追蹤
2025LDTS00332,衛生福利部雙和醫院（委託臺北醫學大學興建經營）,精準醫學核心實驗室,次世代定序肺癌基因檢測,臺南市,癌症篩檢、診斷、治療及預後之基因檢測,2025,1,safe,安全・2025・近期,持續追蹤
2025LDTS01260,衛生福利部雙和醫院（委託臺北醫學大學興建經營）,精準醫學核心實驗室,次世代定序遺傳性癌症基因檢測,臺南市,癌症篩檢、診斷、治療及預後之基因檢測,2025,1,safe,安全・2025・近期,持續追蹤
2025LDTS00333,衛生福利部雙和醫院（委託臺北醫學大學興建經營）,精準醫學核心實驗室,肺癌用藥基因篩檢 (11 genes),臺南市,癌症篩檢、診斷、治療及預後之基因檢測,2025,1,safe,安全・2025・近期,持續追蹤
2025LDTS00366,衛生福利部雙和醫院（委託臺北醫學大學興建經營）,大安聯合醫事檢驗所,葉酸代謝基因檢測,臺北市,遺傳代謝與罕見疾病之基因檢測,2025,1,safe,安全・2025・近期,持續追蹤
2025LDTS00656,衛生福利部雙和醫院（委託臺北醫學大學興建經營）,奇美醫院精準醫學核心實驗室,血癌-FLT3+NPM1+CEBPA,臺南市,癌症篩檢、診斷、治療及預後之基因檢測,2025,1,safe,安全・2025・近期,持續追蹤
2025LDTS00466,衛生福利部雙和醫院（委託臺北醫學大學興建經營）,國立成功大學基因體醫學中心,非侵入性產前染色體檢測-NIPT1.0,臺南市,產前及新生兒染色體與基因變異檢測,2025,1,safe,安全・2025・近期,持續追蹤
2025LDTS00467,衛生福利部雙和醫院（委託臺北醫學大學興建經營）,國立成功大學基因體醫學中心,非侵入性產前染色體檢測-NIPT2.0,臺南市,產前及新生兒染色體與基因變異檢測,2025,1,safe,安全・2025・近期,持續追蹤
2025LDTS00468,衛生福利部雙和醫院（委託臺北醫學大學興建經營）,國立成功大學基因體醫學中心,非侵入性產前染色體檢測-NIPT3.0,臺南市,產前及新生兒染色體與基因變異檢測,2025,1,safe,安全・2025・近期,持續追蹤
2025LDTS00292,衛生福利部雙和醫院（委託臺北醫學大學興建經營）,臺北醫學大學附設醫院病理科,非小細胞肺癌基因檢測套組 (πCode),臺北市,癌症篩檢、診斷、治療及預後之基因檢測,2025,1,safe,安全・2025・近期,持續追蹤
2025LDTS00435,許世賓婦產科診所,台灣生醫醫事檢驗所,X染色體脆折症FMR1基因分析,臺北市,產前及新生兒染色體與基因變異檢測,2025,1,safe,安全・2025・近期,持續追蹤
2025LDTS01050,許世賓婦產科診所,創源分生實驗室,孕知因多疾病帶因篩檢-安心版,臺北市,產前及新生兒染色體與基因變異檢測,2025,1,safe,安全・2025・近期,持續追蹤
2025LDTS00434,許世賓婦產科診所,台灣生醫醫事檢驗所,脊髓性肌肉萎縮症SMN基因分析,臺北市,產前及新生兒染色體與基因變異檢測,2025,1,safe,安全・2025・近期,持續追蹤
2025LDTS00866,許世賓婦產科診所,創源分生實驗室,腎小管發育不全基因檢測,臺北市,產前及新生兒染色體與基因變異檢測,2025,1,safe,安全・2025・近期,持續追蹤
2025LDTS01609,許世賓婦產科診所,創源分生實驗室,葉酸代謝基因檢測,臺北市,產前及新生兒染色體與基因變異檢測,2025,1,safe,安全・2025・近期,持續追蹤
2025LDTS01265,詠馨婦產科診所,創源分生實驗室,孕知因多疾病帶因篩檢-安心版,臺北市,產前及新生兒染色體與基因變異檢測,2025,1,safe,安全・2025・近期,持續追蹤
2025LDTS01748,詠馨婦產科診所,創源分生實驗室,脊髓性肌肉萎縮症帶因篩檢 （含空間排列錯置風險評估）,臺北市,產前及新生兒染色體與基因變異檢測,2025,1,safe,安全・2025・近期,持續追蹤
2025LDTS00709,詠馨婦產科診所,創源分生實驗室,腎小管發育不全基因檢測,臺北市,產前及新生兒染色體與基因變異檢測,2025,1,safe,安全・2025・近期,持續追蹤
2025LDTS01613,詠馨婦產科診所,創源分生實驗室,葉酸代謝基因檢測,臺北市,產前及新生兒染色體與基因變異檢測,2025,1,safe,安全・2025・近期,持續追蹤
2025LDTS01060,詠馨婦產科診所,創源分生實驗室,藥害性聽損基因檢測,臺北市,產前及新生兒染色體與基因變異檢測,2025,1,safe,安全・2025・近期,持續追蹤
2025LDTS00634,豐禾婦產科診所,創源分生實驗室,NIPT非侵入性胎兒染色體檢測Q寶PLUS三十八合一,臺北市,產前及新生兒染色體與基因變異檢測,2025,1,safe,安全・2025・近期,持續追蹤
2025LDTS00633,豐禾婦產科診所,創源分生實驗室,NIPT非侵入性胎兒染色體檢測Q寶PLUS十四合一,臺北市,產前及新生兒染色體與基因變異檢測,2025,1,safe,安全・2025・近期,持續追蹤
2025LDTS00635,豐禾婦產科診所,創源分生實驗室,Q寶PLUS+非侵入性胎兒染色體篩檢,臺北市,產前及新生兒染色體與基因變異檢測,2025,1,safe,安全・2025・近期,持續追蹤
2025LDTS00636,豐禾婦產科診所,創源分生實驗室,Q寶Ultra非侵入性胎兒染色體篩檢,臺北市,產前及新生兒染色體與基因變異檢測,2025,1,safe,安全・2025・近期,持續追蹤
2025LDTS00640,豐禾婦產科診所,創源分生實驗室,X染色體脆折症帶因篩檢,臺北市,產前及新生兒染色體與基因變異檢測,2025,1,safe,安全・2025・近期,持續追蹤
2025LDTS00643,豐禾婦產科診所,創源分生實驗室,孕知因多疾病帶因篩檢-安心版,臺北市,產前及新生兒染色體與基因變異檢測,2025,1,safe,安全・2025・近期,持續追蹤
2025LDTS00642,豐禾婦產科診所,創源分生實驗室,脊髓性肌肉萎縮症基因帶因篩檢 （含空間排列錯置風險評估）,臺北市,產前及新生兒染色體與基因變異檢測,2025,1,safe,安全・2025・近期,持續追蹤
2025LDTS00641,豐禾婦產科診所,創源分生實驗室,脊髓性肌肉萎縮症帶因篩檢,臺北市,產前及新生兒染色體與基因變異檢測,2025,1,safe,安全・2025・近期,持續追蹤
2025LDTS00637,豐禾婦產科診所,創源分生實驗室,腎小管發育不全基因檢測,臺北市,產前及新生兒染色體與基因變異檢測,2025,1,safe,安全・2025・近期,持續追蹤
2025LDTS00639,豐禾婦產科診所,創源分生實驗室,葉酸代謝基因檢測,臺北市,產前及新生兒染色體與基因變異檢測,2025,1,safe,安全・2025・近期,持續追蹤
2025LDTS00638,豐禾婦產科診所,創源分生實驗室,藥害性聽損基因檢測,臺北市,產前及新生兒染色體與基因變異檢測,2025,1,safe,安全・2025・近期,持續追蹤
2025LDTS01671,財團法人私立高雄醫學大學附設中和紀念醫院,金萬林實驗室,血液腫瘤用藥檢測,新北市,癌症篩檢、診斷、治療及預後之基因檢測,2025,1,safe,安全・2025・近期,持續追蹤
2025LDTS00914,財團法人私立高雄醫學大學附設高醫岡山醫院,慧智基因醫學實驗室,X染色體脆折症基因檢測-FMR1基因,臺北市,遺傳代謝與罕見疾病之基因檢測,2025,1,safe,安全・2025・近期,持續追蹤
2025LDTS00897,財團法人私立高雄醫學大學附設高醫岡山醫院,慧智基因醫學實驗室,子宮內膜癌基因分型,臺北市,癌症篩檢、診斷、治療及預後之基因檢測,2025,1,safe,安全・2025・近期,持續追蹤
2025LDTS00895,財團法人私立高雄醫學大學附設高醫岡山醫院,慧智基因醫學實驗室,慧智CGP癌症基因檢測（全方位癌症基因檢測）,臺北市,癌症篩檢、診斷、治療及預後之基因檢測,2025,1,safe,安全・2025・近期,持續追蹤
2025LDTS00896,財團法人私立高雄醫學大學附設高醫岡山醫院,慧智基因醫學實驗室,慧智HRD檢測,臺北市,癌症篩檢、診斷、治療及預後之基因檢測,2025,1,safe,安全・2025・近期,持續追蹤
2025LDTS00919,財團法人私立高雄醫學大學附設高醫岡山醫院,慧智基因醫學實驗室,慧智全方位複合式晶片檢測v1.0,臺北市,產前及新生兒染色體與基因變異檢測,2025,1,safe,安全・2025・近期,持續追蹤
2025LDTS00907,財團法人私立高雄醫學大學附設高醫岡山醫院,慧智基因醫學實驗室,慧智全方位複合式晶片檢測v2.0,臺北市,產前及新生兒染色體與基因變異檢測,2025,1,safe,安全・2025・近期,持續追蹤
2025LDTS00910,財團法人私立高雄醫學大學附設高醫岡山醫院,慧智基因醫學實驗室,慧智全方位複合式晶片檢測v3.0,臺北市,產前及新生兒染色體與基因變異檢測,2025,1,safe,安全・2025・近期,持續追蹤
2025LDTS00905,財團法人私立高雄醫學大學附設高醫岡山醫院,慧智基因醫學實驗室,慧智帶因篩檢v1.0,臺北市,遺傳代謝與罕見疾病之基因檢測,2025,1,safe,安全・2025・近期,持續追蹤
2025LDTS00903,財團法人私立高雄醫學大學附設高醫岡山醫院,慧智基因醫學實驗室,慧智帶因篩檢v2.0,臺北市,遺傳代謝與罕見疾病之基因檢測,2025,1,safe,安全・2025・近期,持續追蹤
2025LDTS00902,財團法人私立高雄醫學大學附設高醫岡山醫院,慧智基因醫學實驗室,慧智帶因篩檢v3.0,臺北市,遺傳代謝與罕見疾病之基因檢測,2025,1,safe,安全・2025・近期,持續追蹤
2025LDTS00899,財團法人私立高雄醫學大學附設高醫岡山醫院,慧智基因醫學實驗室,慧智癌風險-BRCA1/2基因檢測,臺北市,癌症篩檢、診斷、治療及預後之基因檢測,2025,1,safe,安全・2025・近期,持續追蹤
2025LDTS00900,財團法人私立高雄醫學大學附設高醫岡山醫院,慧智基因醫學實驗室,慧智癌風險-婦癌基因檢測,臺北市,癌症篩檢、診斷、治療及預後之基因檢測,2025,1,safe,安全・2025・近期,持續追蹤
2025LDTS00908,財團法人私立高雄醫學大學附設高醫岡山醫院,慧智基因醫學實驗室,慧智非侵產前染色體篩檢v1.0,臺北市,產前及新生兒染色體與基因變異檢測,2025,1,safe,安全・2025・近期,持續追蹤
2025LDTS00911,財團法人私立高雄醫學大學附設高醫岡山醫院,慧智基因醫學實驗室,慧智非侵產前染色體篩檢v2.0,臺北市,產前及新生兒染色體與基因變異檢測,2025,1,safe,安全・2025・近期,持續追蹤
2025LDTS00912,財團法人私立高雄醫學大學附設高醫岡山醫院,慧智基因醫學實驗室,慧智非侵產前染色體篩檢v3.0,臺北市,產前及新生兒染色體與基因變異檢測,2025,1,safe,安全・2025・近期,持續追蹤
2025LDTS00915,財團法人私立高雄醫學大學附設高醫岡山醫院,慧智基因醫學實驗室,胚胎著床前染色體篩檢,臺北市,產前及新生兒染色體與基因變異檢測,2025,1,safe,安全・2025・近期,持續追蹤
2025LDTS00913,財團法人私立高雄醫學大學附設高醫岡山醫院,慧智基因醫學實驗室,非侵入性胚胎著床前染色體篩檢,臺北市,產前及新生兒染色體與基因變異檢測,2025,1,safe,安全・2025・近期,持續追蹤
2025LDTS00402,賴愈凱婦產科診所,慧智基因醫學實驗室,慧智帶因篩檢v1.0,臺北市,遺傳代謝與罕見疾病之基因檢測,2025,1,safe,安全・2025・近期,持續追蹤
2025LDTS00401,賴愈凱婦產科診所,慧智基因醫學實驗室,慧智帶因篩檢v2.0,臺北市,遺傳代謝與罕見疾病之基因檢測,2025,1,safe,安全・2025・近期,持續追蹤
2025LDTS00400,賴愈凱婦產科診所,慧智基因醫學實驗室,慧智帶因篩檢v3.0,臺北市,遺傳代謝與罕見疾病之基因檢測,2025,1,safe,安全・2025・近期,持續追蹤
2025LDTS00403,賴愈凱婦產科診所,慧智基因醫學實驗室,海洋性貧血基因檢測-HBA、HBB基因,臺北市,遺傳代謝與罕見疾病之基因檢測,2025,1,safe,安全・2025・近期,持續追蹤
2025LDTS00404,賴愈凱婦產科診所,慧智基因醫學實驗室,葉酸代謝基因檢測-MTHFR基因,臺北市,遺傳代謝與罕見疾病之基因檢測,2025,1,safe,安全・2025・近期,持續追蹤
2025LDTS00815,輔仁大學學校財團法人輔仁大學附設醫院,欣奕醫事檢驗所,BRCA1/2癌症基因檢測（FFPE/Blood；東柏）,新北市,癌症篩檢、診斷、治療及預後之基因檢測,2025,1,safe,安全・2025・近期,持續追蹤
2025LDTS01939,輔仁大學學校財團法人輔仁大學附設醫院,華聯中心實驗室,CytoOneArray染色體晶片分析,新竹縣,產前及新生兒染色體與基因變異檢測,2025,1,safe,安全・2025・近期,持續追蹤
2025LDTS00565,輔仁大學學校財團法人輔仁大學附設醫院,金萬林實驗室,廣泛型癌症循環核酸檢測,新北市,癌症篩檢、診斷、治療及預後之基因檢測,2025,1,safe,安全・2025・近期,持續追蹤
2025LDTS01629,輔仁大學學校財團法人輔仁大學附設醫院,慧智基因醫學實驗室,慧智CGP癌症基因檢測,臺北市,癌症篩檢、診斷、治療及預後之基因檢測,2025,1,safe,安全・2025・近期,持續追蹤
2025LDTS01678,輔仁大學學校財團法人輔仁大學附設醫院,慧智基因醫學實驗室,慧智HRD檢測,臺北市,癌症篩檢、診斷、治療及預後之基因檢測,2025,1,safe,安全・2025・近期,持續追蹤
2025LDTS01628,輔仁大學學校財團法人輔仁大學附設醫院,慧智基因醫學實驗室,慧智癌監控基因檢測-肺癌,臺北市,癌症篩檢、診斷、治療及預後之基因檢測,2025,1,safe,安全・2025・近期,持續追蹤
2025LDTS00573,輔仁大學學校財團法人輔仁大學附設醫院,精準醫學核心實驗室,次世代定序白血病基因檢測,臺南市,癌症篩檢、診斷、治療及預後之基因檢測,2025,1,safe,安全・2025・近期,持續追蹤
2025LDTS00574,輔仁大學學校財團法人輔仁大學附設醫院,精準醫學核心實驗室,次世代定序骨髓型血液腫瘤基因檢測,臺南市,癌症篩檢、診斷、治療及預後之基因檢測,2025,1,safe,安全・2025・近期,持續追蹤
2025LDTS00069,輔仁大學學校財團法人輔仁大學附設醫院,金萬林實驗室,金萬林癌標靶用藥檢測,新北市,癌症篩檢、診斷、治療及預後之基因檢測,2025,1,safe,安全・2025・近期,持續追蹤
2025LDTS00113,輔英科技大學附設醫院,創源分生實驗室,NIPT非侵入性胎兒染色體檢測Q寶PLUS三十八合一,臺北市,產前及新生兒染色體與基因變異檢測,2025,1,safe,安全・2025・近期,持續追蹤
2025LDTS00112,輔英科技大學附設醫院,創源分生實驗室,NIPT非侵入性胎兒染色體檢測Q寶PLUS十四合一,臺北市,產前及新生兒染色體與基因變異檢測,2025,1,safe,安全・2025・近期,持續追蹤
2025LDTS01770,輔英科技大學附設醫院,慧智基因醫學實驗室,X染色體脆折症基因檢測-FMR1基因,臺北市,遺傳代謝與罕見疾病之基因檢測,2025,1,safe,安全・2025・近期,持續追蹤
2025LDTS01771,輔英科技大學附設醫院,慧智基因醫學實驗室,慧智全方位複合式晶片檢測v1.0,臺北市,產前及新生兒染色體與基因變異檢測,2025,1,safe,安全・2025・近期,持續追蹤
2025LDTS01772,輔英科技大學附設醫院,慧智基因醫學實驗室,慧智全方位複合式晶片檢測v2.0,臺北市,產前及新生兒染色體與基因變異檢測,2025,1,safe,安全・2025・近期,持續追蹤
2025LDTS01773,輔英科技大學附設醫院,慧智基因醫學實驗室,慧智全方位複合式晶片檢測v3.0,臺北市,產前及新生兒染色體與基因變異檢測,2025,1,safe,安全・2025・近期,持續追蹤
2025LDTS01774,輔英科技大學附設醫院,慧智基因醫學實驗室,慧智帶因篩檢v1.0,臺北市,遺傳代謝與罕見疾病之基因檢測,2025,1,safe,安全・2025・近期,持續追蹤
2025LDTS01775,輔英科技大學附設醫院,慧智基因醫學實驗室,慧智帶因篩檢v2.0,臺北市,遺傳代謝與罕見疾病之基因檢測,2025,1,safe,安全・2025・近期,持續追蹤
2025LDTS01776,輔英科技大學附設醫院,慧智基因醫學實驗室,慧智非侵產前染色體篩檢v1.0,臺北市,產前及新生兒染色體與基因變異檢測,2025,1,safe,安全・2025・近期,持續追蹤
2025LDTS01777,輔英科技大學附設醫院,慧智基因醫學實驗室,慧智非侵產前染色體篩檢v2.0,臺北市,產前及新生兒染色體與基因變異檢測,2025,1,safe,安全・2025・近期,持續追蹤
2025LDTS01778,輔英科技大學附設醫院,慧智基因醫學實驗室,慧智非侵產前染色體篩檢v3.0,臺北市,產前及新生兒染色體與基因變異檢測,2025,1,safe,安全・2025・近期,持續追蹤
2025LDTS01769,輔英科技大學附設醫院,慧智基因醫學實驗室,脊髓性肌肉萎縮症基因檢測-SMN基因,臺北市,產前及新生兒染色體與基因變異檢測,2025,1,safe,安全・2025・近期,持續追蹤
2025LDTS00825,辛英郎婦產科診所,創源分生實驗室,NIPT非侵入性胎兒染色體檢測Q寶PLUS三十八合一,臺北市,產前及新生兒染色體與基因變異檢測,2025,1,safe,安全・2025・近期,持續追蹤
2025LDTS00826,辛英郎婦產科診所,創源分生實驗室,藥害性聽損基因檢測,臺北市,產前及新生兒染色體與基因變異檢測,2025,1,safe,安全・2025・近期,持續追蹤
2025LDTS01828,迎杏福婦產科診所,英緹檢測服務實驗室,Embryo46胚胎著床前染色體非整倍體檢測,新竹縣,產前及新生兒染色體與基因變異檢測,2025,1,safe,安全・2025・近期,持續追蹤
2025LDTS01862,迎杏福婦產科診所,英緹檢測服務實驗室,PGT-A Pixl胚胎著床前染色體篩檢,新竹縣,產前及新生兒染色體與基因變異檢測,2025,1,safe,安全・2025・近期,持續追蹤
2025LDTS01408,迎杏福婦產科診所,創源分生實驗室,SNP+胚胎著床前染色體篩檢 SNP added Preimplantation Genetic Testing for Aneuploidies （SNP+ PGT-A）,臺北市,產前及新生兒染色體與基因變異檢測,2025,1,safe,安全・2025・近期,持續追蹤
2025LDTS01046,迎杏福婦產科診所,創源分生實驗室,孕知因多疾病帶因篩檢-安心版,臺北市,產前及新生兒染色體與基因變異檢測,2025,1,safe,安全・2025・近期,持續追蹤
2025LDTS01407,迎杏福婦產科診所,創源分生實驗室,胚胎著床前染色體篩檢SNP附加分析 Preimplantation Genetic Testing for Aneuploidies （PGT-A） and Additional SNP analysis,臺北市,產前及新生兒染色體與基因變異檢測,2025,1,safe,安全・2025・近期,持續追蹤
2025LDTS00854,迎杏福婦產科診所,創源分生實驗室,腎小管發育不全基因檢測,臺北市,產前及新生兒染色體與基因變異檢測,2025,1,safe,安全・2025・近期,持續追蹤
2025LDTS01562,迎杏福婦產科診所,創源分生實驗室,葉酸代謝基因檢測,臺北市,產前及新生兒染色體與基因變異檢測,2025,1,safe,安全・2025・近期,持續追蹤
2025LDTS01343,迎杏福婦產科診所,創源分生實驗室,藥害性聽損基因檢測,臺北市,產前及新生兒染色體與基因變異檢測,2025,1,safe,安全・2025・近期,持續追蹤
2025LDTS00479,連江縣立醫院,慧智基因醫學實驗室,先天中樞性換氣不足症候群基因檢測,臺北市,產前及新生兒染色體與基因變異檢測,2025,1,safe,安全・2025・近期,持續追蹤
2025LDTS00491,連江縣立醫院,慧智基因醫學實驗室,子宮內膜癌基因分型,臺北市,癌症篩檢、診斷、治療及預後之基因檢測,2025,1,safe,安全・2025・近期,持續追蹤
2025LDTS00480,連江縣立醫院,慧智基因醫學實驗室,感覺神經性聽損基因檢測,臺北市,產前及新生兒染色體與基因變異檢測,2025,1,safe,安全・2025・近期,持續追蹤
2025LDTS00489,連江縣立醫院,慧智基因醫學實驗室,慧智CGP癌症基因檢測（全方位癌症基因檢測）,臺北市,癌症篩檢、診斷、治療及預後之基因檢測,2025,1,safe,安全・2025・近期,持續追蹤
2025LDTS00490,連江縣立醫院,慧智基因醫學實驗室,慧智HRD檢測,臺北市,癌症篩檢、診斷、治療及預後之基因檢測,2025,1,safe,安全・2025・近期,持續追蹤
2025LDTS00488,連江縣立醫院,慧智基因醫學實驗室,慧智全方位複合式晶片檢測v1.0,臺北市,產前及新生兒染色體與基因變異檢測,2025,1,safe,安全・2025・近期,持續追蹤
2025LDTS00487,連江縣立醫院,慧智基因醫學實驗室,慧智全方位複合式晶片檢測v2.0,臺北市,產前及新生兒染色體與基因變異檢測,2025,1,safe,安全・2025・近期,持續追蹤
2025LDTS00486,連江縣立醫院,慧智基因醫學實驗室,慧智全方位複合式晶片檢測v3.0,臺北市,產前及新生兒染色體與基因變異檢測,2025,1,safe,安全・2025・近期,持續追蹤
2025LDTS00485,連江縣立醫院,慧智基因醫學實驗室,慧智帶因篩檢v2.0,臺北市,遺傳代謝與罕見疾病之基因檢測,2025,1,safe,安全・2025・近期,持續追蹤
2025LDTS00484,連江縣立醫院,慧智基因醫學實驗室,慧智帶因篩檢v3.0,臺北市,遺傳代謝與罕見疾病之基因檢測,2025,1,safe,安全・2025・近期,持續追蹤
2025LDTS00483,連江縣立醫院,慧智基因醫學實驗室,慧智新生兒基因篩檢v1.0,臺北市,產前及新生兒染色體與基因變異檢測,2025,1,safe,安全・2025・近期,持續追蹤
2025LDTS00482,連江縣立醫院,慧智基因醫學實驗室,慧智新生兒基因篩檢v2.0,臺北市,產前及新生兒染色體與基因變異檢測,2025,1,safe,安全・2025・近期,持續追蹤
2025LDTS00481,連江縣立醫院,慧智基因醫學實驗室,慧智新生兒基因篩檢v3.0,臺北市,產前及新生兒染色體與基因變異檢測,2025,1,safe,安全・2025・近期,持續追蹤
2025LDTS01307,連江縣立醫院,慧智基因醫學實驗室,慧智癌監控基因檢測-BRCA 1/2（組織）,臺北市,癌症篩檢、診斷、治療及預後之基因檢測,2025,1,safe,安全・2025・近期,持續追蹤
2025LDTS00477,連江縣立醫院,慧智基因醫學實驗室,異位性皮膚炎過敏基因檢測-FLG基因,臺北市,產前及新生兒染色體與基因變異檢測,2025,1,safe,安全・2025・近期,持續追蹤
2025LDTS00478,連江縣立醫院,慧智基因醫學實驗室,脊髓性肌肉萎縮症基因檢測-SMN基因,臺北市,產前及新生兒染色體與基因變異檢測,2025,1,safe,安全・2025・近期,持續追蹤
2025LDTS00093,遠祺婦產科診所,欣奕醫事檢驗所,非侵入性胎兒染色體基因檢測-NIFTY PLUS（單胞胎）（39項）,新北市,產前及新生兒染色體與基因變異檢測,2025,1,safe,安全・2025・近期,持續追蹤
2025LDTS00097,遠祺婦產科診所,欣奕醫事檢驗所,非侵入性胎兒染色體基因檢測-NIFTY PRO（單胞胎）（111項）,新北市,產前及新生兒染色體與基因變異檢測,2025,1,safe,安全・2025・近期,持續追蹤
2025LDTS00090,遠祺婦產科診所,欣奕醫事檢驗所,非侵入性胎兒染色體基因檢測-NIFTY（單胞胎）（7項）,新北市,產前及新生兒染色體與基因變異檢測,2025,1,safe,安全・2025・近期,持續追蹤
2025LDTS00087,遠祺婦產科診所,欣奕醫事檢驗所,非侵入性胎兒染色體基因檢測-NIFTY（雙胞胎）（3項）,新北市,產前及新生兒染色體與基因變異檢測,2025,1,safe,安全・2025・近期,持續追蹤
2025LDTS02031,遠興婦產科診所,創源分生實驗室,NIPT非侵入性胎兒染色體檢測Q寶PLUS三十八合一,臺北市,產前及新生兒染色體與基因變異檢測,2025,1,safe,安全・2025・近期,持續追蹤
2025LDTS02030,遠興婦產科診所,創源分生實驗室,NIPT非侵入性胎兒染色體檢測Q寶PLUS十四合一,臺北市,產前及新生兒染色體與基因變異檢測,2025,1,safe,安全・2025・近期,持續追蹤
2025LDTS02028,遠興婦產科診所,創源分生實驗室,SNP晶片染色體篩檢-750K,臺北市,產前及新生兒染色體與基因變異檢測,2025,1,safe,安全・2025・近期,持續追蹤
2025LDTS02029,遠興婦產科診所,創源分生實驗室,X染色體脆折症帶因篩檢,臺北市,產前及新生兒染色體與基因變異檢測,2025,1,safe,安全・2025・近期,持續追蹤
2025LDTS02024,遠興婦產科診所,創源分生實驗室,孕知因多疾病帶因篩檢-安心版,臺北市,產前及新生兒染色體與基因變異檢測,2025,1,safe,安全・2025・近期,持續追蹤
2025LDTS01886,遠興婦產科診所,創源分生實驗室,脊髓性肌肉萎縮症帶因篩檢,臺北市,產前及新生兒染色體與基因變異檢測,2025,1,safe,安全・2025・近期,持續追蹤
2025LDTS02025,遠興婦產科診所,創源分生實驗室,脊髓性肌肉萎縮症帶因篩檢 （含空間排列錯置風險評估）,臺北市,產前及新生兒染色體與基因變異檢測,2025,1,safe,安全・2025・近期,持續追蹤
2025LDTS02022,遠興婦產科診所,創源分生實驗室,腎小管發育不全基因檢測,臺北市,產前及新生兒染色體與基因變異檢測,2025,1,safe,安全・2025・近期,持續追蹤
2025LDTS02026,遠興婦產科診所,創源分生實驗室,葉酸代謝基因檢測,臺北市,產前及新生兒染色體與基因變異檢測,2025,1,safe,安全・2025・近期,持續追蹤
2025LDTS02023,遠興婦產科診所,創源分生實驗室,藥害性聽損基因檢測,臺北市,產前及新生兒染色體與基因變異檢測,2025,1,safe,安全・2025・近期,持續追蹤
2025LDTS01042,邱正義婦產科診所,創源分生實驗室,孕知因多疾病帶因篩檢-安心版,臺北市,產前及新生兒染色體與基因變異檢測,2025,1,safe,安全・2025・近期,持續追蹤
2025LDTS00689,邱正義婦產科診所,創源分生實驗室,腎小管發育不全基因檢測,臺北市,產前及新生兒染色體與基因變異檢測,2025,1,safe,安全・2025・近期,持續追蹤
2025LDTS01600,邱正義婦產科診所,創源分生實驗室,葉酸代謝基因檢測,臺北市,產前及新生兒染色體與基因變異檢測,2025,1,safe,安全・2025・近期,持續追蹤
2025LDTS01382,郭綜合醫院,慧智基因醫學實驗室,慧智癌監控基因檢測-BRCA 1/2（組織）,臺北市,癌症篩檢、診斷、治療及預後之基因檢測,2025,1,safe,安全・2025・近期,持續追蹤
2025LDTS01810,醫療財團法人徐元智先生醫藥基金會亞東紀念醫院,行動基因臨床分子醫學實驗室,ACTFusion癌融克癌症基因檢測,臺北市,癌症篩檢、診斷、治療及預後之基因檢測,2025,1,safe,安全・2025・近期,持續追蹤
2025LDTS01811,醫療財團法人徐元智先生醫藥基金會亞東紀念醫院,行動基因臨床分子醫學實驗室,ACTLung肺核克癌症基因檢測,臺北市,癌症篩檢、診斷、治療及預後之基因檢測,2025,1,safe,安全・2025・近期,持續追蹤
2025LDTS01053,醫療財團法人徐元智先生醫藥基金會亞東紀念醫院,金萬林實驗室,血液腫瘤用藥檢測,新北市,癌症篩檢、診斷、治療及預後之基因檢測,2025,1,safe,安全・2025・近期,持續追蹤
2025LDTS01378,醫療財團法人病理發展基金會台北病理中心,醫療財團法人病理發展基金會台北病理中心,Oncomine Precision Assay次世代定序基因檢測,臺北市,癌症篩檢、診斷、治療及預後之基因檢測,2025,1,safe,安全・2025・近期,持續追蹤
2025LDTS01962,醫療財團法人羅許基金會羅東博愛醫院,病理部,BRAF基因檢測,臺北市,癌症篩檢、診斷、治療及預後之基因檢測,2025,1,safe,安全・2025・近期,持續追蹤
2025LDTS01963,醫療財團法人羅許基金會羅東博愛醫院,病理部,MDM2/FUS/SS18/CDKN2A螢光原位雜交檢驗,臺北市,癌症篩檢、診斷、治療及預後之基因檢測,2025,1,safe,安全・2025・近期,持續追蹤
2025LDTS01825,醫療財團法人羅許基金會羅東博愛醫院,奇美醫療財團法人奇美醫院精準醫學核心實驗室,"c-KIT exon9, 11, 13, 17 基因突變檢測",臺南市,癌症篩檢、診斷、治療及預後之基因檢測,2025,1,safe,安全・2025・近期,持續追蹤
2025LDTS01964,醫療財團法人羅許基金會羅東博愛醫院,病理部,染色體1p/19q缺失缺損螢光原位雜交檢驗,臺北市,癌症篩檢、診斷、治療及預後之基因檢測,2025,1,safe,安全・2025・近期,持續追蹤
2025LDTS01730,醫療財團法人辜公亮基金會和信治癌中心醫院,慧智基因醫學實驗室,慧智HRD檢測,臺北市,癌症篩檢、診斷、治療及預後之基因檢測,2025,1,safe,安全・2025・近期,持續追蹤
2025LDTS01856,采新婦幼診所,創源分生實驗室,NIPT非侵入性胎兒染色體檢測Q寶PLUS三十八合一,臺北市,產前及新生兒染色體與基因變異檢測,2025,1,safe,安全・2025・近期,持續追蹤
2025LDTS01855,采新婦幼診所,創源分生實驗室,NIPT非侵入性胎兒染色體檢測Q寶PLUS十四合一,臺北市,產前及新生兒染色體與基因變異檢測,2025,1,safe,安全・2025・近期,持續追蹤
2025LDTS01742,采新婦幼診所,創源分生實驗室,X染色體脆折症帶因篩檢,臺北市,產前及新生兒染色體與基因變異檢測,2025,1,safe,安全・2025・近期,持續追蹤
2025LDTS01045,采新婦幼診所,創源分生實驗室,孕知因多疾病帶因篩檢-安心版,臺北市,產前及新生兒染色體與基因變異檢測,2025,1,safe,安全・2025・近期,持續追蹤
2025LDTS01743,采新婦幼診所,創源分生實驗室,脊髓性肌肉萎縮症帶因篩檢,臺北市,產前及新生兒染色體與基因變異檢測,2025,1,safe,安全・2025・近期,持續追蹤
2025LDTS01744,采新婦幼診所,創源分生實驗室,脊髓性肌肉萎縮症帶因篩檢 （含空間排列錯置風險評估）,臺北市,產前及新生兒染色體與基因變異檢測,2025,1,safe,安全・2025・近期,持續追蹤
2025LDTS00683,采新婦幼診所,創源分生實驗室,腎小管發育不全基因檢測,臺北市,產前及新生兒染色體與基因變異檢測,2025,1,safe,安全・2025・近期,持續追蹤
2025LDTS01601,采新婦幼診所,創源分生實驗室,葉酸代謝基因檢測,臺北市,產前及新生兒染色體與基因變異檢測,2025,1,safe,安全・2025・近期,持續追蹤
2025LDTS01390,采新婦幼診所,創源分生實驗室,藥害性聽損基因檢測,臺北市,產前及新生兒染色體與基因變異檢測,2025,1,safe,安全・2025・近期,持續追蹤
2025LDTS01507,金厚生診所,英緹檢測服務實驗室,Embryo46胚胎著床前染色體非整倍體檢測,新竹縣,產前及新生兒染色體與基因變異檢測,2025,1,safe,安全・2025・近期,持續追蹤
2025LDTS01529,金厚生診所,創源分生實驗室,NIPT非侵入性胎兒染色體檢測Q寶,臺北市,產前及新生兒染色體與基因變異檢測,2025,1,safe,安全・2025・近期,持續追蹤
2025LDTS01531,金厚生診所,創源分生實驗室,NIPT非侵入性胎兒染色體檢測Q寶PLUS三十八合一,臺北市,產前及新生兒染色體與基因變異檢測,2025,1,safe,安全・2025・近期,持續追蹤
2025LDTS01530,金厚生診所,創源分生實驗室,NIPT非侵入性胎兒染色體檢測Q寶PLUS十四合一,臺北市,產前及新生兒染色體與基因變異檢測,2025,1,safe,安全・2025・近期,持續追蹤
2025LDTS01871,金厚生診所,英緹檢測服務實驗室,PGT-A Pixl胚胎著床前染色體篩檢,新竹縣,產前及新生兒染色體與基因變異檢測,2025,1,safe,安全・2025・近期,持續追蹤
2025LDTS01532,金厚生診所,創源分生實驗室,Q寶PLUS+非侵入性胎兒染色體篩檢,臺北市,產前及新生兒染色體與基因變異檢測,2025,1,safe,安全・2025・近期,持續追蹤
2025LDTS01533,金厚生診所,創源分生實驗室,Q寶Ultra非侵入性胎兒染色體篩檢,臺北市,產前及新生兒染色體與基因變異檢測,2025,1,safe,安全・2025・近期,持續追蹤
2025LDTS01519,金厚生診所,創源分生實驗室,SNP+胚胎著床前染色體篩檢 SNP added Preimplantation Genetic Testing for Aneuploidies （SNP+ PGT-A）,臺北市,產前及新生兒染色體與基因變異檢測,2025,1,safe,安全・2025・近期,持續追蹤
2025LDTS01527,金厚生診所,創源分生實驗室,SNP晶片染色體篩檢-750K,臺北市,產前及新生兒染色體與基因變異檢測,2025,1,safe,安全・2025・近期,持續追蹤
2025LDTS01528,金厚生診所,創源分生實驗室,SNP晶片染色體篩檢-HD,臺北市,產前及新生兒染色體與基因變異檢測,2025,1,safe,安全・2025・近期,持續追蹤
2025LDTS01523,金厚生診所,創源分生實驗室,X染色體脆折症帶因篩檢,臺北市,產前及新生兒染色體與基因變異檢測,2025,1,safe,安全・2025・近期,持續追蹤
2025LDTS01518,金厚生診所,創源分生實驗室,孕知因多疾病帶因篩檢-安心版,臺北市,產前及新生兒染色體與基因變異檢測,2025,1,safe,安全・2025・近期,持續追蹤
2025LDTS01516,金厚生診所,創源分生實驗室,胚胎著床前染色體篩檢 Preimplantation Genetic Testing for Aneuploidies （PGT-A）,臺北市,產前及新生兒染色體與基因變異檢測,2025,1,safe,安全・2025・近期,持續追蹤
2025LDTS01517,金厚生診所,創源分生實驗室,胚胎著床前染色體篩檢SNP附加分析 Preimplantation Genetic Testing for Aneuploidies （PGT-A） and Additional SNP analysis,臺北市,產前及新生兒染色體與基因變異檢測,2025,1,safe,安全・2025・近期,持續追蹤
2025LDTS01524,金厚生診所,創源分生實驗室,脊髓性肌肉萎縮症帶因篩檢,臺北市,產前及新生兒染色體與基因變異檢測,2025,1,safe,安全・2025・近期,持續追蹤
2025LDTS01525,金厚生診所,創源分生實驗室,脊髓性肌肉萎縮症帶因篩檢 （含空間排列錯置風險評估）,臺北市,產前及新生兒染色體與基因變異檢測,2025,1,safe,安全・2025・近期,持續追蹤
2025LDTS01520,金厚生診所,創源分生實驗室,腎小管發育不全基因檢測,臺北市,產前及新生兒染色體與基因變異檢測,2025,1,safe,安全・2025・近期,持續追蹤
2025LDTS01522,金厚生診所,創源分生實驗室,葉酸代謝基因檢測,臺北市,產前及新生兒染色體與基因變異檢測,2025,1,safe,安全・2025・近期,持續追蹤
2025LDTS01521,金厚生診所,創源分生實驗室,藥害性聽損基因檢測,臺北市,產前及新生兒染色體與基因變異檢測,2025,1,safe,安全・2025・近期,持續追蹤
2025LDTS01004,金安心醫院,慧智基因醫學實驗室,慧智全方位複合式晶片檢測v3.0,臺北市,產前及新生兒染色體與基因變異檢測,2025,1,safe,安全・2025・近期,持續追蹤
2025LDTS01429,金禾美診所,慧智基因醫學實驗室,X染色體脆折症基因檢測-FMR1基因,臺北市,遺傳代謝與罕見疾病之基因檢測,2025,1,safe,安全・2025・近期,持續追蹤
2025LDTS01434,金禾美診所,慧智基因醫學實驗室,慧智全方位複合式晶片檢測v1.0,臺北市,產前及新生兒染色體與基因變異檢測,2025,1,safe,安全・2025・近期,持續追蹤
2025LDTS01435,金禾美診所,慧智基因醫學實驗室,慧智全方位複合式晶片檢測v2.0,臺北市,產前及新生兒染色體與基因變異檢測,2025,1,safe,安全・2025・近期,持續追蹤
2025LDTS01436,金禾美診所,慧智基因醫學實驗室,慧智全方位複合式晶片檢測v3.0,臺北市,產前及新生兒染色體與基因變異檢測,2025,1,safe,安全・2025・近期,持續追蹤
2025LDTS01441,金禾美診所,慧智基因醫學實驗室,慧智帶因篩檢v1.0,臺北市,遺傳代謝與罕見疾病之基因檢測,2025,1,safe,安全・2025・近期,持續追蹤
2025LDTS01442,金禾美診所,慧智基因醫學實驗室,慧智帶因篩檢v2.0,臺北市,遺傳代謝與罕見疾病之基因檢測,2025,1,safe,安全・2025・近期,持續追蹤
2025LDTS01443,金禾美診所,慧智基因醫學實驗室,慧智帶因篩檢v3.0,臺北市,遺傳代謝與罕見疾病之基因檢測,2025,1,safe,安全・2025・近期,持續追蹤
2025LDTS01437,金禾美診所,慧智基因醫學實驗室,慧智非侵產前染色體篩檢v1.0,臺北市,產前及新生兒染色體與基因變異檢測,2025,1,safe,安全・2025・近期,持續追蹤
2025LDTS01439,金禾美診所,慧智基因醫學實驗室,慧智非侵產前染色體篩檢v2.0,臺北市,產前及新生兒染色體與基因變異檢測,2025,1,safe,安全・2025・近期,持續追蹤
2025LDTS01440,金禾美診所,慧智基因醫學實驗室,慧智非侵產前染色體篩檢v3.0,臺北市,產前及新生兒染色體與基因變異檢測,2025,1,safe,安全・2025・近期,持續追蹤
2025LDTS01433,金禾美診所,慧智基因醫學實驗室,海洋性貧血基因檢測-HBA、HBB基因,臺北市,遺傳代謝與罕見疾病之基因檢測,2025,1,safe,安全・2025・近期,持續追蹤
2025LDTS01431,金禾美診所,慧智基因醫學實驗室,異位性皮膚炎過敏基因檢測-FLG基因,臺北市,產前及新生兒染色體與基因變異檢測,2025,1,safe,安全・2025・近期,持續追蹤
2025LDTS01428,金禾美診所,慧智基因醫學實驗室,脊髓性肌肉萎縮症基因檢測-SMN基因,臺北市,產前及新生兒染色體與基因變異檢測,2025,1,safe,安全・2025・近期,持續追蹤
2025LDTS00107,金郁婦產科診所,欣奕醫事檢驗所,X染色體脆折症基因檢測,新北市,遺傳代謝與罕見疾病之基因檢測,2025,1,safe,安全・2025・近期,持續追蹤
2025LDTS00109,金郁婦產科診所,欣奕醫事檢驗所,亨丁頓舞蹈症基因檢測,新北市,遺傳代謝與罕見疾病之基因檢測,2025,1,safe,安全・2025・近期,持續追蹤
2025LDTS00108,金郁婦產科診所,欣奕醫事檢驗所,脊髓性肌肉萎縮症基因檢測,新北市,遺傳代謝與罕見疾病之基因檢測,2025,1,safe,安全・2025・近期,持續追蹤
2025LDTS00110,金郁婦產科診所,欣奕醫事檢驗所,葉酸代謝基因檢測,新北市,遺傳代謝與罕見疾病之基因檢測,2025,1,safe,安全・2025・近期,持續追蹤
2025LDTS00104,金郁婦產科診所,欣奕醫事檢驗所,非侵入性胎兒染色體基因檢測-NIFTY PLUS（單胞胎）（39項）,新北市,產前及新生兒染色體與基因變異檢測,2025,1,safe,安全・2025・近期,持續追蹤
2025LDTS00105,金郁婦產科診所,欣奕醫事檢驗所,非侵入性胎兒染色體基因檢測-NIFTY PRO（單胞胎）（111項）,新北市,產前及新生兒染色體與基因變異檢測,2025,1,safe,安全・2025・近期,持續追蹤
2025LDTS00103,金郁婦產科診所,欣奕醫事檢驗所,非侵入性胎兒染色體基因檢測-NIFTY（單胞胎）（7項）,新北市,產前及新生兒染色體與基因變異檢測,2025,1,safe,安全・2025・近期,持續追蹤
2025LDTS00101,金郁婦產科診所,欣奕醫事檢驗所,非侵入性胎兒染色體基因檢測-NIFTY（雙胞胎）（3項）,新北市,產前及新生兒染色體與基因變異檢測,2025,1,safe,安全・2025・近期,持續追蹤
2025LDTS01289,錫安婦產科內科診所,創源分生實驗室,孕知因多疾病帶因篩檢-安心版,臺北市,產前及新生兒染色體與基因變異檢測,2025,1,safe,安全・2025・近期,持續追蹤
2025LDTS01290,錫安婦產科內科診所,創源分生實驗室,腎小管發育不全基因檢測,臺北市,產前及新生兒染色體與基因變異檢測,2025,1,safe,安全・2025・近期,持續追蹤
2025LDTS01761,錫安婦產科內科診所,創源分生實驗室,葉酸代謝基因檢測,臺北市,產前及新生兒染色體與基因變異檢測,2025,1,safe,安全・2025・近期,持續追蹤
2025LDTS01394,錫安婦產科內科診所,創源分生實驗室,藥害性聽損基因檢測,臺北市,產前及新生兒染色體與基因變異檢測,2025,1,safe,安全・2025・近期,持續追蹤
2025LDTS00170,鍾婦產科診所,欣奕醫事檢驗所,X染色體脆折症基因檢測,新北市,遺傳代謝與罕見疾病之基因檢測,2025,1,safe,安全・2025・近期,持續追蹤
2025LDTS00172,鍾婦產科診所,欣奕醫事檢驗所,亨丁頓舞蹈症基因檢測,新北市,遺傳代謝與罕見疾病之基因檢測,2025,1,safe,安全・2025・近期,持續追蹤
2025LDTS00171,鍾婦產科診所,欣奕醫事檢驗所,脊髓性肌肉萎縮症基因檢測,新北市,遺傳代謝與罕見疾病之基因檢測,2025,1,safe,安全・2025・近期,持續追蹤
2025LDTS00173,鍾婦產科診所,欣奕醫事檢驗所,葉酸代謝基因檢測,新北市,遺傳代謝與罕見疾病之基因檢測,2025,1,safe,安全・2025・近期,持續追蹤
2025LDTS01358,長庚醫療財團法人台北長庚紀念醫院,行動基因臨床分子醫學實驗室,ACTHRD帕癌檢癌症基因檢,臺北市,癌症篩檢、診斷、治療及預後之基因檢測,2025,1,safe,安全・2025・近期,持續追蹤
2025LDTS01703,長庚醫療財團法人台北長庚紀念醫院,林口長庚紀念醫院 檢驗醫學部,POLE基因檢測,桃園市,癌症篩檢、診斷、治療及預後之基因檢測,2025,1,safe,安全・2025・近期,持續追蹤
2025LDTS01489,長庚醫療財團法人嘉義長庚紀念醫院,高雄長庚醫院檢驗醫學部,Y染色體缺失檢測,高雄市,遺傳代謝與罕見疾病之基因檢測,2025,1,safe,安全・2025・近期,持續追蹤
2025LDTS01487,長庚醫療財團法人嘉義長庚紀念醫院,高雄長庚醫院檢驗醫學部,粒線體疾病常見突變點套組分析,高雄市,遺傳代謝與罕見疾病之基因檢測,2025,1,safe,安全・2025・近期,持續追蹤
2025LDTS01488,長庚醫療財團法人嘉義長庚紀念醫院,高雄長庚醫院檢驗醫學部,雷特氏症MECP2基因檢測,高雄市,遺傳代謝與罕見疾病之基因檢測,2025,1,safe,安全・2025・近期,持續追蹤
2025LDTS01700,長庚醫療財團法人基隆長庚紀念醫院,林口長庚紀念醫院 檢驗醫學部,POLE基因檢測,桃園市,癌症篩檢、診斷、治療及預後之基因檢測,2025,1,safe,安全・2025・近期,持續追蹤
2025LDTS01317,長庚醫療財團法人林口長庚紀念醫院,高雄長庚紀念醫院檢驗醫學部,Y染色體缺失檢測,高雄市,遺傳代謝與罕見疾病之基因檢測,2025,1,safe,安全・2025・近期,持續追蹤
2025LDTS01310,長庚醫療財團法人林口長庚紀念醫院,高雄長庚紀念醫院檢驗醫學部,粒線體疾病常見突變點套組分析,高雄市,遺傳代謝與罕見疾病之基因檢測,2025,1,safe,安全・2025・近期,持續追蹤
2025LDTS01258,長庚醫療財團法人林口長庚紀念醫院,高雄長庚紀念醫院檢驗醫學部,雷特氏症MECP2基因檢測,高雄市,遺傳代謝與罕見疾病之基因檢測,2025,1,safe,安全・2025・近期,持續追蹤
2025LDTS01660,長庚醫療財團法人桃園長庚紀念醫院,行動基因臨床分子醫學實驗室,ACTHRD帕癌檢癌症基因檢測,臺北市,癌症篩檢、診斷、治療及預後之基因檢測,2025,1,safe,安全・2025・近期,持續追蹤
2025LDTS01702,長庚醫療財團法人桃園長庚紀念醫院,林口長庚紀念醫院 檢驗醫學部,POLE基因檢測,桃園市,癌症篩檢、診斷、治療及預後之基因檢測,2025,1,safe,安全・2025・近期,持續追蹤
2025LDTS00175,長庚醫療財團法人高雄長庚紀念醫院,林口長庚紀念醫院檢驗醫學部,POLE基因檢測,桃園市,癌症篩檢、診斷、治療及預後之基因檢測,2025,1,safe,安全・2025・近期,持續追蹤
2025LDTS01277,陳澤彥婦產科醫院,創源分生實驗室,孕知因多疾病帶因篩檢-安心版,臺北市,產前及新生兒染色體與基因變異檢測,2025,1,safe,安全・2025・近期,持續追蹤
2025LDTS00863,陳澤彥婦產科醫院,創源分生實驗室,腎小管發育不全基因檢測,臺北市,產前及新生兒染色體與基因變異檢測,2025,1,safe,安全・2025・近期,持續追蹤
2025LDTS00830,陳玲玲婦產科診所,創源分生實驗室,NIPT非侵入性胎兒染色體檢測Q寶,臺北市,產前及新生兒染色體與基因變異檢測,2025,1,safe,安全・2025・近期,持續追蹤
2025LDTS00840,陳玲玲婦產科診所,創源分生實驗室,NIPT非侵入性胎兒染色體檢測Q寶PLUS三十八合一,臺北市,產前及新生兒染色體與基因變異檢測,2025,1,safe,安全・2025・近期,持續追蹤
2025LDTS00839,陳玲玲婦產科診所,創源分生實驗室,NIPT非侵入性胎兒染色體檢測Q寶PLUS十四合一,臺北市,產前及新生兒染色體與基因變異檢測,2025,1,safe,安全・2025・近期,持續追蹤
2025LDTS00750,陳玲玲婦產科診所,慧智基因醫學實驗室,X染色體脆折症基因檢測-FMR1基因,臺北市,遺傳代謝與罕見疾病之基因檢測,2025,1,safe,安全・2025・近期,持續追蹤
2025LDTS00828,陳玲玲婦產科診所,創源分生實驗室,X染色體脆折症帶因篩檢,臺北市,產前及新生兒染色體與基因變異檢測,2025,1,safe,安全・2025・近期,持續追蹤
2025LDTS00829,陳玲玲婦產科診所,創源分生實驗室,唐氏症次世代定序篩檢,臺北市,產前及新生兒染色體與基因變異檢測,2025,1,safe,安全・2025・近期,持續追蹤
2025LDTS00755,陳玲玲婦產科診所,慧智基因醫學實驗室,慧智帶因篩檢v1.0,臺北市,遺傳代謝與罕見疾病之基因檢測,2025,1,safe,安全・2025・近期,持續追蹤
2025LDTS00756,陳玲玲婦產科診所,慧智基因醫學實驗室,慧智帶因篩檢v2.0,臺北市,遺傳代謝與罕見疾病之基因檢測,2025,1,safe,安全・2025・近期,持續追蹤
2025LDTS00757,陳玲玲婦產科診所,慧智基因醫學實驗室,慧智帶因篩檢v3.0,臺北市,遺傳代謝與罕見疾病之基因檢測,2025,1,safe,安全・2025・近期,持續追蹤
2025LDTS00752,陳玲玲婦產科診所,慧智基因醫學實驗室,慧智非侵產前染色體篩檢v1.0,臺北市,產前及新生兒染色體與基因變異檢測,2025,1,safe,安全・2025・近期,持續追蹤
2025LDTS00753,陳玲玲婦產科診所,慧智基因醫學實驗室,慧智非侵產前染色體篩檢v2.0,臺北市,產前及新生兒染色體與基因變異檢測,2025,1,safe,安全・2025・近期,持續追蹤
2025LDTS00754,陳玲玲婦產科診所,慧智基因醫學實驗室,慧智非侵產前染色體篩檢v3.0,臺北市,產前及新生兒染色體與基因變異檢測,2025,1,safe,安全・2025・近期,持續追蹤
2025LDTS00751,陳玲玲婦產科診所,慧智基因醫學實驗室,海洋性貧血基因檢測-HBA、HBB基因,臺北市,遺傳代謝與罕見疾病之基因檢測,2025,1,safe,安全・2025・近期,持續追蹤
2025LDTS00749,陳玲玲婦產科診所,慧智基因醫學實驗室,脊髓性肌肉萎縮症基因檢測-SMN基因,臺北市,產前及新生兒染色體與基因變異檢測,2025,1,safe,安全・2025・近期,持續追蹤
2025LDTS00889,陳玲玲婦產科診所,創源分生實驗室,脊髓性肌肉萎縮症帶因篩檢,臺北市,產前及新生兒染色體與基因變異檢測,2025,1,safe,安全・2025・近期,持續追蹤
2025LDTS00894,陳玲玲婦產科診所,創源分生實驗室,脊髓性肌肉萎縮症帶因篩檢 （含空間排列錯置風險評估）,臺北市,產前及新生兒染色體與基因變異檢測,2025,1,safe,安全・2025・近期,持續追蹤
2025LDTS01858,雷世陽婦產科診所,創源分生實驗室,NIPT非侵入性胎兒染色體檢測Q寶,臺北市,產前及新生兒染色體與基因變異檢測,2025,1,safe,安全・2025・近期,持續追蹤
2025LDTS01860,雷世陽婦產科診所,創源分生實驗室,NIPT非侵入性胎兒染色體檢測Q寶PLUS三十八合一,臺北市,產前及新生兒染色體與基因變異檢測,2025,1,safe,安全・2025・近期,持續追蹤
2025LDTS01859,雷世陽婦產科診所,創源分生實驗室,NIPT非侵入性胎兒染色體檢測Q寶PLUS十四合一,臺北市,產前及新生兒染色體與基因變異檢測,2025,1,safe,安全・2025・近期,持續追蹤
2025LDTS01755,雷世陽婦產科診所,創源分生實驗室,X染色體脆折症帶因篩檢,臺北市,產前及新生兒染色體與基因變異檢測,2025,1,safe,安全・2025・近期,持續追蹤
2025LDTS01857,雷世陽婦產科診所,創源分生實驗室,唐氏症次世代定序篩檢,臺北市,產前及新生兒染色體與基因變異檢測,2025,1,safe,安全・2025・近期,持續追蹤
2025LDTS01044,雷世陽婦產科診所,創源分生實驗室,孕知因多疾病帶因篩檢-安心版,臺北市,產前及新生兒染色體與基因變異檢測,2025,1,safe,安全・2025・近期,持續追蹤
2025LDTS01753,雷世陽婦產科診所,創源分生實驗室,脊髓性肌肉萎縮症帶因篩檢,臺北市,產前及新生兒染色體與基因變異檢測,2025,1,safe,安全・2025・近期,持續追蹤
2025LDTS01754,雷世陽婦產科診所,創源分生實驗室,脊髓性肌肉萎縮症帶因篩檢 （含空間排列錯置風險評估）,臺北市,產前及新生兒染色體與基因變異檢測,2025,1,safe,安全・2025・近期,持續追蹤
2025LDTS00665,雷世陽婦產科診所,創源分生實驗室,腎小管發育不全基因檢測,臺北市,產前及新生兒染色體與基因變異檢測,2025,1,safe,安全・2025・近期,持續追蹤
2025LDTS01669,雷世陽婦產科診所,創源分生實驗室,葉酸代謝基因檢測,臺北市,產前及新生兒染色體與基因變異檢測,2025,1,safe,安全・2025・近期,持續追蹤
2025LDTS01393,雷世陽婦產科診所,創源分生實驗室,藥害性聽損基因檢測,臺北市,產前及新生兒染色體與基因變異檢測,2025,1,safe,安全・2025・近期,持續追蹤
2025LDTS00202,顏明通婦產科診所,創源分生實驗室,X染色體脆折症帶因篩檢,臺北市,產前及新生兒染色體與基因變異檢測,2025,1,safe,安全・2025・近期,持續追蹤
2025LDTS00203,顏明通婦產科診所,創源分生實驗室,脊髓性肌肉萎縮症帶因篩檢,臺北市,產前及新生兒染色體與基因變異檢測,2025,1,safe,安全・2025・近期,持續追蹤
2025LDTS00205,顏明通婦產科診所,創源分生實驗室,腎小管發育不全基因檢測,臺北市,產前及新生兒染色體與基因變異檢測,2025,1,safe,安全・2025・近期,持續追蹤
2025LDTS00201,顏明通婦產科診所,創源分生實驗室,葉酸代謝基因檢測,臺北市,產前及新生兒染色體與基因變異檢測,2025,1,safe,安全・2025・近期,持續追蹤
2025LDTS00204,顏明通婦產科診所,創源分生實驗室,藥害性聽損基因檢測,臺北市,產前及新生兒染色體與基因變異檢測,2025,1,safe,安全・2025・近期,持續追蹤
2025LDTS00616,馨生婦產科小兒科診所,創源分生實驗室,孕知因多疾病帶因篩檢-安心版,臺北市,產前及新生兒染色體與基因變異檢測,2025,1,safe,安全・2025・近期,持續追蹤
2025LDTS00361,馨生婦產科小兒科診所,慧智基因醫學實驗室,慧智帶因篩檢v1.0,臺北市,遺傳代謝與罕見疾病之基因檢測,2025,1,safe,安全・2025・近期,持續追蹤
2025LDTS00360,馨生婦產科小兒科診所,慧智基因醫學實驗室,慧智帶因篩檢v2.0,臺北市,遺傳代謝與罕見疾病之基因檢測,2025,1,safe,安全・2025・近期,持續追蹤
2025LDTS00359,馨生婦產科小兒科診所,慧智基因醫學實驗室,慧智帶因篩檢v3.0,臺北市,遺傳代謝與罕見疾病之基因檢測,2025,1,safe,安全・2025・近期,持續追蹤
2025LDTS00357,馨生婦產科小兒科診所,慧智基因醫學實驗室,慧智新生兒基因篩檢v2.0,臺北市,產前及新生兒染色體與基因變異檢測,2025,1,safe,安全・2025・近期,持續追蹤
2025LDTS00358,馨生婦產科小兒科診所,慧智基因醫學實驗室,慧智新生兒基因篩檢v3.0,臺北市,產前及新生兒染色體與基因變異檢測,2025,1,safe,安全・2025・近期,持續追蹤
2025LDTS00356,馨生婦產科小兒科診所,慧智基因醫學實驗室,異位性皮膚炎過敏基因檢測-FLG基因,臺北市,產前及新生兒染色體與基因變異檢測,2025,1,safe,安全・2025・近期,持續追蹤
2025LDTS00255,馨生婦產科小兒科診所,創源分生實驗室,腎小管發育不全基因檢測,臺北市,產前及新生兒染色體與基因變異檢測,2025,1,safe,安全・2025・近期,持續追蹤
2025LDTS00747,馨蕙馨醫院,創源分生實驗室,腎小管發育不全基因檢測,臺北市,產前及新生兒染色體與基因變異檢測,2025,1,safe,安全・2025・近期,持續追蹤
2025LDTS01763,馨蕙馨醫院,創源分生實驗室,葉酸代謝基因檢測,臺北市,產前及新生兒染色體與基因變異檢測,2025,1,safe,安全・2025・近期,持續追蹤
2025LDTS01395,馨蕙馨醫院,創源分生實驗室,藥害性聽損基因檢測,臺北市,產前及新生兒染色體與基因變異檢測,2025,1,safe,安全・2025・近期,持續追蹤
2025LDTS01279,馬博榮婦產專科診所,創源分生實驗室,孕知因多疾病帶因篩檢-安心版,臺北市,產前及新生兒染色體與基因變異檢測,2025,1,safe,安全・2025・近期,持續追蹤
2025LDTS00717,馬博榮婦產專科診所,創源分生實驗室,腎小管發育不全基因檢測,臺北市,產前及新生兒染色體與基因變異檢測,2025,1,safe,安全・2025・近期,持續追蹤
2025LDTS01805,高雄市立大同醫院,行動基因臨床分子醫學實驗室,ACTHRD帕癌檢癌症基因檢測,臺北市,癌症篩檢、診斷、治療及預後之基因檢測,2025,1,safe,安全・2025・近期,持續追蹤
2025LDTS01803,高雄市立大同醫院,林口長庚紀念醫院檢驗醫學部,POLE基因檢測,桃園市,癌症篩檢、診斷、治療及預後之基因檢測,2025,1,safe,安全・2025・近期,持續追蹤
2025LDTS00955,高雄市立小港醫院（委託財團法人私立高雄醫學大學經營）,慧智基因醫學實驗室,子宮內膜癌基因分型,臺北市,癌症篩檢、診斷、治療及預後之基因檢測,2025,1,safe,安全・2025・近期,持續追蹤
2025LDTS00951,高雄市立小港醫院（委託財團法人私立高雄醫學大學經營）,慧智基因醫學實驗室,慧智CGP癌症基因檢測,臺北市,癌症篩檢、診斷、治療及預後之基因檢測,2025,1,safe,安全・2025・近期,持續追蹤
2025LDTS00952,高雄市立小港醫院（委託財團法人私立高雄醫學大學經營）,慧智基因醫學實驗室,慧智HRD檢測,臺北市,癌症篩檢、診斷、治療及預後之基因檢測,2025,1,safe,安全・2025・近期,持續追蹤
2025LDTS00945,高雄市立小港醫院（委託財團法人私立高雄醫學大學經營）,慧智基因醫學實驗室,慧智全方位複合式晶片檢測v2.0,臺北市,產前及新生兒染色體與基因變異檢測,2025,1,safe,安全・2025・近期,持續追蹤
2025LDTS00946,高雄市立小港醫院（委託財團法人私立高雄醫學大學經營）,慧智基因醫學實驗室,慧智全方位複合式晶片檢測v3.0,臺北市,產前及新生兒染色體與基因變異檢測,2025,1,safe,安全・2025・近期,持續追蹤
2025LDTS00949,高雄市立小港醫院（委託財團法人私立高雄醫學大學經營）,慧智基因醫學實驗室,慧智帶因篩檢v1.0,臺北市,遺傳代謝與罕見疾病之基因檢測,2025,1,safe,安全・2025・近期,持續追蹤
2025LDTS00948,高雄市立小港醫院（委託財團法人私立高雄醫學大學經營）,慧智基因醫學實驗室,慧智帶因篩檢v2.0,臺北市,遺傳代謝與罕見疾病之基因檢測,2025,1,safe,安全・2025・近期,持續追蹤
2025LDTS00947,高雄市立小港醫院（委託財團法人私立高雄醫學大學經營）,慧智基因醫學實驗室,慧智帶因篩檢v3.0,臺北市,遺傳代謝與罕見疾病之基因檢測,2025,1,safe,安全・2025・近期,持續追蹤
2025LDTS00954,高雄市立小港醫院（委託財團法人私立高雄醫學大學經營）,慧智基因醫學實驗室,慧智癌監控基因檢測-肺癌,臺北市,癌症篩檢、診斷、治療及預後之基因檢測,2025,1,safe,安全・2025・近期,持續追蹤
2025LDTS00953,高雄市立小港醫院（委託財團法人私立高雄醫學大學經營）,慧智基因醫學實驗室,慧智癌風險-BRCA1/2基因檢測,臺北市,癌症篩檢、診斷、治療及預後之基因檢測,2025,1,safe,安全・2025・近期,持續追蹤
2025LDTS02056,高雄市立小港醫院（委託財團法人私立高雄醫學大學經營）,奇美醫療財團法人奇美醫院 精準醫學核心實驗室,肺診斷肺癌基因檢測,臺南市,癌症篩檢、診斷、治療及預後之基因檢測,2025,1,safe,安全・2025・近期,持續追蹤
2025LDTS02055,高雄市立小港醫院（委託財團法人私立高雄醫學大學經營）,金萬林實驗室,血液腫瘤用藥檢測,新北市,癌症篩檢、診斷、治療及預後之基因檢測,2025,1,safe,安全・2025・近期,持續追蹤
2025LDTS00645,高雄榮民總醫院,高雄榮民總醫院病理檢驗部,BRCA1/BRCA2 基因檢測,高雄市,癌症篩檢、診斷、治療及預後之基因檢測,2025,1,safe,安全・2025・近期,持續追蹤
2025LDTS01319,高雄榮民總醫院,國立成功大學基因體醫學中心,FMR1基因分子檢測,臺南市,產前及新生兒染色體與基因變異檢測,2025,1,safe,安全・2025・近期,持續追蹤
2025LDTS02071,高雄榮民總醫院,英緹檢測服務實驗室,PGT-A Pixl胚胎著床前染色體篩檢,新竹縣,產前及新生兒染色體與基因變異檢測,2025,1,safe,安全・2025・近期,持續追蹤
2025LDTS01320,高雄榮民總醫院,國立成功大學基因體醫學中心,PHOX2B基因分子檢測,臺南市,產前及新生兒染色體與基因變異檢測,2025,1,safe,安全・2025・近期,持續追蹤
2025LDTS01321,高雄榮民總醫院,國立成功大學基因體醫學中心,SMN1／SMN2基因分子檢測,臺南市,產前及新生兒染色體與基因變異檢測,2025,1,safe,安全・2025・近期,持續追蹤
2025LDTS02103,高雄榮民總醫院,創源分生實驗室,SNP+胚胎著床前染色體篩檢 SNP added Preimplantation Genetic Testing for Aneuploidies （SNP+ PGT-A）,臺北市,產前及新生兒染色體與基因變異檢測,2025,1,safe,安全・2025・近期,持續追蹤
2025LDTS00796,高雄榮民總醫院,慧智基因醫學實驗室,子宮內膜癌基因分型,臺北市,癌症篩檢、診斷、治療及預後之基因檢測,2025,1,safe,安全・2025・近期,持續追蹤
2025LDTS01322,高雄榮民總醫院,國立成功大學基因體醫學中心,感覺神經性聽損基因檢測,臺南市,產前及新生兒染色體與基因變異檢測,2025,1,safe,安全・2025・近期,持續追蹤
2025LDTS01631,高雄榮民總醫院,慧智基因醫學實驗室,慧智新生兒基因篩檢v1.0,臺北市,產前及新生兒染色體與基因變異檢測,2025,1,safe,安全・2025・近期,持續追蹤
2025LDTS01632,高雄榮民總醫院,慧智基因醫學實驗室,慧智新生兒基因篩檢v2.0,臺北市,產前及新生兒染色體與基因變異檢測,2025,1,safe,安全・2025・近期,持續追蹤
2025LDTS01633,高雄榮民總醫院,慧智基因醫學實驗室,慧智新生兒基因篩檢v3.0,臺北市,產前及新生兒染色體與基因變異檢測,2025,1,safe,安全・2025・近期,持續追蹤
2025LDTS01326,高雄榮民總醫院,國立成功大學基因體醫學中心,胚胎著床前篩檢,臺南市,產前及新生兒染色體與基因變異檢測,2025,1,safe,安全・2025・近期,持續追蹤
2025LDTS00035,高雄榮民總醫院,金萬林實驗室,血液腫瘤用藥檢測,新北市,癌症篩檢、診斷、治療及預後之基因檢測,2025,1,safe,安全・2025・近期,持續追蹤
2025LDTS01327,高雄榮民總醫院,國立成功大學基因體醫學中心,註生（助生）基因檢測,臺南市,產前及新生兒染色體與基因變異檢測,2025,1,safe,安全・2025・近期,持續追蹤
2025LDTS01328,高雄榮民總醫院,國立成功大學基因體醫學中心,隱性遺傳疾病帶因檢測,臺南市,產前及新生兒染色體與基因變異檢測,2025,1,safe,安全・2025・近期,持續追蹤
2025LDTS01323,高雄榮民總醫院,國立成功大學基因體醫學中心,非侵入性產前染色體檢測-NIPT1.0,臺南市,產前及新生兒染色體與基因變異檢測,2025,1,safe,安全・2025・近期,持續追蹤
2025LDTS01324,高雄榮民總醫院,國立成功大學基因體醫學中心,非侵入性產前染色體檢測-NIPT2.0,臺南市,產前及新生兒染色體與基因變異檢測,2025,1,safe,安全・2025・近期,持續追蹤
2025LDTS01325,高雄榮民總醫院,國立成功大學基因體醫學中心,非侵入性產前染色體檢測-NIPT3.0,臺南市,產前及新生兒染色體與基因變異檢測,2025,1,safe,安全・2025・近期,持續追蹤
2025LDTS01329,高雄榮民總醫院,國立成功大學基因體醫學中心,骨發育不全症基因檢測,臺南市,產前及新生兒染色體與基因變異檢測,2025,1,safe,安全・2025・近期,持續追蹤
2025LDTS00681,黃迎凱婦產科診所,創源分生實驗室,腎小管發育不全基因檢測,臺北市,產前及新生兒染色體與基因變異檢測,2025,1,safe,安全・2025・近期,持續追蹤
2025LDTS01614,黃迎凱婦產科診所,創源分生實驗室,葉酸代謝基因檢測,臺北市,產前及新生兒染色體與基因變異檢測,2025,1,safe,安全・2025・近期,持續追蹤
2025LDTS01392,黃迎凱婦產科診所,創源分生實驗室,藥害性聽損基因檢測,臺北市,產前及新生兒染色體與基因變異檢測,2025,1,safe,安全・2025・近期,持續追蹤
2026LDTS00023,國立台灣大學醫學院附設醫院,慧智基因醫學實驗室,胚胎著床前染色體篩檢,臺北市,產前及新生兒染色體與基因變異檢測,2026,0,safe,安全・2026・近期,持續追蹤
2026LDTS00045,婦兒安診所,慧智基因醫學實驗室,慧智全方位複合式晶片檢測v2.0,臺北市,產前及新生兒染色體與基因變異檢測,2026,0,safe,安全・2026・近期,持續追蹤
2026LDTS00046,婦兒安診所,慧智基因醫學實驗室,慧智全方位複合式晶片檢測v3.0,臺北市,產前及新生兒染色體與基因變異檢測,2026,0,safe,安全・2026・近期,持續追蹤
2026LDTS00047,婦兒安診所,慧智基因醫學實驗室,慧智帶因篩檢v1.0,臺北市,遺傳代謝與罕見疾病之基因檢測,2026,0,safe,安全・2026・近期,持續追蹤
2026LDTS00048,婦兒安診所,慧智基因醫學實驗室,慧智帶因篩檢v2.0,臺北市,遺傳代謝與罕見疾病之基因檢測,2026,0,safe,安全・2026・近期,持續追蹤
2026LDTS00049,婦兒安診所,慧智基因醫學實驗室,慧智帶因篩檢v3.0,臺北市,遺傳代謝與罕見疾病之基因檢測,2026,0,safe,安全・2026・近期,持續追蹤
2026LDTS00050,婦兒安診所,慧智基因醫學實驗室,慧智新生兒基因篩檢v1.0,臺北市,產前及新生兒染色體與基因變異檢測,2026,0,safe,安全・2026・近期,持續追蹤
2026LDTS00051,婦兒安診所,慧智基因醫學實驗室,慧智新生兒基因篩檢v2.0,臺北市,產前及新生兒染色體與基因變異檢測,2026,0,safe,安全・2026・近期,持續追蹤
2026LDTS00052,婦兒安診所,慧智基因醫學實驗室,慧智新生兒基因篩檢v3.0,臺北市,產前及新生兒染色體與基因變異檢測,2026,0,safe,安全・2026・近期,持續追蹤
2026LDTS00277,柯助伊婦產科診所,台灣生醫醫事檢驗所,X 染色體脆折症FMR1基因分析,臺北市,產前及新生兒染色體與基因變異檢測,2026,0,safe,安全・2026・近期,持續追蹤
2026LDTS00275,臺灣基督教門諾會醫療財團法人門諾醫院,慧智基因醫學實驗室,慧智HRD檢測,臺北市,癌症篩檢、診斷、治療及預後之基因檢測,2026,0,safe,安全・2026・近期,持續追蹤
2026LDTS00006,衛生福利部彰化醫院,金萬林實驗室,組織BRCA檢測,新北市,癌症篩檢、診斷、治療及預後之基因檢測,2026,0,safe,安全・2026・近期,持續追蹤
2026LDTS00007,衛生福利部彰化醫院,金萬林實驗室,血液腫瘤用藥檢測,新北市,癌症篩檢、診斷、治療及預後之基因檢測,2026,0,safe,安全・2026・近期,持續追蹤
2026LDTS00026,金禾美診所,和平婦產科診所細胞遺傳實驗室,細胞染色體檢查,臺北市,產前及新生兒染色體與基因變異檢測,2026,0,safe,安全・2026・近期,持續追蹤
2026LDTS00061,馨寧好診所,慧智基因醫學實驗室,X染色體脆折症基因檢測-FMR1基因,臺北市,遺傳代謝與罕見疾病之基因檢測,2026,0,safe,安全・2026・近期,持續追蹤
2026LDTS00056,馨寧好診所,慧智基因醫學實驗室,慧智帶因篩檢v1.0,臺北市,遺傳代謝與罕見疾病之基因檢測,2026,0,safe,安全・2026・近期,持續追蹤
2026LDTS00057,馨寧好診所,慧智基因醫學實驗室,慧智帶因篩檢v2.0,臺北市,遺傳代謝與罕見疾病之基因檢測,2026,0,safe,安全・2026・近期,持續追蹤
2026LDTS00058,馨寧好診所,慧智基因醫學實驗室,慧智帶因篩檢v3.0,臺北市,遺傳代謝與罕見疾病之基因檢測,2026,0,safe,安全・2026・近期,持續追蹤
2026LDTS00054,馨寧好診所,慧智基因醫學實驗室,慧智非侵產前染色體篩檢v2.0,臺北市,產前及新生兒染色體與基因變異檢測,2026,0,safe,安全・2026・近期,持續追蹤
2026LDTS00055,馨寧好診所,慧智基因醫學實驗室,慧智非侵產前染色體篩檢v3.0,臺北市,產前及新生兒染色體與基因變異檢測,2026,0,safe,安全・2026・近期,持續追蹤
2026LDTS00060,馨寧好診所,慧智基因醫學實驗室,海洋性貧血基因檢測-HBA、HBB基因,臺北市,遺傳代謝與罕見疾病之基因檢測,2026,0,safe,安全・2026・近期,持續追蹤
2026LDTS00062,馨寧好診所,慧智基因醫學實驗室,脊髓性肌肉萎縮症基因檢測-SMN基因,臺北市,產前及新生兒染色體與基因變異檢測,2026,0,safe,安全・2026・近期,持續追蹤
2026LDTS00059,馨寧好診所,慧智基因醫學實驗室,葉酸代謝基因檢測-MTHFR基因,臺北市,遺傳代謝與罕見疾病之基因檢測,2026,0,safe,安全・2026・近期,持續追蹤
